2024-07-24 19:30:18,593 - INFO - 打开网址: https://myoa.omenow.com/Schedule/MySchedule/
2024-07-24 19:30:21,771 - INFO - 输入用户名和密码
2024-07-24 19:30:21,871 - INFO - 点击登录按钮
2024-07-24 19:30:22,153 - INFO - 检查签出按钮状态
2024-07-24 19:30:32,055 - ERROR - 发生异常: Message: no such window: target window already closed
from unknown error: web view not found
  (Session info: chrome=126.0.6478.183)

2024-07-24 19:30:32,055 - INFO - 关闭浏览器
2024-07-24 19:31:18,355 - INFO - 打开网址: https://myoa.omenow.com/Schedule/MySchedule/
2024-07-24 19:31:20,561 - INFO - 输入用户名和密码
2024-07-24 19:31:20,687 - INFO - 点击登录按钮
2024-07-24 19:31:22,869 - INFO - 检查签出按钮状态
2024-07-24 19:31:22,878 - INFO - 签出按钮当前处于禁用状态，无法点击。
2024-07-24 19:31:22,878 - INFO - 检查签入按钮状态
2024-07-24 19:31:22,886 - INFO - 签入按钮当前处于禁用状态，无法点击。
2024-07-24 19:31:22,886 - INFO - 关闭浏览器
2024-07-24 19:33:44,101 - INFO - 打开网址: https://myoa.omenow.com/Schedule/MySchedule/
2024-07-24 19:33:46,260 - INFO - 输入用户名和密码
2024-07-24 19:33:46,351 - INFO - 点击登录按钮
2024-07-24 19:33:48,437 - INFO - 检查签出按钮状态
2024-07-24 19:33:48,445 - INFO - 签出按钮当前处于禁用状态，无法点击。
2024-07-24 19:33:48,445 - INFO - 检查签入按钮状态
2024-07-24 19:33:48,453 - INFO - 签入按钮当前处于禁用状态，无法点击。
2024-07-24 19:33:48,453 - INFO - 关闭浏览器
2024-07-24 19:35:32,778 - INFO - 打开网址: https://myoa.omenow.com/Schedule/MySchedule/
2024-07-24 19:35:34,423 - INFO - 输入用户名和密码
2024-07-24 19:35:34,518 - INFO - 点击登录按钮
2024-07-24 19:35:36,742 - INFO - 检查签出按钮状态
2024-07-24 19:35:36,754 - INFO - 签出按钮当前处于禁用状态，无法点击。
2024-07-24 19:35:36,754 - INFO - 检查签入按钮状态
2024-07-24 19:35:36,763 - INFO - 签入按钮当前处于禁用状态，无法点击。
2024-07-24 19:35:36,763 - INFO - 关闭浏览器
2024-07-24 19:45:17,845 - INFO - 打开网址: https://myoa.omenow.com/Schedule/MySchedule/
2024-07-24 19:45:19,948 - INFO - 输入用户名和密码
2024-07-24 19:45:20,041 - INFO - 点击登录按钮
2024-07-24 19:45:22,482 - INFO - 检查签出按钮状态
2024-07-24 19:45:22,491 - INFO - 签出按钮当前处于禁用状态，无法点击。
2024-07-24 19:45:42,496 - INFO - 检查签入按钮状态
2024-07-24 19:45:42,514 - INFO - 签入按钮当前处于禁用状态，无法点击。
2024-07-24 19:45:57,871 - INFO - 关闭浏览器
2024-07-24 19:46:56,540 - INFO - 打开网址: https://myoa.omenow.com/Schedule/MySchedule/
2024-07-24 19:46:58,664 - INFO - 输入用户名和密码
2024-07-24 19:46:58,769 - INFO - 点击登录按钮
2024-07-24 19:47:00,938 - INFO - 检查签出按钮状态
2024-07-24 19:47:00,947 - INFO - 签出按钮当前处于禁用状态，无法点击。
2024-07-24 19:47:20,948 - INFO - 检查签入按钮状态
2024-07-24 19:47:20,987 - INFO - 签入按钮当前处于禁用状态，无法点击。
2024-07-24 19:47:46,739 - INFO - 关闭浏览器
2024-07-24 19:48:03,819 - INFO - 打开网址: https://myoa.omenow.com/Schedule/MySchedule/
2024-07-24 19:48:06,305 - INFO - 输入用户名和密码
2024-07-24 19:48:06,402 - INFO - 点击登录按钮
2024-07-24 19:48:08,065 - INFO - 检查签出按钮状态
2024-07-24 19:48:08,074 - INFO - 签出按钮当前处于禁用状态，无法点击。
2024-07-24 19:48:28,080 - INFO - 检查签入按钮状态
2024-07-24 19:48:28,099 - INFO - 签入按钮当前处于禁用状态，无法点击。
2024-07-24 19:48:56,268 - INFO - 关闭浏览器
2024-07-25 07:33:26,999 - INFO - 打开网址: https://myoa.omenow.com/Schedule/MySchedule/
2024-07-25 07:33:52,423 - INFO - 输入用户名和密码
2024-07-25 07:33:52,551 - INFO - 点击登录按钮
2024-07-25 07:34:15,622 - INFO - 打开网址: https://myoa.omenow.com/Schedule/MySchedule/
2024-07-25 07:34:20,060 - INFO - 输入用户名和密码
2024-07-25 07:34:20,170 - INFO - 点击登录按钮
2024-07-25 07:34:37,358 - INFO - 检查签出按钮状态
2024-07-25 07:34:37,391 - INFO - 签出按钮可点击，点击签出按钮
2024-07-25 07:34:37,991 - INFO - 签出弹窗关闭按钮已点击。
2024-07-25 07:35:03,001 - INFO - 检查签入按钮状态
2024-07-25 07:35:03,032 - INFO - 检查签出按钮状态以决定是否点击签入按钮
2024-07-25 07:35:03,048 - INFO - 点击签入按钮
2024-07-25 07:35:08,128 - INFO - 签入弹窗关闭按钮已点击。
2024-07-25 07:35:31,175 - INFO - 关闭浏览器
2024-07-25 09:58:23,540 - INFO - 打开网址: https://myoa.omenow.com/Schedule/MySchedule/
2024-07-25 09:58:32,575 - INFO - 输入用户名和密码
2024-07-25 09:58:32,699 - INFO - 点击登录按钮
2024-07-25 09:58:44,489 - INFO - 关闭浏览器
2024-07-25 09:59:10,724 - INFO - 打开网址: https://myoa.omenow.com/Schedule/MySchedule/
2024-07-25 09:59:15,791 - INFO - 输入用户名和密码
2024-07-25 09:59:15,898 - INFO - 点击登录按钮
2024-07-25 09:59:39,357 - INFO - 检查签出按钮状态
2024-07-25 09:59:39,376 - INFO - 签出按钮当前处于禁用状态，无法点击。
2024-07-25 09:59:59,382 - INFO - 检查签入按钮状态
2024-07-25 09:59:59,415 - INFO - 签入按钮当前处于禁用状态，无法点击。
2024-07-25 10:00:14,976 - INFO - 关闭浏览器
2024-07-25 11:38:16,268 - INFO - 打开网址: https://myoa.omenow.com/Schedule/MySchedule/
2024-07-25 11:38:19,783 - INFO - 输入用户名和密码
2024-07-25 11:38:19,863 - INFO - 点击登录按钮
2024-07-25 11:38:41,515 - INFO - 检查签出按钮状态
2024-07-25 11:38:41,566 - INFO - 签出 按钮已点击。
2024-07-25 11:38:46,684 - INFO - 签出 弹窗关闭按钮已点击。
2024-07-25 11:39:11,833 - INFO - 检查签入按钮状态
2024-07-25 11:39:11,849 - INFO - 检查签出按钮状态以决定是否点击签入按钮
2024-07-25 11:39:11,898 - INFO - 签入 按钮已点击。
2024-07-25 11:39:17,003 - INFO - 签入 弹窗关闭按钮已点击。
2024-07-25 11:39:27,034 - INFO - 关闭浏览器
2024-07-26 07:28:11,106 - INFO - 打开网址: https://myoa.omenow.com/Schedule/MySchedule/
2024-07-26 07:28:15,827 - INFO - 输入用户名和密码
2024-07-26 07:28:15,911 - INFO - 点击登录按钮
2024-07-26 07:28:38,299 - INFO - 检查签出按钮状态
2024-07-26 07:28:38,365 - INFO - 签出 按钮已点击。
2024-07-26 07:28:43,486 - INFO - 签出 弹窗关闭按钮已点击。
2024-07-26 07:29:08,542 - INFO - 检查签入按钮状态
2024-07-26 07:29:08,560 - INFO - 检查签出按钮状态以决定是否点击签入按钮
2024-07-26 07:29:09,700 - ERROR - 点击 签入 按钮时出现异常: Message: element click intercepted: Element <button type="button" class="btn btn-danger" id="btnCheckIn" style="width: 80px;">...</button> is not clickable at point (738, 363). Other element would receive the click: <div data-id="90af4b3e-3f05-4e71-890d-0ad5cba1e64e" id="happy-score-box" reply-content="謝謝，數據已保存。" style="background-color: white; border-radius: 10px; margin: 5px 0px; box-sizing: border-box; padding: 10px 20px; min-width: 340px;">...</div>
  (Session info: chrome=126.0.6478.183)

2024-07-26 07:29:19,769 - INFO - 关闭浏览器
2024-07-26 11:38:10,782 - INFO - 打开网址: https://myoa.omenow.com/Schedule/MySchedule/
2024-07-26 11:38:15,659 - INFO - 输入用户名和密码
2024-07-26 11:38:15,768 - INFO - 点击登录按钮
2024-07-26 11:38:38,224 - INFO - 检查签出按钮状态
2024-07-26 11:38:38,275 - INFO - 签出 按钮已点击。
2024-07-26 11:38:43,357 - INFO - 签出 弹窗关闭按钮已点击。
2024-07-26 11:39:08,624 - INFO - 检查签入按钮状态
2024-07-26 11:39:08,639 - INFO - 检查签出按钮状态以决定是否点击签入按钮
2024-07-26 11:39:08,687 - INFO - 签入 按钮已点击。
2024-07-26 11:39:13,739 - INFO - 签入 弹窗关闭按钮已点击。
2024-07-26 11:39:23,846 - INFO - 关闭浏览器
2024-07-27 07:28:05,699 - INFO - 打开网址: https://myoa.omenow.com/Schedule/MySchedule/
2024-07-27 07:28:06,876 - INFO - 输入用户名和密码
2024-07-27 07:28:07,015 - INFO - 点击登录按钮
2024-07-27 07:28:27,165 - INFO - 检查签出按钮状态
2024-07-27 07:28:27,215 - INFO - 签出 按钮已点击。
2024-07-27 07:28:32,270 - INFO - 签出 弹窗关闭按钮已点击。
2024-07-27 07:28:57,441 - INFO - 检查签入按钮状态
2024-07-27 07:28:57,455 - INFO - 检查签出按钮状态以决定是否点击签入按钮
2024-07-27 07:28:57,504 - INFO - 签入 按钮已点击。
2024-07-27 07:29:02,693 - INFO - 签入 弹窗关闭按钮已点击。
2024-07-27 07:29:12,720 - INFO - 关闭浏览器
2024-07-27 11:38:05,355 - INFO - 打开网址: https://myoa.omenow.com/Schedule/MySchedule/
2024-07-27 11:38:07,784 - INFO - 输入用户名和密码
2024-07-27 11:38:07,912 - INFO - 点击登录按钮
2024-07-27 11:38:28,402 - INFO - 检查签出按钮状态
2024-07-27 11:38:28,453 - INFO - 签出 按钮已点击。
2024-07-27 11:38:33,510 - INFO - 签出 弹窗关闭按钮已点击。
2024-07-27 11:38:58,563 - INFO - 检查签入按钮状态
2024-07-27 11:38:58,579 - INFO - 检查签出按钮状态以决定是否点击签入按钮
2024-07-27 11:38:58,628 - INFO - 签入 按钮已点击。
2024-07-27 11:39:03,703 - INFO - 签入 弹窗关闭按钮已点击。
2024-07-27 11:39:13,747 - INFO - 关闭浏览器
2024-07-29 07:28:05,620 - INFO - 打开网址: https://myoa.omenow.com/Schedule/MySchedule/
2024-07-29 07:28:24,333 - INFO - 输入用户名和密码
2024-07-29 07:28:24,463 - INFO - 点击登录按钮
2024-07-29 07:28:44,855 - INFO - 检查签出按钮状态
2024-07-29 07:28:45,499 - INFO - 签出 按钮已点击。
2024-07-29 07:28:50,561 - INFO - 签出 弹窗关闭按钮已点击。
2024-07-29 07:29:15,704 - INFO - 检查签入按钮状态
2024-07-29 07:29:15,719 - INFO - 检查签出按钮状态以决定是否点击签入按钮
2024-07-29 07:29:15,771 - INFO - 签入 按钮已点击。
2024-07-29 07:29:20,841 - INFO - 签入 弹窗关闭按钮已点击。
2024-07-29 07:29:30,846 - INFO - 关闭浏览器
2024-07-29 11:38:05,475 - INFO - 打开网址: https://myoa.omenow.com/Schedule/MySchedule/
2024-07-29 11:38:08,039 - INFO - 输入用户名和密码
2024-07-29 11:38:08,156 - INFO - 点击登录按钮
2024-07-29 11:38:31,504 - INFO - 检查签出按钮状态
2024-07-29 11:38:31,557 - INFO - 签出 按钮已点击。
2024-07-29 11:38:36,615 - INFO - 签出 弹窗关闭按钮已点击。
2024-07-29 11:39:01,678 - INFO - 检查签入按钮状态
2024-07-29 11:39:01,694 - INFO - 检查签出按钮状态以决定是否点击签入按钮
2024-07-29 11:39:01,745 - INFO - 签入 按钮已点击。
2024-07-29 11:39:06,854 - INFO - 签入 弹窗关闭按钮已点击。
2024-07-29 11:39:16,863 - INFO - 关闭浏览器
2024-07-30 07:28:10,831 - INFO - 打开网址: https://myoa.omenow.com/Schedule/MySchedule/
2024-07-30 07:28:14,114 - INFO - 输入用户名和密码
2024-07-30 07:28:14,239 - INFO - 点击登录按钮
2024-07-30 07:28:35,691 - INFO - 检查签出按钮状态
2024-07-30 07:28:35,742 - INFO - 签出 按钮已点击。
2024-07-30 07:28:40,792 - INFO - 签出 弹窗关闭按钮已点击。
2024-07-30 07:29:05,921 - INFO - 检查签入按钮状态
2024-07-30 07:29:05,936 - INFO - 检查签出按钮状态以决定是否点击签入按钮
2024-07-30 07:29:05,986 - INFO - 签入 按钮已点击。
2024-07-30 07:29:11,028 - INFO - 签入 弹窗关闭按钮已点击。
2024-07-30 07:29:21,070 - INFO - 关闭浏览器
2024-07-30 11:38:05,124 - INFO - 打开网址: https://myoa.omenow.com/Schedule/MySchedule/
2024-07-30 11:38:07,394 - INFO - 输入用户名和密码
2024-07-30 11:38:07,487 - INFO - 点击登录按钮
2024-07-30 11:38:29,917 - INFO - 检查签出按钮状态
2024-07-30 11:38:29,971 - INFO - 签出 按钮已点击。
2024-07-30 11:38:35,094 - INFO - 签出 弹窗关闭按钮已点击。
2024-07-30 11:39:00,196 - INFO - 检查签入按钮状态
2024-07-30 11:39:00,211 - INFO - 检查签出按钮状态以决定是否点击签入按钮
2024-07-30 11:39:00,260 - INFO - 签入 按钮已点击。
2024-07-30 11:39:05,374 - INFO - 签入 弹窗关闭按钮已点击。
2024-07-30 11:39:15,417 - INFO - 关闭浏览器
2024-07-31 07:28:11,613 - INFO - 打开网址: https://myoa.omenow.com/Schedule/MySchedule/
2024-07-31 07:28:13,970 - INFO - 输入用户名和密码
2024-07-31 07:28:14,080 - INFO - 点击登录按钮
2024-07-31 07:28:36,303 - INFO - 检查签出按钮状态
2024-07-31 07:28:36,354 - INFO - 签出 按钮已点击。
2024-07-31 07:28:41,416 - INFO - 签出 弹窗关闭按钮已点击。
2024-07-31 07:29:06,497 - INFO - 检查签入按钮状态
2024-07-31 07:29:06,512 - INFO - 检查签出按钮状态以决定是否点击签入按钮
2024-07-31 07:29:06,561 - INFO - 签入 按钮已点击。
2024-07-31 07:29:11,640 - INFO - 签入 弹窗关闭按钮已点击。
2024-07-31 07:29:21,713 - INFO - 关闭浏览器
2024-07-31 11:38:10,090 - INFO - 打开网址: https://myoa.omenow.com/Schedule/MySchedule/
2024-07-31 11:38:11,117 - INFO - 输入用户名和密码
2024-07-31 11:38:11,234 - INFO - 点击登录按钮
2024-07-31 11:38:31,450 - INFO - 检查签出按钮状态
2024-07-31 11:38:31,500 - INFO - 签出 按钮已点击。
2024-07-31 11:38:36,589 - INFO - 签出 弹窗关闭按钮已点击。
2024-07-31 11:39:01,661 - INFO - 检查签入按钮状态
2024-07-31 11:39:01,675 - INFO - 检查签出按钮状态以决定是否点击签入按钮
2024-07-31 11:39:01,735 - INFO - 签入 按钮已点击。
2024-07-31 11:39:06,811 - INFO - 签入 弹窗关闭按钮已点击。
2024-07-31 11:39:16,816 - INFO - 关闭浏览器
2024-08-01 07:28:10,559 - INFO - 打开网址: https://myoa.omenow.com/Schedule/MySchedule/
2024-08-01 07:28:12,263 - INFO - 输入用户名和密码
2024-08-01 07:28:12,381 - INFO - 点击登录按钮
2024-08-01 07:28:32,557 - INFO - 检查签出按钮状态
2024-08-01 07:28:32,611 - INFO - 签出 按钮已点击。
2024-08-01 07:28:37,708 - INFO - 签出 弹窗关闭按钮已点击。
2024-08-01 07:29:02,786 - INFO - 检查签入按钮状态
2024-08-01 07:29:02,803 - INFO - 检查签出按钮状态以决定是否点击签入按钮
2024-08-01 07:29:02,853 - INFO - 签入 按钮已点击。
2024-08-01 07:29:07,965 - INFO - 签入 弹窗关闭按钮已点击。
2024-08-01 07:29:18,026 - INFO - 关闭浏览器
2024-08-01 11:38:10,020 - INFO - 打开网址: https://myoa.omenow.com/Schedule/MySchedule/
2024-08-01 11:38:11,183 - INFO - 输入用户名和密码
2024-08-01 11:38:11,318 - INFO - 点击登录按钮
2024-08-01 11:38:31,617 - INFO - 检查签出按钮状态
2024-08-01 11:38:31,670 - INFO - 签出 按钮已点击。
2024-08-01 11:38:36,719 - INFO - 签出 弹窗关闭按钮已点击。
2024-08-01 11:39:01,782 - INFO - 检查签入按钮状态
2024-08-01 11:39:01,796 - INFO - 检查签出按钮状态以决定是否点击签入按钮
2024-08-01 11:39:01,847 - INFO - 签入 按钮已点击。
2024-08-01 11:39:06,937 - INFO - 签入 弹窗关闭按钮已点击。
2024-08-01 11:39:16,956 - INFO - 关闭浏览器
2024-08-02 07:28:10,124 - INFO - 打开网址: https://myoa.omenow.com/Schedule/MySchedule/
2024-08-02 07:28:11,319 - INFO - 输入用户名和密码
2024-08-02 07:28:11,428 - INFO - 点击登录按钮
2024-08-02 07:28:32,634 - INFO - 检查签出按钮状态
2024-08-02 07:28:32,683 - INFO - 签出 按钮已点击。
2024-08-02 07:28:37,770 - INFO - 签出 弹窗关闭按钮已点击。
2024-08-02 07:29:02,868 - INFO - 检查签入按钮状态
2024-08-02 07:29:02,883 - INFO - 检查签出按钮状态以决定是否点击签入按钮
2024-08-02 07:29:02,931 - INFO - 签入 按钮已点击。
2024-08-02 07:29:07,971 - INFO - 签入 弹窗关闭按钮已点击。
2024-08-02 07:29:17,991 - INFO - 关闭浏览器
2024-08-02 11:38:10,959 - INFO - 打开网址: https://myoa.omenow.com/Schedule/MySchedule/
2024-08-02 11:38:12,623 - INFO - 输入用户名和密码
2024-08-02 11:38:12,731 - INFO - 点击登录按钮
2024-08-02 11:38:32,943 - INFO - 检查签出按钮状态
2024-08-02 11:38:33,025 - INFO - 签出 按钮已点击。
2024-08-02 11:38:38,081 - INFO - 签出 弹窗关闭按钮已点击。
2024-08-02 11:39:03,128 - INFO - 检查签入按钮状态
2024-08-02 11:39:03,144 - INFO - 检查签出按钮状态以决定是否点击签入按钮
2024-08-02 11:39:03,194 - INFO - 签入 按钮已点击。
2024-08-02 11:39:08,240 - INFO - 签入 弹窗关闭按钮已点击。
2024-08-02 11:39:18,274 - INFO - 关闭浏览器
2024-08-03 07:28:14,508 - INFO - 打开网址: https://myoa.omenow.com/Schedule/MySchedule/
2024-08-03 07:28:25,572 - INFO - 输入用户名和密码
2024-08-03 07:28:25,660 - INFO - 点击登录按钮
2024-08-03 07:44:20,609 - INFO - 检查签出按钮状态
2024-08-03 07:44:20,656 - INFO - 签出 按钮已点击。
2024-08-03 07:44:36,115 - ERROR - 处理 签出 弹出窗口时出现异常: Message: 

2024-08-03 07:45:01,134 - INFO - 检查签入按钮状态
2024-08-03 07:45:01,148 - INFO - 检查签出按钮状态以决定是否点击签入按钮
2024-08-03 07:45:02,223 - ERROR - 点击 签入 按钮时出现异常: Message: element click intercepted: Element <button type="button" class="btn btn-danger" id="btnCheckIn" style="width: 80px;">...</button> is not clickable at point (738, 3). Other element would receive the click: <div class="k-overlay" style="display: block; z-index: 10002; opacity: 0.5;"></div>
  (Session info: chrome=127.0.6533.89)

2024-08-03 07:58:44,583 - INFO - 关闭浏览器
2024-08-05 07:28:04,953 - INFO - 打开网址: https://myoa.omenow.com/Schedule/MySchedule/
2024-08-05 07:28:07,367 - INFO - 输入用户名和密码
2024-08-05 07:28:07,455 - INFO - 点击登录按钮
2024-08-05 07:28:27,683 - INFO - 检查签出按钮状态
2024-08-05 07:28:27,737 - INFO - 签出 按钮已点击。
2024-08-05 07:28:32,788 - INFO - 签出 弹窗关闭按钮已点击。
2024-08-05 07:28:57,881 - INFO - 检查签入按钮状态
2024-08-05 07:28:57,897 - INFO - 检查签出按钮状态以决定是否点击签入按钮
2024-08-05 07:28:57,946 - INFO - 签入 按钮已点击。
2024-08-05 07:29:03,040 - INFO - 签入 弹窗关闭按钮已点击。
2024-08-05 07:29:13,051 - INFO - 关闭浏览器
2024-08-05 11:38:03,343 - INFO - 打开网址: https://myoa.omenow.com/Schedule/MySchedule/
2024-08-05 11:38:05,497 - INFO - 输入用户名和密码
2024-08-05 11:38:05,658 - INFO - 点击登录按钮
2024-08-05 11:38:27,638 - INFO - 检查签出按钮状态
2024-08-05 11:38:27,709 - INFO - 签出 按钮已点击。
2024-08-05 11:38:32,791 - INFO - 签出 弹窗关闭按钮已点击。
2024-08-05 11:38:57,838 - INFO - 检查签入按钮状态
2024-08-05 11:38:57,854 - INFO - 检查签出按钮状态以决定是否点击签入按钮
2024-08-05 11:38:57,902 - INFO - 签入 按钮已点击。
2024-08-05 11:39:02,959 - INFO - 签入 弹窗关闭按钮已点击。
2024-08-05 11:39:12,962 - INFO - 关闭浏览器
2024-08-06 07:28:04,106 - INFO - 打开网址: https://myoa.omenow.com/Schedule/MySchedule/
2024-08-06 07:28:05,217 - INFO - 输入用户名和密码
2024-08-06 07:28:05,344 - INFO - 点击登录按钮
2024-08-06 07:28:25,506 - INFO - 检查签出按钮状态
2024-08-06 07:28:25,556 - INFO - 签出 按钮已点击。
2024-08-06 07:28:30,673 - INFO - 签出 弹窗关闭按钮已点击。
2024-08-06 07:28:55,751 - INFO - 检查签入按钮状态
2024-08-06 07:28:55,766 - INFO - 检查签出按钮状态以决定是否点击签入按钮
2024-08-06 07:28:55,815 - INFO - 签入 按钮已点击。
2024-08-06 07:29:00,914 - INFO - 签入 弹窗关闭按钮已点击。
2024-08-06 07:29:10,952 - INFO - 关闭浏览器
2024-08-06 11:38:03,849 - INFO - 打开网址: https://myoa.omenow.com/Schedule/MySchedule/
2024-08-06 11:38:04,959 - INFO - 输入用户名和密码
2024-08-06 11:38:05,079 - INFO - 点击登录按钮
2024-08-06 11:38:25,233 - INFO - 检查签出按钮状态
2024-08-06 11:38:25,285 - INFO - 签出 按钮已点击。
2024-08-06 11:38:30,405 - INFO - 签出 弹窗关闭按钮已点击。
2024-08-06 11:38:55,515 - INFO - 检查签入按钮状态
2024-08-06 11:38:55,530 - INFO - 检查签出按钮状态以决定是否点击签入按钮
2024-08-06 11:38:55,570 - INFO - 签入 按钮已点击。
2024-08-06 11:39:00,683 - INFO - 签入 弹窗关闭按钮已点击。
2024-08-06 11:39:10,684 - INFO - 关闭浏览器
2024-08-07 07:28:04,446 - INFO - 打开网址: https://myoa.omenow.com/Schedule/MySchedule/
2024-08-07 07:28:08,347 - INFO - 输入用户名和密码
2024-08-07 07:28:08,471 - INFO - 点击登录按钮
2024-08-07 07:28:32,375 - INFO - 检查签出按钮状态
2024-08-07 07:28:32,425 - INFO - 签出 按钮已点击。
2024-08-07 07:28:37,533 - INFO - 签出 弹窗关闭按钮已点击。
2024-08-07 07:29:02,598 - INFO - 检查签入按钮状态
2024-08-07 07:29:02,614 - INFO - 检查签出按钮状态以决定是否点击签入按钮
2024-08-07 07:29:02,663 - INFO - 签入 按钮已点击。
2024-08-07 07:29:07,744 - INFO - 签入 弹窗关闭按钮已点击。
2024-08-07 07:29:17,783 - INFO - 关闭浏览器
2024-08-07 11:38:04,352 - INFO - 打开网址: https://myoa.omenow.com/Schedule/MySchedule/
2024-08-07 11:38:05,193 - INFO - 输入用户名和密码
2024-08-07 11:38:05,342 - INFO - 点击登录按钮
2024-08-07 11:38:25,516 - INFO - 检查签出按钮状态
2024-08-07 11:38:25,570 - INFO - 签出 按钮已点击。
2024-08-07 11:38:30,690 - INFO - 签出 弹窗关闭按钮已点击。
2024-08-07 11:38:55,734 - INFO - 检查签入按钮状态
2024-08-07 11:38:55,751 - INFO - 检查签出按钮状态以决定是否点击签入按钮
2024-08-07 11:38:55,803 - INFO - 签入 按钮已点击。
2024-08-07 11:39:00,845 - INFO - 签入 弹窗关闭按钮已点击。
2024-08-07 11:39:10,867 - INFO - 关闭浏览器
2024-08-08 07:28:12,597 - INFO - 打开网址: https://myoa.omenow.com/Schedule/MySchedule/
2024-08-08 07:28:13,641 - INFO - 输入用户名和密码
2024-08-08 07:28:13,740 - INFO - 点击登录按钮
2024-08-08 07:28:33,886 - INFO - 检查签出按钮状态
2024-08-08 07:28:33,936 - INFO - 签出 按钮已点击。
2024-08-08 07:28:38,983 - INFO - 签出 弹窗关闭按钮已点击。
2024-08-08 07:29:04,104 - INFO - 检查签入按钮状态
2024-08-08 07:29:04,118 - INFO - 检查签出按钮状态以决定是否点击签入按钮
2024-08-08 07:29:04,165 - INFO - 签入 按钮已点击。
2024-08-08 07:29:09,244 - INFO - 签入 弹窗关闭按钮已点击。
2024-08-08 07:29:19,253 - INFO - 关闭浏览器
2024-08-08 11:38:13,611 - INFO - 打开网址: https://myoa.omenow.com/Schedule/MySchedule/
2024-08-08 11:38:14,160 - INFO - 输入用户名和密码
2024-08-08 11:38:14,300 - INFO - 点击登录按钮
2024-08-08 11:38:34,437 - INFO - 检查签出按钮状态
2024-08-08 11:38:34,486 - INFO - 签出 按钮已点击。
2024-08-08 11:38:39,540 - INFO - 签出 弹窗关闭按钮已点击。
2024-08-08 11:39:04,668 - INFO - 检查签入按钮状态
2024-08-08 11:39:04,685 - INFO - 检查签出按钮状态以决定是否点击签入按钮
2024-08-08 11:39:04,735 - INFO - 签入 按钮已点击。
2024-08-08 11:39:09,825 - INFO - 签入 弹窗关闭按钮已点击。
2024-08-08 11:39:19,860 - INFO - 关闭浏览器
2024-08-09 07:28:08,651 - INFO - 打开网址: https://myoa.omenow.com/Schedule/MySchedule/
2024-08-09 07:28:09,737 - INFO - 输入用户名和密码
2024-08-09 07:28:09,847 - INFO - 点击登录按钮
2024-08-09 07:28:29,996 - INFO - 检查签出按钮状态
2024-08-09 07:28:30,046 - INFO - 签出 按钮已点击。
2024-08-09 07:28:35,108 - INFO - 签出 弹窗关闭按钮已点击。
2024-08-09 07:29:00,112 - INFO - 检查签入按钮状态
2024-08-09 07:29:00,127 - INFO - 检查签出按钮状态以决定是否点击签入按钮
2024-08-09 07:29:00,167 - INFO - 签入 按钮已点击。
2024-08-09 07:29:05,246 - INFO - 签入 弹窗关闭按钮已点击。
2024-08-09 07:29:15,253 - INFO - 关闭浏览器
2024-08-09 11:38:08,058 - INFO - 打开网址: https://myoa.omenow.com/Schedule/MySchedule/
2024-08-09 11:38:09,177 - INFO - 输入用户名和密码
2024-08-09 11:38:09,297 - INFO - 点击登录按钮
2024-08-09 11:38:29,552 - INFO - 检查签出按钮状态
2024-08-09 11:38:29,604 - INFO - 签出 按钮已点击。
2024-08-09 11:38:34,684 - INFO - 签出 弹窗关闭按钮已点击。
2024-08-09 11:38:59,789 - INFO - 检查签入按钮状态
2024-08-09 11:38:59,804 - INFO - 检查签出按钮状态以决定是否点击签入按钮
2024-08-09 11:38:59,851 - INFO - 签入 按钮已点击。
2024-08-09 11:39:04,950 - INFO - 签入 弹窗关闭按钮已点击。
2024-08-09 11:39:14,981 - INFO - 关闭浏览器
2024-08-12 07:28:10,813 - INFO - 打开网址: https://myoa.omenow.com/Schedule/MySchedule/
2024-08-12 07:28:11,867 - INFO - 输入用户名和密码
2024-08-12 07:28:11,975 - INFO - 点击登录按钮
2024-08-12 07:28:32,201 - INFO - 检查签出按钮状态
2024-08-12 07:28:32,251 - INFO - 签出 按钮已点击。
2024-08-12 07:28:37,294 - INFO - 签出 弹窗关闭按钮已点击。
2024-08-12 07:29:02,329 - INFO - 检查签入按钮状态
2024-08-12 07:29:02,345 - INFO - 检查签出按钮状态以决定是否点击签入按钮
2024-08-12 07:29:02,392 - INFO - 签入 按钮已点击。
2024-08-12 07:29:07,479 - INFO - 签入 弹窗关闭按钮已点击。
2024-08-12 07:29:17,484 - INFO - 关闭浏览器
2024-08-12 11:38:07,989 - INFO - 打开网址: https://myoa.omenow.com/Schedule/MySchedule/
2024-08-12 11:38:21,106 - INFO - 输入用户名和密码
2024-08-12 11:38:21,190 - INFO - 点击登录按钮
2024-08-12 11:38:44,439 - INFO - 检查签出按钮状态
2024-08-12 11:38:44,489 - INFO - 签出 按钮已点击。
2024-08-12 11:38:49,549 - INFO - 签出 弹窗关闭按钮已点击。
2024-08-12 11:39:14,621 - INFO - 检查签入按钮状态
2024-08-12 11:39:14,636 - INFO - 检查签出按钮状态以决定是否点击签入按钮
2024-08-12 11:39:14,686 - INFO - 签入 按钮已点击。
2024-08-12 11:39:19,763 - INFO - 签入 弹窗关闭按钮已点击。
2024-08-12 11:39:29,838 - INFO - 关闭浏览器
2024-08-13 15:37:40,331 - INFO - 打开网址: https://myoa.omenow.com/Schedule/MySchedule/
2024-08-13 15:37:42,426 - INFO - 输入用户名和密码
2024-08-13 15:37:42,516 - INFO - 点击登录按钮
2024-08-13 15:38:03,083 - INFO - 检查签出按钮状态
2024-08-13 15:38:03,085 - ERROR - 发生异常: Message: no such window: target window already closed
from unknown error: web view not found
  (Session info: chrome=127.0.6533.100)

2024-08-13 15:38:03,085 - INFO - 关闭浏览器
2024-08-14 07:28:11,025 - INFO - 打开网址: https://myoa.omenow.com/Schedule/MySchedule/
2024-08-14 07:28:13,078 - INFO - 输入用户名和密码
2024-08-14 07:28:13,220 - INFO - 点击登录按钮
2024-08-14 07:28:35,469 - INFO - 检查签出按钮状态
2024-08-14 07:28:35,523 - INFO - 签出 按钮已点击。
2024-08-14 07:28:40,595 - INFO - 签出 弹窗关闭按钮已点击。
2024-08-14 07:29:05,624 - INFO - 检查签入按钮状态
2024-08-14 07:29:05,639 - INFO - 检查签出按钮状态以决定是否点击签入按钮
2024-08-14 07:29:05,690 - INFO - 签入 按钮已点击。
2024-08-14 07:29:10,734 - INFO - 签入 弹窗关闭按钮已点击。
2024-08-14 07:29:20,806 - INFO - 关闭浏览器
2024-08-14 11:38:14,408 - INFO - 打开网址: https://myoa.omenow.com/Schedule/MySchedule/
2024-08-14 11:38:19,760 - INFO - 输入用户名和密码
2024-08-14 11:38:19,880 - INFO - 点击登录按钮
2024-08-14 11:38:43,787 - INFO - 检查签出按钮状态
2024-08-14 11:38:43,840 - INFO - 签出 按钮已点击。
2024-08-14 11:38:48,922 - INFO - 签出 弹窗关闭按钮已点击。
2024-08-14 11:39:13,954 - INFO - 检查签入按钮状态
2024-08-14 11:39:13,969 - INFO - 检查签出按钮状态以决定是否点击签入按钮
2024-08-14 11:39:14,020 - INFO - 签入 按钮已点击。
2024-08-14 11:39:19,138 - INFO - 签入 弹窗关闭按钮已点击。
2024-08-14 11:39:29,202 - INFO - 关闭浏览器
2024-08-15 07:28:12,704 - INFO - 打开网址: https://myoa.omenow.com/Schedule/MySchedule/
2024-08-15 07:28:14,487 - INFO - 输入用户名和密码
2024-08-15 07:28:14,565 - INFO - 点击登录按钮
2024-08-15 07:28:34,712 - INFO - 检查签出按钮状态
2024-08-15 07:28:34,783 - INFO - 签出 按钮已点击。
2024-08-15 07:28:39,891 - INFO - 签出 弹窗关闭按钮已点击。
2024-08-15 07:29:05,030 - INFO - 检查签入按钮状态
2024-08-15 07:29:05,045 - INFO - 检查签出按钮状态以决定是否点击签入按钮
2024-08-15 07:29:05,092 - INFO - 签入 按钮已点击。
2024-08-15 07:29:10,147 - INFO - 签入 弹窗关闭按钮已点击。
2024-08-15 07:29:20,148 - INFO - 关闭浏览器
2024-08-15 11:38:10,640 - INFO - 打开网址: https://myoa.omenow.com/Schedule/MySchedule/
2024-08-15 11:38:11,694 - INFO - 输入用户名和密码
2024-08-15 11:38:11,807 - INFO - 点击登录按钮
2024-08-15 11:38:31,945 - INFO - 检查签出按钮状态
2024-08-15 11:38:31,998 - INFO - 签出 按钮已点击。
2024-08-15 11:38:37,107 - INFO - 签出 弹窗关闭按钮已点击。
2024-08-15 11:39:02,117 - INFO - 检查签入按钮状态
2024-08-15 11:39:02,132 - INFO - 检查签出按钮状态以决定是否点击签入按钮
2024-08-15 11:39:02,180 - INFO - 签入 按钮已点击。
2024-08-15 11:39:07,247 - INFO - 签入 弹窗关闭按钮已点击。
2024-08-15 11:39:17,280 - INFO - 关闭浏览器
2024-08-16 07:28:09,563 - INFO - 打开网址: https://myoa.omenow.com/Schedule/MySchedule/
2024-08-16 07:28:15,541 - INFO - 输入用户名和密码
2024-08-16 07:28:15,663 - INFO - 点击登录按钮
2024-08-16 07:28:38,304 - INFO - 检查签出按钮状态
2024-08-16 07:28:38,354 - INFO - 签出 按钮已点击。
2024-08-16 07:28:43,412 - INFO - 签出 弹窗关闭按钮已点击。
2024-08-16 07:29:08,492 - INFO - 检查签入按钮状态
2024-08-16 07:29:08,506 - INFO - 检查签出按钮状态以决定是否点击签入按钮
2024-08-16 07:29:08,553 - INFO - 签入 按钮已点击。
2024-08-16 07:29:13,647 - INFO - 签入 弹窗关闭按钮已点击。
2024-08-16 07:29:23,688 - INFO - 关闭浏览器
2024-08-16 11:38:12,690 - INFO - 打开网址: https://myoa.omenow.com/Schedule/MySchedule/
2024-08-16 11:38:18,785 - INFO - 输入用户名和密码
2024-08-16 11:38:18,913 - INFO - 点击登录按钮
2024-08-16 11:38:41,737 - INFO - 检查签出按钮状态
2024-08-16 11:38:41,786 - INFO - 签出 按钮已点击。
2024-08-16 11:38:46,907 - INFO - 签出 弹窗关闭按钮已点击。
2024-08-16 11:39:12,009 - INFO - 检查签入按钮状态
2024-08-16 11:39:12,025 - INFO - 检查签出按钮状态以决定是否点击签入按钮
2024-08-16 11:39:12,074 - INFO - 签入 按钮已点击。
2024-08-16 11:39:17,127 - INFO - 签入 弹窗关闭按钮已点击。
2024-08-16 11:39:27,192 - INFO - 关闭浏览器
2024-08-19 07:28:06,497 - INFO - 打开网址: https://myoa.omenow.com/Schedule/MySchedule/
2024-08-19 07:28:10,719 - INFO - 输入用户名和密码
2024-08-19 07:28:10,816 - INFO - 点击登录按钮
2024-08-19 07:28:34,894 - INFO - 检查签出按钮状态
2024-08-19 07:28:34,966 - INFO - 签出 按钮已点击。
2024-08-19 07:28:40,024 - INFO - 签出 弹窗关闭按钮已点击。
2024-08-19 07:29:05,131 - INFO - 检查签入按钮状态
2024-08-19 07:29:05,145 - INFO - 检查签出按钮状态以决定是否点击签入按钮
2024-08-19 07:29:05,195 - INFO - 签入 按钮已点击。
2024-08-19 07:29:10,291 - INFO - 签入 弹窗关闭按钮已点击。
2024-08-19 07:29:20,347 - INFO - 关闭浏览器
2024-08-19 11:38:07,686 - INFO - 打开网址: https://myoa.omenow.com/Schedule/MySchedule/
2024-08-19 11:38:12,808 - INFO - 输入用户名和密码
2024-08-19 11:38:12,901 - INFO - 点击登录按钮
2024-08-19 11:38:35,499 - INFO - 检查签出按钮状态
2024-08-19 11:38:35,550 - INFO - 签出 按钮已点击。
2024-08-19 11:38:40,641 - INFO - 签出 弹窗关闭按钮已点击。
2024-08-19 11:39:05,742 - INFO - 检查签入按钮状态
2024-08-19 11:39:05,759 - INFO - 检查签出按钮状态以决定是否点击签入按钮
2024-08-19 11:39:05,808 - INFO - 签入 按钮已点击。
2024-08-19 11:39:10,904 - INFO - 签入 弹窗关闭按钮已点击。
2024-08-19 11:39:20,979 - INFO - 关闭浏览器
2024-08-20 07:28:09,029 - INFO - 打开网址: https://myoa.omenow.com/Schedule/MySchedule/
2024-08-20 07:28:15,831 - INFO - 输入用户名和密码
2024-08-20 07:28:15,929 - INFO - 点击登录按钮
2024-08-20 07:28:40,566 - INFO - 检查签出按钮状态
2024-08-20 07:28:40,633 - INFO - 签出 按钮已点击。
2024-08-20 07:28:45,679 - INFO - 签出 弹窗关闭按钮已点击。
2024-08-20 07:29:10,741 - INFO - 检查签入按钮状态
2024-08-20 07:29:10,786 - INFO - 检查签出按钮状态以决定是否点击签入按钮
2024-08-20 07:29:10,829 - INFO - 签入 按钮已点击。
2024-08-20 07:29:15,890 - INFO - 签入 弹窗关闭按钮已点击。
2024-08-20 07:29:25,952 - INFO - 关闭浏览器
2024-08-20 11:38:08,800 - INFO - 打开网址: https://myoa.omenow.com/Schedule/MySchedule/
2024-08-20 11:38:13,761 - INFO - 输入用户名和密码
2024-08-20 11:38:13,863 - INFO - 点击登录按钮
2024-08-20 11:38:36,534 - INFO - 检查签出按钮状态
2024-08-20 11:38:36,587 - INFO - 签出 按钮已点击。
2024-08-20 11:38:41,710 - INFO - 签出 弹窗关闭按钮已点击。
2024-08-20 11:39:06,776 - INFO - 检查签入按钮状态
2024-08-20 11:39:06,791 - INFO - 检查签出按钮状态以决定是否点击签入按钮
2024-08-20 11:39:06,841 - INFO - 签入 按钮已点击。
2024-08-20 11:39:11,916 - INFO - 签入 弹窗关闭按钮已点击。
2024-08-20 11:39:21,978 - INFO - 关闭浏览器
2024-08-21 07:28:07,220 - INFO - 打开网址: https://myoa.omenow.com/Schedule/MySchedule/
2024-08-21 07:28:09,576 - INFO - 输入用户名和密码
2024-08-21 07:28:09,683 - INFO - 点击登录按钮
2024-08-21 07:28:29,836 - INFO - 检查签出按钮状态
2024-08-21 07:28:29,886 - INFO - 签出 按钮已点击。
2024-08-21 07:28:34,981 - INFO - 签出 弹窗关闭按钮已点击。
2024-08-21 07:29:00,061 - INFO - 检查签入按钮状态
2024-08-21 07:29:00,076 - INFO - 检查签出按钮状态以决定是否点击签入按钮
2024-08-21 07:29:00,122 - INFO - 签入 按钮已点击。
2024-08-21 07:29:05,172 - INFO - 签入 弹窗关闭按钮已点击。
2024-08-21 07:29:15,206 - INFO - 关闭浏览器
2024-08-21 11:38:05,474 - INFO - 打开网址: https://myoa.omenow.com/Schedule/MySchedule/
2024-08-21 11:38:06,781 - INFO - 输入用户名和密码
2024-08-21 11:38:06,885 - INFO - 点击登录按钮
2024-08-21 11:38:27,060 - INFO - 检查签出按钮状态
2024-08-21 11:38:27,112 - INFO - 签出 按钮已点击。
2024-08-21 11:38:32,172 - INFO - 签出 弹窗关闭按钮已点击。
2024-08-21 11:38:57,224 - INFO - 检查签入按钮状态
2024-08-21 11:38:57,239 - INFO - 检查签出按钮状态以决定是否点击签入按钮
2024-08-21 11:38:57,286 - INFO - 签入 按钮已点击。
2024-08-21 11:39:02,329 - INFO - 签入 弹窗关闭按钮已点击。
2024-08-21 11:39:12,361 - INFO - 关闭浏览器
2024-08-22 07:28:07,009 - INFO - 打开网址: https://myoa.omenow.com/Schedule/MySchedule/
2024-08-22 07:28:09,028 - INFO - 输入用户名和密码
2024-08-22 07:28:09,135 - INFO - 点击登录按钮
2024-08-22 07:28:30,946 - INFO - 检查签出按钮状态
2024-08-22 07:28:30,997 - INFO - 签出 按钮已点击。
2024-08-22 07:28:36,086 - INFO - 签出 弹窗关闭按钮已点击。
2024-08-22 07:29:01,167 - INFO - 检查签入按钮状态
2024-08-22 07:29:01,182 - INFO - 检查签出按钮状态以决定是否点击签入按钮
2024-08-22 07:29:01,229 - INFO - 签入 按钮已点击。
2024-08-22 07:29:06,343 - INFO - 签入 弹窗关闭按钮已点击。
2024-08-22 07:29:16,345 - INFO - 关闭浏览器
2024-08-22 11:38:07,674 - INFO - 打开网址: https://myoa.omenow.com/Schedule/MySchedule/
2024-08-22 11:38:10,045 - INFO - 输入用户名和密码
2024-08-22 11:38:10,124 - INFO - 点击登录按钮
2024-08-22 11:38:32,583 - INFO - 检查签出按钮状态
2024-08-22 11:38:32,633 - INFO - 签出 按钮已点击。
2024-08-22 11:38:37,754 - INFO - 签出 弹窗关闭按钮已点击。
2024-08-22 11:39:02,842 - INFO - 检查签入按钮状态
2024-08-22 11:39:02,857 - INFO - 检查签出按钮状态以决定是否点击签入按钮
2024-08-22 11:39:02,905 - INFO - 签入 按钮已点击。
2024-08-22 11:39:08,012 - INFO - 签入 弹窗关闭按钮已点击。
2024-08-22 11:39:18,026 - INFO - 关闭浏览器
2024-08-23 07:28:09,698 - INFO - 打开网址: https://myoa.omenow.com/Schedule/MySchedule/
2024-08-23 07:28:14,816 - INFO - 输入用户名和密码
2024-08-23 07:28:14,928 - INFO - 点击登录按钮
2024-08-23 07:28:41,902 - INFO - 检查签出按钮状态
2024-08-23 07:28:41,952 - INFO - 签出 按钮已点击。
2024-08-23 07:28:47,014 - INFO - 签出 弹窗关闭按钮已点击。
2024-08-23 07:29:12,107 - INFO - 检查签入按钮状态
2024-08-23 07:29:12,130 - INFO - 检查签出按钮状态以决定是否点击签入按钮
2024-08-23 07:29:12,179 - INFO - 签入 按钮已点击。
2024-08-23 07:29:17,224 - INFO - 签入 弹窗关闭按钮已点击。
2024-08-23 07:29:27,225 - INFO - 关闭浏览器
2024-08-23 12:01:54,756 - INFO - ====== WebDriver manager ======
2024-08-23 12:01:54,840 - INFO - Get LATEST chromedriver version for google-chrome
2024-08-23 12:01:55,545 - INFO - Get LATEST chromedriver version for google-chrome
2024-08-23 12:01:56,235 - INFO - There is no [mac64] chromedriver "128.0.6613.84" for browser google-chrome "128.0.6613" in cache
2024-08-23 12:01:56,247 - INFO - Get LATEST chromedriver version for google-chrome
2024-08-23 12:01:57,799 - INFO - WebDriver version 128.0.6613.84 selected
2024-08-23 12:01:57,801 - INFO - Modern chrome version https://storage.googleapis.com/chrome-for-testing-public/128.0.6613.84/mac-arm64/chromedriver-mac-arm64.zip
2024-08-23 12:01:57,802 - INFO - About to download new driver from https://storage.googleapis.com/chrome-for-testing-public/128.0.6613.84/mac-arm64/chromedriver-mac-arm64.zip
2024-08-23 12:01:58,499 - INFO - Driver downloading response is 200
2024-08-23 12:01:59,402 - INFO - Get LATEST chromedriver version for google-chrome
2024-08-23 12:02:00,120 - INFO - Driver has been saved in cache [/Users/ina.h/.wdm/drivers/chromedriver/mac64/128.0.6613.84]
2024-08-23 12:02:01,842 - INFO - 打开网址: https://myoa.omenow.com/Schedule/MySchedule/
2024-08-23 12:02:11,175 - INFO - 输入用户名和密码
2024-08-23 12:02:11,266 - INFO - 点击登录按钮
2024-08-23 12:02:18,739 - INFO - 关闭浏览器
2024-08-23 12:02:27,869 - INFO - ====== WebDriver manager ======
2024-08-23 12:02:27,943 - INFO - Get LATEST chromedriver version for google-chrome
2024-08-23 12:02:28,604 - INFO - Get LATEST chromedriver version for google-chrome
2024-08-23 12:02:29,131 - INFO - Driver [/Users/ina.h/.wdm/drivers/chromedriver/mac64/128.0.6613.84/chromedriver-mac-arm64/chromedriver] found in cache
2024-08-23 12:02:30,793 - INFO - 打开网址: https://myoa.omenow.com/Schedule/MySchedule/
2024-08-23 12:02:34,225 - INFO - 输入用户名和密码
2024-08-23 12:02:34,318 - INFO - 点击登录按钮
2024-08-23 12:02:56,380 - INFO - 检查签出按钮状态
2024-08-23 12:02:56,384 - ERROR - 发生异常: Message: no such window: target window already closed
from unknown error: web view not found
  (Session info: chrome=128.0.6613.84)

2024-08-23 12:02:56,384 - INFO - 关闭浏览器
2024-08-23 13:59:41,748 - INFO - ====== WebDriver manager ======
2024-08-23 13:59:41,824 - INFO - Get LATEST chromedriver version for google-chrome
2024-08-23 13:59:42,524 - INFO - Get LATEST chromedriver version for google-chrome
2024-08-23 13:59:43,054 - INFO - Driver [/Users/ina.h/.wdm/drivers/chromedriver/mac64/128.0.6613.84/chromedriver-mac-arm64/chromedriver] found in cache
2024-08-23 13:59:45,020 - INFO - 打开网址: https://myoa.omenow.com/Schedule/MySchedule/
2024-08-23 13:59:49,670 - INFO - 输入用户名和密码
2024-08-23 13:59:49,764 - INFO - 点击登录按钮
2024-08-23 14:00:12,370 - INFO - 检查签出按钮状态
2024-08-23 14:00:12,404 - INFO - 签出按钮当前处于禁用状态，无法点击。
2024-08-23 14:00:32,409 - INFO - 检查签入按钮状态
2024-08-23 14:00:32,436 - INFO - 签入按钮当前处于禁用状态，无法点击。
2024-08-23 14:00:47,866 - INFO - 关闭浏览器
2024-08-23 16:16:49,831 - INFO - ====== WebDriver manager ======
2024-08-23 16:16:49,908 - INFO - Get LATEST chromedriver version for google-chrome
2024-08-23 16:16:50,558 - INFO - Get LATEST chromedriver version for google-chrome
2024-08-23 16:16:51,180 - INFO - Driver [/Users/ina.h/.wdm/drivers/chromedriver/mac64/128.0.6613.84/chromedriver-mac-arm64/chromedriver] found in cache
2024-08-23 16:16:52,863 - INFO - 打开网址: https://myoa.omenow.com/Schedule/MySchedule/
2024-08-23 16:16:58,370 - INFO - 输入用户名和密码
2024-08-23 16:16:58,457 - INFO - 点击登录按钮
2024-08-23 16:17:23,568 - INFO - 检查签出按钮状态
2024-08-23 16:17:23,603 - INFO - 签出按钮当前处于禁用状态，无法点击。
2024-08-23 16:17:43,608 - INFO - 检查签入按钮状态
2024-08-23 16:17:43,630 - INFO - 签入按钮当前处于禁用状态，无法点击。
2024-08-23 16:17:59,031 - INFO - 关闭浏览器
2024-08-23 16:38:43,364 - INFO - ====== WebDriver manager ======
2024-08-23 16:38:43,440 - INFO - Get LATEST chromedriver version for google-chrome
2024-08-23 16:38:44,088 - INFO - Get LATEST chromedriver version for google-chrome
2024-08-23 16:38:44,960 - INFO - Driver [/Users/ina.h/.wdm/drivers/chromedriver/mac64/128.0.6613.84/chromedriver-mac-arm64/chromedriver] found in cache
2024-08-23 16:41:08,889 - INFO - ====== WebDriver manager ======
2024-08-23 16:41:08,963 - INFO - Get LATEST chromedriver version for google-chrome
2024-08-23 16:41:09,522 - INFO - Get LATEST chromedriver version for google-chrome
2024-08-23 16:41:10,085 - INFO - Driver [/Users/ina.h/.wdm/drivers/chromedriver/mac64/128.0.6613.84/chromedriver-mac-arm64/chromedriver] found in cache
2024-08-23 16:42:22,056 - INFO - ====== WebDriver manager ======
2024-08-23 16:42:22,124 - INFO - Get LATEST chromedriver version for google-chrome
2024-08-23 16:42:22,659 - INFO - Get LATEST chromedriver version for google-chrome
2024-08-23 16:42:23,194 - INFO - Driver [/Users/ina.h/.wdm/drivers/chromedriver/mac64/128.0.6613.84/chromedriver-mac-arm64/chromedriver] found in cache
2024-08-23 16:42:24,299 - INFO - 打开网址: https://myoa.omenow.com/Schedule/MySchedule/
2024-08-23 16:42:29,069 - INFO - 输入用户名和密码
2024-08-23 16:42:30,250 - INFO - 点击登录按钮
2024-08-23 16:42:53,188 - INFO - 检查签出按钮状态
2024-08-23 16:42:53,238 - INFO - 签出按钮当前处于禁用状态，无法点击。
2024-08-23 16:43:13,244 - INFO - 检查签入按钮状态
2024-08-23 16:43:13,285 - INFO - 签入按钮当前处于禁用状态，无法点击。
2024-08-23 16:43:28,814 - INFO - 关闭浏览器
2024-08-23 16:53:44,342 - INFO - ====== WebDriver manager ======
2024-08-23 16:53:44,411 - INFO - Get LATEST chromedriver version for google-chrome
2024-08-23 16:53:44,963 - INFO - Get LATEST chromedriver version for google-chrome
2024-08-23 16:53:45,544 - INFO - Driver [/Users/ina.h/.wdm/drivers/chromedriver/mac64/128.0.6613.84/chromedriver-mac-arm64/chromedriver] found in cache
2024-08-23 16:53:46,672 - INFO - 打开网址: https://myoa.omenow.com/Schedule/MySchedule/
2024-08-23 16:53:53,764 - INFO - 输入用户名和密码
2024-08-23 16:53:54,938 - INFO - 点击登录按钮
2024-08-23 16:54:15,872 - INFO - 检查签出按钮状态
2024-08-23 16:54:15,878 - ERROR - 发生异常: Message: no such window: target window already closed
from unknown error: web view not found
  (Session info: chrome=128.0.6613.84)
Stacktrace:
0   chromedriver                        0x0000000102a639a8 cxxbridge1$str$ptr + 1887096
1   chromedriver                        0x0000000102a5be10 cxxbridge1$str$ptr + 1855456
2   chromedriver                        0x0000000102660be0 cxxbridge1$string$len + 89508
3   chromedriver                        0x000000010263bef0 core::str::slice_error_fail::h6c488016ada29016 + 3756
4   chromedriver                        0x00000001026cb790 cxxbridge1$string$len + 526676
5   chromedriver                        0x00000001026ddeec cxxbridge1$string$len + 602288
6   chromedriver                        0x0000000102699a08 cxxbridge1$string$len + 322508
7   chromedriver                        0x000000010269a66c cxxbridge1$string$len + 325680
8   chromedriver                        0x0000000102a2a068 cxxbridge1$str$ptr + 1651256
9   chromedriver                        0x0000000102a2e99c cxxbridge1$str$ptr + 1669996
10  chromedriver                        0x0000000102a0f1fc cxxbridge1$str$ptr + 1541068
11  chromedriver                        0x0000000102a2f26c cxxbridge1$str$ptr + 1672252
12  chromedriver                        0x0000000102a00810 cxxbridge1$str$ptr + 1481184
13  chromedriver                        0x0000000102a4d108 cxxbridge1$str$ptr + 1794776
14  chromedriver                        0x0000000102a4d284 cxxbridge1$str$ptr + 1795156
15  chromedriver                        0x0000000102a5baac cxxbridge1$str$ptr + 1854588
16  libsystem_pthread.dylib             0x0000000190d6bfa8 _pthread_start + 148
17  libsystem_pthread.dylib             0x0000000190d66da0 thread_start + 8

2024-08-23 16:54:15,878 - INFO - 关闭浏览器
2024-08-23 16:54:55,924 - INFO - ====== WebDriver manager ======
2024-08-23 16:54:55,998 - INFO - Get LATEST chromedriver version for google-chrome
2024-08-23 16:54:56,894 - INFO - Get LATEST chromedriver version for google-chrome
2024-08-23 16:54:57,381 - INFO - Driver [/Users/ina.h/.wdm/drivers/chromedriver/mac64/128.0.6613.84/chromedriver-mac-arm64/chromedriver] found in cache
2024-08-23 16:54:58,413 - INFO - 打开网址: https://myoa.omenow.com/Schedule/MySchedule/
2024-08-23 16:55:01,381 - INFO - 输入用户名和密码
2024-08-23 16:55:01,462 - INFO - 点击登录按钮
2024-08-23 16:55:24,206 - INFO - 检查签出按钮状态
2024-08-23 16:55:24,231 - INFO - 签出按钮当前处于禁用状态，无法点击。
2024-08-23 16:55:44,236 - INFO - 检查签入按钮状态
2024-08-23 16:55:44,269 - INFO - 签入按钮当前处于禁用状态，无法点击。
2024-08-23 16:55:59,750 - INFO - 关闭浏览器
2024-08-26 07:29:06,715 - INFO - ====== WebDriver manager ======
2024-08-26 07:29:07,978 - INFO - Get LATEST chromedriver version for google-chrome
2024-08-26 07:29:08,525 - INFO - Get LATEST chromedriver version for google-chrome
2024-08-26 07:29:09,038 - INFO - Get LATEST chromedriver version for google-chrome
2024-08-26 07:29:10,278 - INFO - WebDriver version 128.0.6613.84 selected
2024-08-26 07:29:10,281 - INFO - Modern chrome version https://storage.googleapis.com/chrome-for-testing-public/128.0.6613.84/mac-arm64/chromedriver-mac-arm64.zip
2024-08-26 07:29:10,281 - INFO - About to download new driver from https://storage.googleapis.com/chrome-for-testing-public/128.0.6613.84/mac-arm64/chromedriver-mac-arm64.zip
2024-08-26 07:29:10,935 - INFO - Driver downloading response is 200
2024-08-26 07:29:12,427 - INFO - Get LATEST chromedriver version for google-chrome
2024-08-26 07:29:13,262 - INFO - Driver has been saved in cache [/Users/ina.h/.wdm/drivers/chromedriver/mac64/128.0.6613.84]
2024-08-26 08:33:18,305 - INFO - ====== WebDriver manager ======
2024-08-26 08:33:18,584 - INFO - Get LATEST chromedriver version for google-chrome
2024-08-26 08:33:19,076 - INFO - Get LATEST chromedriver version for google-chrome
2024-08-26 08:33:19,616 - INFO - Driver [/Users/ina.h/.wdm/drivers/chromedriver/mac64/128.0.6613.84/chromedriver-mac-arm64/chromedriver] found in cache
2024-08-26 08:38:27,432 - INFO - ====== WebDriver manager ======
2024-08-26 08:38:27,510 - INFO - Get LATEST chromedriver version for google-chrome
2024-08-26 08:38:28,175 - INFO - Get LATEST chromedriver version for google-chrome
2024-08-26 08:38:28,773 - INFO - Driver [/Users/ina.h/.wdm/drivers/chromedriver/mac64/128.0.6613.84/chromedriver-mac-arm64/chromedriver] found in cache
2024-08-26 09:39:19,460 - INFO - ====== WebDriver manager ======
2024-08-26 09:39:19,538 - INFO - Get LATEST chromedriver version for google-chrome
2024-08-26 09:39:20,086 - INFO - Get LATEST chromedriver version for google-chrome
2024-08-26 09:39:20,869 - INFO - Driver [/Users/ina.h/.wdm/drivers/chromedriver/mac64/128.0.6613.84/chromedriver-mac-arm64/chromedriver] found in cache
2024-08-26 09:44:11,291 - INFO - 打开网址: https://myoa.omenow.com/Schedule/MySchedule/
2024-08-26 09:44:16,244 - INFO - 输入用户名和密码
2024-08-26 09:44:16,353 - INFO - 点击登录按钮
2024-08-26 09:44:38,991 - INFO - 检查签出按钮状态
2024-08-26 09:44:38,994 - ERROR - 发生异常: Message: no such window: target window already closed
from unknown error: web view not found
  (Session info: chrome=128.0.6613.85)
Stacktrace:
0   chromedriver                        0x00000001031af988 cxxbridge1$str$ptr + 1887096
1   chromedriver                        0x00000001031a7df0 cxxbridge1$str$ptr + 1855456
2   chromedriver                        0x0000000102dacbe0 cxxbridge1$string$len + 89508
3   chromedriver                        0x0000000102d87ef0 core::str::slice_error_fail::h6c488016ada29016 + 3756
4   chromedriver                        0x0000000102e17790 cxxbridge1$string$len + 526676
5   chromedriver                        0x0000000102e29eec cxxbridge1$string$len + 602288
6   chromedriver                        0x0000000102de5a08 cxxbridge1$string$len + 322508
7   chromedriver                        0x0000000102de666c cxxbridge1$string$len + 325680
8   chromedriver                        0x0000000103176048 cxxbridge1$str$ptr + 1651256
9   chromedriver                        0x000000010317a97c cxxbridge1$str$ptr + 1669996
10  chromedriver                        0x000000010315b1dc cxxbridge1$str$ptr + 1541068
11  chromedriver                        0x000000010317b24c cxxbridge1$str$ptr + 1672252
12  chromedriver                        0x000000010314c7f0 cxxbridge1$str$ptr + 1481184
13  chromedriver                        0x00000001031990e8 cxxbridge1$str$ptr + 1794776
14  chromedriver                        0x0000000103199264 cxxbridge1$str$ptr + 1795156
15  chromedriver                        0x00000001031a7a8c cxxbridge1$str$ptr + 1854588
16  libsystem_pthread.dylib             0x0000000190d6bfa8 _pthread_start + 148
17  libsystem_pthread.dylib             0x0000000190d66da0 thread_start + 8

2024-08-26 09:44:38,995 - INFO - 关闭浏览器
2024-08-26 09:44:55,431 - INFO - 打开网址: https://myoa.omenow.com/Schedule/MySchedule/
2024-08-26 09:44:58,106 - INFO - 输入用户名和密码
2024-08-26 09:44:58,235 - INFO - 点击登录按钮
2024-08-26 09:45:21,214 - INFO - 检查签出按钮状态
2024-08-26 09:45:21,244 - INFO - 签出按钮当前处于禁用状态，无法点击。
2024-08-26 09:45:41,249 - INFO - 检查签入按钮状态
2024-08-26 09:45:41,278 - INFO - 签入按钮当前处于禁用状态，无法点击。
2024-08-26 09:45:56,893 - INFO - 关闭浏览器
2024-08-26 09:50:19,972 - INFO - 打开网址: https://myoa.omenow.com/Schedule/MySchedule/
2024-08-26 09:50:22,694 - INFO - 输入用户名和密码
2024-08-26 09:50:22,774 - INFO - 点击登录按钮
2024-08-26 09:50:46,106 - INFO - 检查签出按钮状态
2024-08-26 09:50:46,140 - INFO - 签出按钮当前处于禁用状态，无法点击。
2024-08-26 09:51:06,144 - INFO - 检查签入按钮状态
2024-08-26 09:51:06,179 - INFO - 签入按钮当前处于禁用状态，无法点击。
2024-08-26 09:51:21,761 - INFO - 关闭浏览器
2024-08-26 11:38:06,447 - INFO - 打开网址: https://myoa.omenow.com/Schedule/MySchedule/
2024-08-26 11:38:10,047 - INFO - 输入用户名和密码
2024-08-26 11:38:10,161 - INFO - 点击登录按钮
2024-08-26 11:38:32,163 - INFO - 检查签出按钮状态
2024-08-26 11:38:32,211 - INFO - 签出 按钮已点击。
2024-08-26 11:38:37,323 - INFO - 签出 弹窗关闭按钮已点击。
2024-08-26 11:39:02,380 - INFO - 检查签入按钮状态
2024-08-26 11:39:02,393 - INFO - 检查签出按钮状态以决定是否点击签入按钮
2024-08-26 11:39:02,441 - INFO - 签入 按钮已点击。
2024-08-26 11:39:07,502 - INFO - 签入 弹窗关闭按钮已点击。
2024-08-26 11:39:17,567 - INFO - 关闭浏览器
2024-08-27 07:28:02,066 - INFO - 打开网址: https://myoa.omenow.com/Schedule/MySchedule/
2024-08-27 07:28:03,270 - INFO - 输入用户名和密码
2024-08-27 07:28:03,376 - INFO - 点击登录按钮
2024-08-27 07:28:23,591 - INFO - 检查签出按钮状态
2024-08-27 07:28:23,639 - INFO - 签出 按钮已点击。
2024-08-27 07:28:28,756 - INFO - 签出 弹窗关闭按钮已点击。
2024-08-27 07:28:53,778 - INFO - 检查签入按钮状态
2024-08-27 07:28:53,796 - INFO - 检查签出按钮状态以决定是否点击签入按钮
2024-08-27 07:28:53,844 - INFO - 签入 按钮已点击。
2024-08-27 07:28:58,901 - INFO - 签入 弹窗关闭按钮已点击。
2024-08-27 07:29:08,909 - INFO - 关闭浏览器
2024-08-27 11:38:07,713 - INFO - 打开网址: https://myoa.omenow.com/Schedule/MySchedule/
2024-08-27 11:38:08,163 - INFO - 输入用户名和密码
2024-08-27 11:38:08,279 - INFO - 点击登录按钮
2024-08-27 11:38:28,438 - INFO - 检查签出按钮状态
2024-08-27 11:38:28,484 - INFO - 签出 按钮已点击。
2024-08-27 11:38:33,579 - INFO - 签出 弹窗关闭按钮已点击。
2024-08-27 11:38:58,663 - INFO - 检查签入按钮状态
2024-08-27 11:38:58,678 - INFO - 检查签出按钮状态以决定是否点击签入按钮
2024-08-27 11:38:58,723 - INFO - 签入 按钮已点击。
2024-08-27 11:39:03,777 - INFO - 签入 弹窗关闭按钮已点击。
2024-08-27 11:39:13,846 - INFO - 关闭浏览器
2024-08-28 07:28:02,242 - INFO - 打开网址: https://myoa.omenow.com/Schedule/MySchedule/
2024-08-28 07:28:03,322 - INFO - 输入用户名和密码
2024-08-28 07:28:03,425 - INFO - 点击登录按钮
2024-08-28 07:28:23,595 - INFO - 检查签出按钮状态
2024-08-28 07:28:23,660 - INFO - 签出 按钮已点击。
2024-08-28 07:28:28,704 - INFO - 签出 弹窗关闭按钮已点击。
2024-08-28 07:28:53,791 - INFO - 检查签入按钮状态
2024-08-28 07:28:53,805 - INFO - 检查签出按钮状态以决定是否点击签入按钮
2024-08-28 07:28:53,853 - INFO - 签入 按钮已点击。
2024-08-28 07:28:58,915 - INFO - 签入 弹窗关闭按钮已点击。
2024-08-28 07:29:08,919 - INFO - 关闭浏览器
2024-08-28 11:38:07,654 - INFO - 打开网址: https://myoa.omenow.com/Schedule/MySchedule/
2024-08-28 11:38:12,009 - INFO - 输入用户名和密码
2024-08-28 11:38:12,088 - INFO - 点击登录按钮
2024-08-28 11:38:36,579 - INFO - 检查签出按钮状态
2024-08-28 11:38:36,643 - INFO - 签出 按钮已点击。
2024-08-28 11:38:41,702 - INFO - 签出 弹窗关闭按钮已点击。
2024-08-28 11:39:06,761 - INFO - 检查签入按钮状态
2024-08-28 11:39:06,776 - INFO - 检查签出按钮状态以决定是否点击签入按钮
2024-08-28 11:39:06,823 - INFO - 签入 按钮已点击。
2024-08-28 11:39:11,884 - INFO - 签入 弹窗关闭按钮已点击。
2024-08-28 11:39:21,895 - INFO - 关闭浏览器
2024-08-28 16:11:12,200 - INFO - 打开网址: https://myoa.omenow.com/Schedule/MySchedule/
2024-08-28 16:11:14,790 - ERROR - 发生异常: ('Connection aborted.', RemoteDisconnected('Remote end closed connection without response'))
2024-08-28 16:11:14,790 - INFO - 关闭浏览器
2024-08-28 16:11:14,791 - WARNING - Retrying (Retry(total=2, connect=None, read=None, redirect=None, status=None)) after connection broken by 'NewConnectionError('<urllib3.connection.HTTPConnection object at 0x10609de10>: Failed to establish a new connection: [Errno 61] Connection refused')': /session/f21d56ca65ce60040baaf8686036b554/url
2024-08-28 16:11:14,792 - WARNING - Retrying (Retry(total=1, connect=None, read=None, redirect=None, status=None)) after connection broken by 'NewConnectionError('<urllib3.connection.HTTPConnection object at 0x10609eef0>: Failed to establish a new connection: [Errno 61] Connection refused')': /session/f21d56ca65ce60040baaf8686036b554/url
2024-08-28 16:11:14,793 - WARNING - Retrying (Retry(total=0, connect=None, read=None, redirect=None, status=None)) after connection broken by 'NewConnectionError('<urllib3.connection.HTTPConnection object at 0x105b1b130>: Failed to establish a new connection: [Errno 61] Connection refused')': /session/f21d56ca65ce60040baaf8686036b554/url
2024-08-28 16:23:07,407 - INFO - 打开网址: https://myoa.omenow.com/Schedule/MySchedule/
2024-08-28 16:23:20,584 - INFO - 输入用户名和密码
2024-08-28 16:23:20,699 - INFO - 点击登录按钮
2024-08-28 16:23:36,055 - INFO - 关闭浏览器
2024-08-28 16:23:36,059 - WARNING - Retrying (Retry(total=2, connect=None, read=None, redirect=None, status=None)) after connection broken by 'NewConnectionError('<urllib3.connection.HTTPConnection object at 0x103557970>: Failed to establish a new connection: [Errno 61] Connection refused')': /session/380406e1e3dd2c9471a64b245c1cc9e3/url
2024-08-28 16:23:36,062 - WARNING - Retrying (Retry(total=1, connect=None, read=None, redirect=None, status=None)) after connection broken by 'NewConnectionError('<urllib3.connection.HTTPConnection object at 0x103557cd0>: Failed to establish a new connection: [Errno 61] Connection refused')': /session/380406e1e3dd2c9471a64b245c1cc9e3/url
2024-08-28 16:23:36,064 - WARNING - Retrying (Retry(total=0, connect=None, read=None, redirect=None, status=None)) after connection broken by 'NewConnectionError('<urllib3.connection.HTTPConnection object at 0x1035ac130>: Failed to establish a new connection: [Errno 61] Connection refused')': /session/380406e1e3dd2c9471a64b245c1cc9e3/url
2024-08-28 16:23:51,427 - INFO - 打开网址: https://myoa.omenow.com/Schedule/MySchedule/
2024-08-28 16:23:57,377 - INFO - 输入用户名和密码
2024-08-28 16:23:57,483 - INFO - 点击登录按钮
2024-08-28 16:24:27,838 - INFO - 今天是工作日，执行签出签入流程。
2024-08-28 16:24:27,839 - INFO - 今天是星期2
2024-08-28 16:24:27,839 - INFO - 检查签出按钮状态
2024-08-28 16:24:28,325 - INFO - 签出按钮当前处于禁用状态，无法点击。
2024-08-28 16:24:48,328 - INFO - 检查签入按钮状态
2024-08-28 16:24:48,360 - INFO - 签入按钮当前处于禁用状态，无法点击。
2024-08-28 16:25:05,293 - INFO - 关闭浏览器
2024-08-28 16:35:31,114 - INFO - 打开网址: https://myoa.omenow.com/Schedule/MySchedule/
2024-08-28 16:35:40,271 - INFO - 输入用户名和密码
2024-08-28 16:35:40,364 - INFO - 点击登录按钮
2024-08-28 16:36:00,708 - INFO - 检查签出按钮状态
2024-08-28 16:36:11,060 - ERROR - 发生异常: Message: 
Stacktrace:
0   chromedriver                        0x00000001028a3988 cxxbridge1$str$ptr + 1887096
1   chromedriver                        0x000000010289bdf0 cxxbridge1$str$ptr + 1855456
2   chromedriver                        0x00000001024a0be0 cxxbridge1$string$len + 89508
3   chromedriver                        0x00000001024e4f10 cxxbridge1$string$len + 368852
4   chromedriver                        0x000000010251e4a4 cxxbridge1$string$len + 603752
5   chromedriver                        0x00000001024d9a08 cxxbridge1$string$len + 322508
6   chromedriver                        0x00000001024da66c cxxbridge1$string$len + 325680
7   chromedriver                        0x000000010286a048 cxxbridge1$str$ptr + 1651256
8   chromedriver                        0x000000010286e97c cxxbridge1$str$ptr + 1669996
9   chromedriver                        0x000000010284f1dc cxxbridge1$str$ptr + 1541068
10  chromedriver                        0x000000010286f24c cxxbridge1$str$ptr + 1672252
11  chromedriver                        0x00000001028407f0 cxxbridge1$str$ptr + 1481184
12  chromedriver                        0x000000010288d0e8 cxxbridge1$str$ptr + 1794776
13  chromedriver                        0x000000010288d264 cxxbridge1$str$ptr + 1795156
14  chromedriver                        0x000000010289ba8c cxxbridge1$str$ptr + 1854588
15  libsystem_pthread.dylib             0x0000000190d6bfa8 _pthread_start + 148
16  libsystem_pthread.dylib             0x0000000190d66da0 thread_start + 8

2024-08-28 16:36:11,061 - INFO - 关闭浏览器
2024-08-28 16:37:27,003 - ERROR - Service process refused to terminate gracefully with SIGTERM, escalating to SIGKILL.
Traceback (most recent call last):
  File "/opt/anaconda3/envs/oa/lib/python3.10/site-packages/selenium/webdriver/common/service.py", line 172, in _terminate_process
    self.process.wait(60)
  File "/opt/anaconda3/envs/oa/lib/python3.10/subprocess.py", line 1209, in wait
    return self._wait(timeout=timeout)
  File "/opt/anaconda3/envs/oa/lib/python3.10/subprocess.py", line 1951, in _wait
    raise TimeoutExpired(self.args, timeout)
subprocess.TimeoutExpired: Command '['/usr/local/bin/chromedriver', '--port=50366']' timed out after 60 seconds
2024-08-28 16:38:02,344 - INFO - 打开网址: https://myoa.omenow.com/Schedule/MySchedule/
2024-08-28 16:38:12,647 - INFO - 输入用户名和密码
2024-08-28 16:38:12,752 - INFO - 点击登录按钮
2024-08-28 16:38:33,183 - INFO - 检查签出按钮状态
2024-08-28 16:38:43,450 - ERROR - 发生异常: Message: 
Stacktrace:
0   chromedriver                        0x0000000103123988 cxxbridge1$str$ptr + 1887096
1   chromedriver                        0x000000010311bdf0 cxxbridge1$str$ptr + 1855456
2   chromedriver                        0x0000000102d20be0 cxxbridge1$string$len + 89508
3   chromedriver                        0x0000000102d64f10 cxxbridge1$string$len + 368852
4   chromedriver                        0x0000000102d9e4a4 cxxbridge1$string$len + 603752
5   chromedriver                        0x0000000102d59a08 cxxbridge1$string$len + 322508
6   chromedriver                        0x0000000102d5a66c cxxbridge1$string$len + 325680
7   chromedriver                        0x00000001030ea048 cxxbridge1$str$ptr + 1651256
8   chromedriver                        0x00000001030ee97c cxxbridge1$str$ptr + 1669996
9   chromedriver                        0x00000001030cf1dc cxxbridge1$str$ptr + 1541068
10  chromedriver                        0x00000001030ef24c cxxbridge1$str$ptr + 1672252
11  chromedriver                        0x00000001030c07f0 cxxbridge1$str$ptr + 1481184
12  chromedriver                        0x000000010310d0e8 cxxbridge1$str$ptr + 1794776
13  chromedriver                        0x000000010310d264 cxxbridge1$str$ptr + 1795156
14  chromedriver                        0x000000010311ba8c cxxbridge1$str$ptr + 1854588
15  libsystem_pthread.dylib             0x0000000190d6bfa8 _pthread_start + 148
16  libsystem_pthread.dylib             0x0000000190d66da0 thread_start + 8

2024-08-28 16:38:43,451 - INFO - 关闭浏览器
2024-08-28 16:46:24,243 - INFO - 打开网址: https://myoa.omenow.com/Schedule/MySchedule/
2024-08-28 16:46:53,801 - INFO - 输入用户名和密码
2024-08-28 16:46:53,802 - ERROR - 发生异常: Message: no such window: target window already closed
from unknown error: web view not found
  (Session info: chrome=128.0.6613.85)
Stacktrace:
0   chromedriver                        0x000000010471f988 cxxbridge1$str$ptr + 1887096
1   chromedriver                        0x0000000104717df0 cxxbridge1$str$ptr + 1855456
2   chromedriver                        0x000000010431cbe0 cxxbridge1$string$len + 89508
3   chromedriver                        0x00000001042f7ef0 core::str::slice_error_fail::h6c488016ada29016 + 3756
4   chromedriver                        0x0000000104387790 cxxbridge1$string$len + 526676
5   chromedriver                        0x0000000104399eec cxxbridge1$string$len + 602288
6   chromedriver                        0x0000000104355a08 cxxbridge1$string$len + 322508
7   chromedriver                        0x000000010435666c cxxbridge1$string$len + 325680
8   chromedriver                        0x00000001046e6048 cxxbridge1$str$ptr + 1651256
9   chromedriver                        0x00000001046ea97c cxxbridge1$str$ptr + 1669996
10  chromedriver                        0x00000001046cb1dc cxxbridge1$str$ptr + 1541068
11  chromedriver                        0x00000001046eb24c cxxbridge1$str$ptr + 1672252
12  chromedriver                        0x00000001046bc7f0 cxxbridge1$str$ptr + 1481184
13  chromedriver                        0x00000001047090e8 cxxbridge1$str$ptr + 1794776
14  chromedriver                        0x0000000104709264 cxxbridge1$str$ptr + 1795156
15  chromedriver                        0x0000000104717a8c cxxbridge1$str$ptr + 1854588
16  libsystem_pthread.dylib             0x0000000190d6bfa8 _pthread_start + 148
17  libsystem_pthread.dylib             0x0000000190d66da0 thread_start + 8

2024-08-28 16:46:53,802 - INFO - 关闭浏览器
2024-08-28 18:29:28,715 - INFO - 打开网址: https://myoa.omenow.com/Schedule/MySchedule/
2024-08-28 18:29:35,949 - INFO - 输入用户名和密码
2024-08-28 18:29:36,041 - INFO - 点击登录按钮
2024-08-28 18:30:06,835 - INFO - 检查签出按钮状态
2024-08-28 18:30:06,863 - INFO - 签出按钮当前处于禁用状态，无法点击。
2024-08-28 18:30:26,868 - INFO - 检查签入按钮状态
2024-08-28 18:30:26,887 - INFO - 签入按钮当前处于禁用状态，无法点击。
2024-08-28 18:30:43,554 - INFO - 关闭浏览器
2024-08-28 18:32:04,614 - ERROR - Service process refused to terminate gracefully with SIGTERM, escalating to SIGKILL.
Traceback (most recent call last):
  File "/opt/anaconda3/envs/oa/lib/python3.10/site-packages/selenium/webdriver/common/service.py", line 172, in _terminate_process
    self.process.wait(60)
  File "/opt/anaconda3/envs/oa/lib/python3.10/subprocess.py", line 1209, in wait
    return self._wait(timeout=timeout)
  File "/opt/anaconda3/envs/oa/lib/python3.10/subprocess.py", line 1951, in _wait
    raise TimeoutExpired(self.args, timeout)
subprocess.TimeoutExpired: Command '['/usr/local/bin/chromedriver', '--port=54622']' timed out after 60 seconds
2024-08-28 18:36:13,064 - INFO - 打开网址: https://myoa.omenow.com/Schedule/MySchedule/
2024-08-28 18:36:18,225 - INFO - 输入用户名和密码
2024-08-28 18:36:18,370 - INFO - 点击登录按钮
2024-08-28 18:36:41,750 - INFO - 检查签出按钮状态
2024-08-28 18:36:41,782 - INFO - 签出按钮当前处于禁用状态，无法点击。
2024-08-28 18:37:01,787 - INFO - 检查签入按钮状态
2024-08-28 18:37:01,813 - INFO - 签入按钮当前处于禁用状态，无法点击。
2024-08-28 18:37:17,648 - INFO - 关闭浏览器
2024-08-28 18:38:37,855 - ERROR - Service process refused to terminate gracefully with SIGTERM, escalating to SIGKILL.
Traceback (most recent call last):
  File "/opt/anaconda3/envs/oa/lib/python3.10/site-packages/selenium/webdriver/common/service.py", line 172, in _terminate_process
    self.process.wait(60)
  File "/opt/anaconda3/envs/oa/lib/python3.10/subprocess.py", line 1209, in wait
    return self._wait(timeout=timeout)
  File "/opt/anaconda3/envs/oa/lib/python3.10/subprocess.py", line 1951, in _wait
    raise TimeoutExpired(self.args, timeout)
subprocess.TimeoutExpired: Command '['/usr/local/bin/chromedriver', '--port=54988']' timed out after 60 seconds
2024-08-28 18:40:08,616 - INFO - 打开网址: https://myoa.omenow.com/Schedule/MySchedule/
2024-08-28 18:40:15,731 - INFO - 输入用户名和密码
2024-08-28 18:40:19,340 - INFO - 点击登录按钮
2024-08-28 18:40:45,173 - INFO - 检查签出按钮状态
2024-08-28 18:40:45,208 - INFO - 签出按钮当前处于禁用状态，无法点击。
2024-08-28 18:41:05,213 - INFO - 检查签入按钮状态
2024-08-28 18:41:05,233 - INFO - 签入按钮当前处于禁用状态，无法点击。
2024-08-28 18:41:21,384 - INFO - 关闭浏览器
2024-08-28 18:42:40,853 - ERROR - Service process refused to terminate gracefully with SIGTERM, escalating to SIGKILL.
Traceback (most recent call last):
  File "/opt/anaconda3/envs/oa/lib/python3.10/site-packages/selenium/webdriver/common/service.py", line 172, in _terminate_process
    self.process.wait(60)
  File "/opt/anaconda3/envs/oa/lib/python3.10/subprocess.py", line 1209, in wait
    return self._wait(timeout=timeout)
  File "/opt/anaconda3/envs/oa/lib/python3.10/subprocess.py", line 1951, in _wait
    raise TimeoutExpired(self.args, timeout)
subprocess.TimeoutExpired: Command '['/usr/local/bin/chromedriver', '--port=55220']' timed out after 60 seconds
2024-08-28 18:43:08,196 - INFO - 打开网址: https://myoa.omenow.com/Schedule/MySchedule/
2024-08-28 18:43:10,914 - INFO - 输入用户名和密码
2024-08-28 18:43:10,986 - INFO - 点击登录按钮
2024-08-28 18:43:33,685 - INFO - 检查签出按钮状态
2024-08-28 18:43:33,718 - INFO - 签出按钮当前处于禁用状态，无法点击。
2024-08-28 18:43:53,729 - INFO - 检查签入按钮状态
2024-08-28 18:43:53,765 - INFO - 签入按钮当前处于禁用状态，无法点击。
2024-08-28 18:44:09,237 - INFO - 关闭浏览器
2024-08-28 18:45:36,724 - ERROR - Service process refused to terminate gracefully with SIGTERM, escalating to SIGKILL.
Traceback (most recent call last):
  File "/opt/anaconda3/envs/oa/lib/python3.10/site-packages/selenium/webdriver/common/service.py", line 172, in _terminate_process
    self.process.wait(60)
  File "/opt/anaconda3/envs/oa/lib/python3.10/subprocess.py", line 1209, in wait
    return self._wait(timeout=timeout)
  File "/opt/anaconda3/envs/oa/lib/python3.10/subprocess.py", line 1951, in _wait
    raise TimeoutExpired(self.args, timeout)
subprocess.TimeoutExpired: Command '['/usr/local/bin/chromedriver', '--port=55458']' timed out after 60 seconds
2024-08-28 19:04:05,115 - INFO - 打开网址: https://myoa.omenow.com/Schedule/MySchedule/
2024-08-28 19:04:06,520 - INFO - 输入用户名和密码
2024-08-28 19:04:06,623 - INFO - 点击登录按钮
2024-08-28 19:04:27,888 - INFO - 检查签出按钮状态
2024-08-28 19:04:27,920 - INFO - 签出按钮当前处于禁用状态，无法点击。
2024-08-28 19:04:47,922 - INFO - 检查签入按钮状态
2024-08-28 19:04:47,958 - INFO - 签入按钮当前处于禁用状态，无法点击。
2024-08-28 19:05:03,142 - INFO - 关闭浏览器
2024-08-29 07:32:14,806 - INFO - 打开网址: https://myoa.omenow.com/Schedule/MySchedule/
2024-08-29 07:32:15,985 - INFO - 输入用户名和密码
2024-08-29 07:32:16,060 - INFO - 点击登录按钮
2024-08-29 07:32:36,469 - INFO - 今天是工作日，执行签出签入流程。
2024-08-29 07:32:36,470 - INFO - 今天是星期3
2024-08-29 07:32:36,470 - INFO - 检查签出按钮状态
2024-08-29 07:32:36,541 - INFO - 签出 按钮已点击。
2024-08-29 07:32:41,613 - INFO - 签出 弹窗关闭按钮已点击。
2024-08-29 07:33:21,978 - INFO - 检查签入按钮状态
2024-08-29 07:33:22,012 - INFO - 检查签出按钮状态以决定是否点击签入按钮
2024-08-29 07:33:22,068 - INFO - 签入 按钮已点击。
2024-08-29 07:33:27,142 - INFO - 签入 弹窗关闭按钮已点击。
2024-08-29 07:33:37,153 - INFO - 关闭浏览器
2024-08-29 09:51:12,974 - INFO - 打开网址: https://myoa.omenow.com/Schedule/MySchedule/
2024-08-29 09:51:19,913 - INFO - 输入用户名和密码
2024-08-29 09:51:19,995 - INFO - 点击登录按钮
2024-08-29 09:51:43,247 - INFO - ---------------------------------------------------
2024-08-29 09:51:43,247 - INFO - 今天是工作日，执行签出签入流程。
2024-08-29 09:51:43,247 - INFO - 今天是星期3
2024-08-29 09:51:43,247 - INFO - 检查签出按钮状态
2024-08-29 09:51:43,267 - INFO - 签出按钮当前处于禁用状态，无法点击。
2024-08-29 09:52:03,268 - INFO - 检查签入按钮状态
2024-08-29 09:52:03,301 - INFO - 签入按钮当前处于禁用状态，无法点击。
2024-08-29 09:52:18,995 - INFO - 关闭浏览器
2024-08-29 09:53:43,952 - ERROR - Service process refused to terminate gracefully with SIGTERM, escalating to SIGKILL.
Traceback (most recent call last):
  File "/opt/anaconda3/envs/oa/lib/python3.10/site-packages/selenium/webdriver/common/service.py", line 172, in _terminate_process
    self.process.wait(60)
  File "/opt/anaconda3/envs/oa/lib/python3.10/subprocess.py", line 1209, in wait
    return self._wait(timeout=timeout)
  File "/opt/anaconda3/envs/oa/lib/python3.10/subprocess.py", line 1951, in _wait
    raise TimeoutExpired(self.args, timeout)
subprocess.TimeoutExpired: Command '['/usr/local/bin/chromedriver', '--port=49937']' timed out after 60 seconds
2024-08-29 10:22:04,678 - INFO - 打开网址: https://myoa.omenow.com/Schedule/MySchedule/
2024-08-29 10:22:11,805 - INFO - 输入用户名和密码
2024-08-29 10:22:18,927 - INFO - 点击登录按钮
2024-08-29 10:22:43,660 - INFO - ---------------------------------------------------
2024-08-29 10:22:43,661 - INFO - 今天是工作日，执行签出签入流程。
2024-08-29 10:22:43,661 - INFO - 今天是星期3
2024-08-29 10:22:43,662 - INFO - 检查签出按钮状态
2024-08-29 10:22:43,695 - INFO - 签出按钮当前处于禁用状态，无法点击。
2024-08-29 10:23:03,700 - INFO - 检查签入按钮状态
2024-08-29 10:23:03,734 - INFO - 签入按钮当前处于禁用状态，无法点击。
2024-08-29 10:23:20,200 - INFO - 关闭浏览器
2024-08-29 10:24:36,596 - ERROR - Service process refused to terminate gracefully with SIGTERM, escalating to SIGKILL.
Traceback (most recent call last):
  File "/opt/anaconda3/envs/oa/lib/python3.10/site-packages/selenium/webdriver/common/service.py", line 172, in _terminate_process
    self.process.wait(60)
  File "/opt/anaconda3/envs/oa/lib/python3.10/subprocess.py", line 1209, in wait
    return self._wait(timeout=timeout)
  File "/opt/anaconda3/envs/oa/lib/python3.10/subprocess.py", line 1951, in _wait
    raise TimeoutExpired(self.args, timeout)
subprocess.TimeoutExpired: Command '['/usr/local/bin/chromedriver', '--port=51880']' timed out after 60 seconds
2024-08-29 10:33:04,858 - INFO - 打开网址: https://myoa.omenow.com/Schedule/MySchedule/
2024-08-29 10:33:13,701 - INFO - 输入用户名和密码
2024-08-29 10:33:13,844 - INFO - 点击登录按钮
2024-08-29 10:33:36,641 - INFO - ---------------------------------------------------
2024-08-29 10:33:36,641 - INFO - 今天是工作日，执行签出签入流程。
2024-08-29 10:33:36,641 - INFO - 今天是星期3
2024-08-29 10:33:36,641 - INFO - 检查签出按钮状态
2024-08-29 10:33:36,719 - INFO - 签出 按钮已点击。
2024-08-29 10:33:41,791 - INFO - 签出 弹窗关闭按钮已点击。
2024-08-29 10:34:06,800 - INFO - 检查签入按钮状态
2024-08-29 10:34:06,819 - INFO - 检查签出按钮状态以决定是否点击签入按钮
2024-08-29 10:34:06,874 - INFO - 签入 按钮已点击。
2024-08-29 10:34:11,936 - INFO - 签入 弹窗关闭按钮已点击。
2024-08-29 10:34:21,942 - INFO - 关闭浏览器
2024-08-29 10:35:39,561 - ERROR - Service process refused to terminate gracefully with SIGTERM, escalating to SIGKILL.
Traceback (most recent call last):
  File "/opt/anaconda3/envs/oa/lib/python3.10/site-packages/selenium/webdriver/common/service.py", line 172, in _terminate_process
    self.process.wait(60)
  File "/opt/anaconda3/envs/oa/lib/python3.10/subprocess.py", line 1209, in wait
    return self._wait(timeout=timeout)
  File "/opt/anaconda3/envs/oa/lib/python3.10/subprocess.py", line 1951, in _wait
    raise TimeoutExpired(self.args, timeout)
subprocess.TimeoutExpired: Command '['/usr/local/bin/chromedriver', '--port=52973']' timed out after 60 seconds
2024-08-29 11:04:02,156 - INFO - 打开网址: https://myoa.omenow.com/Schedule/MySchedule/
2024-08-29 11:04:09,080 - INFO - 输入用户名和密码
2024-08-29 11:04:09,193 - INFO - 点击登录按钮
2024-08-29 11:04:35,120 - INFO - ---------------------------------------------------
2024-08-29 11:04:35,120 - INFO - 今天是工作日，执行签出签入流程。
2024-08-29 11:04:35,120 - INFO - 今天是星期3
2024-08-29 11:04:35,120 - INFO - 检查签出按钮状态
2024-08-29 11:04:35,149 - INFO - 签出按钮当前处于禁用状态，无法点击。
2024-08-29 11:04:55,154 - INFO - 检查签入按钮状态
2024-08-29 11:04:55,187 - INFO - 签入按钮当前处于禁用状态，无法点击。
2024-08-29 11:05:11,163 - INFO - 关闭浏览器
2024-08-29 11:06:35,263 - ERROR - Service process refused to terminate gracefully with SIGTERM, escalating to SIGKILL.
Traceback (most recent call last):
  File "/opt/anaconda3/envs/oa/lib/python3.10/site-packages/selenium/webdriver/common/service.py", line 172, in _terminate_process
    self.process.wait(60)
  File "/opt/anaconda3/envs/oa/lib/python3.10/subprocess.py", line 1209, in wait
    return self._wait(timeout=timeout)
  File "/opt/anaconda3/envs/oa/lib/python3.10/subprocess.py", line 1951, in _wait
    raise TimeoutExpired(self.args, timeout)
subprocess.TimeoutExpired: Command '['/usr/local/bin/chromedriver', '--port=55803']' timed out after 60 seconds
2024-08-30 07:15:03,964 - INFO - 打开网址: https://myoa.omenow.com/Schedule/MySchedule/
2024-08-30 07:15:05,243 - INFO - 输入用户名和密码
2024-08-30 07:15:05,338 - INFO - 点击登录按钮
2024-08-30 07:15:25,517 - INFO - ---------------------------------------------------
2024-08-30 07:15:25,518 - INFO - 今天是工作日，执行签出签入流程。
2024-08-30 07:15:25,518 - INFO - 今天是星期4
2024-08-30 07:15:25,518 - INFO - 检查签出按钮状态
2024-08-30 07:15:25,523 - ERROR - 发生异常: Message: no such window: target window already closed
from unknown error: web view not found
  (Session info: chrome=128.0.6613.113)
Stacktrace:
0   chromedriver                        0x0000000100b43988 cxxbridge1$str$ptr + 1887096
1   chromedriver                        0x0000000100b3bdf0 cxxbridge1$str$ptr + 1855456
2   chromedriver                        0x0000000100740be0 cxxbridge1$string$len + 89508
3   chromedriver                        0x000000010071bef0 core::str::slice_error_fail::h6c488016ada29016 + 3756
4   chromedriver                        0x00000001007ab790 cxxbridge1$string$len + 526676
5   chromedriver                        0x00000001007bdeec cxxbridge1$string$len + 602288
6   chromedriver                        0x0000000100779a08 cxxbridge1$string$len + 322508
7   chromedriver                        0x000000010077a66c cxxbridge1$string$len + 325680
8   chromedriver                        0x0000000100b0a048 cxxbridge1$str$ptr + 1651256
9   chromedriver                        0x0000000100b0e97c cxxbridge1$str$ptr + 1669996
10  chromedriver                        0x0000000100aef1dc cxxbridge1$str$ptr + 1541068
11  chromedriver                        0x0000000100b0f24c cxxbridge1$str$ptr + 1672252
12  chromedriver                        0x0000000100ae07f0 cxxbridge1$str$ptr + 1481184
13  chromedriver                        0x0000000100b2d0e8 cxxbridge1$str$ptr + 1794776
14  chromedriver                        0x0000000100b2d264 cxxbridge1$str$ptr + 1795156
15  chromedriver                        0x0000000100b3ba8c cxxbridge1$str$ptr + 1854588
16  libsystem_pthread.dylib             0x000000019019ffa8 _pthread_start + 148
17  libsystem_pthread.dylib             0x000000019019ada0 thread_start + 8

2024-08-30 07:15:25,524 - INFO - 关闭浏览器
2024-08-30 08:24:16,810 - INFO - 打开网址: https://myoa.omenow.com/Schedule/MySchedule/
2024-08-30 08:24:19,740 - INFO - 输入用户名和密码
2024-08-30 08:24:19,836 - INFO - 点击登录按钮
2024-08-30 08:24:42,430 - INFO - ---------------------------------------------------
2024-08-30 08:24:42,430 - INFO - 今天是工作日，执行签出签入流程。
2024-08-30 08:24:42,431 - INFO - 今天是星期4
2024-08-30 08:24:42,431 - INFO - 检查签出按钮状态
2024-08-30 08:24:42,464 - INFO - 签出按钮当前处于禁用状态，无法点击。
2024-08-30 08:25:02,471 - INFO - 检查签入按钮状态
2024-08-30 08:25:02,501 - INFO - 签入按钮当前处于禁用状态，无法点击。
2024-08-30 08:25:17,863 - INFO - 关闭浏览器
2024-08-30 08:26:39,012 - ERROR - Service process refused to terminate gracefully with SIGTERM, escalating to SIGKILL.
Traceback (most recent call last):
  File "/opt/anaconda3/envs/oa/lib/python3.10/site-packages/selenium/webdriver/common/service.py", line 172, in _terminate_process
    self.process.wait(60)
  File "/opt/anaconda3/envs/oa/lib/python3.10/subprocess.py", line 1209, in wait
    return self._wait(timeout=timeout)
  File "/opt/anaconda3/envs/oa/lib/python3.10/subprocess.py", line 1951, in _wait
    raise TimeoutExpired(self.args, timeout)
subprocess.TimeoutExpired: Command '['/usr/local/bin/chromedriver', '--port=53457']' timed out after 60 seconds
2024-08-30 08:34:09,286 - INFO - 打开网址: https://myoa.omenow.com/Schedule/MySchedule/
2024-08-30 08:34:12,633 - INFO - 输入用户名和密码
2024-08-30 08:34:12,711 - INFO - 点击登录按钮
2024-08-30 08:34:35,004 - INFO - ---------------------------------------------------
2024-08-30 08:34:35,009 - INFO - 今天是工作日，执行签出签入流程。
2024-08-30 08:34:35,010 - INFO - 今天是星期4
2024-08-30 08:34:35,010 - INFO - 检查签出按钮状态
2024-08-30 08:34:35,033 - INFO - 签出按钮当前处于禁用状态，无法点击。
2024-08-30 08:34:55,038 - INFO - 检查签入按钮状态
2024-08-30 08:34:55,061 - INFO - 签入按钮当前处于禁用状态，无法点击。
2024-08-30 08:35:11,003 - INFO - 关闭浏览器
2024-08-30 08:36:29,557 - ERROR - Service process refused to terminate gracefully with SIGTERM, escalating to SIGKILL.
Traceback (most recent call last):
  File "/opt/anaconda3/envs/oa/lib/python3.10/site-packages/selenium/webdriver/common/service.py", line 172, in _terminate_process
    self.process.wait(60)
  File "/opt/anaconda3/envs/oa/lib/python3.10/subprocess.py", line 1209, in wait
    return self._wait(timeout=timeout)
  File "/opt/anaconda3/envs/oa/lib/python3.10/subprocess.py", line 1951, in _wait
    raise TimeoutExpired(self.args, timeout)
subprocess.TimeoutExpired: Command '['/usr/local/bin/chromedriver', '--port=53922']' timed out after 60 seconds
2024-08-30 08:48:49,404 - INFO - 打开网址: https://myoa.omenow.com/Schedule/MySchedule/
2024-08-30 08:49:07,209 - INFO - 输入用户名和密码
2024-08-30 08:49:07,319 - INFO - 点击登录按钮
2024-08-30 08:49:31,305 - INFO - ---------------------------------------------------
2024-08-30 08:49:31,308 - INFO - 今天是工作日，执行签出签入流程。
2024-08-30 08:49:31,308 - INFO - 今天是星期4
2024-08-30 08:49:31,308 - INFO - 检查签出按钮状态
2024-08-30 08:49:31,343 - INFO - 签出按钮当前处于禁用状态，无法点击。
2024-08-30 08:49:51,349 - INFO - 检查签入按钮状态
2024-08-30 08:49:51,382 - INFO - 签入按钮当前处于禁用状态，无法点击。
2024-08-30 08:50:08,348 - INFO - 关闭浏览器
2024-08-30 08:51:33,752 - ERROR - Service process refused to terminate gracefully with SIGTERM, escalating to SIGKILL.
Traceback (most recent call last):
  File "/opt/anaconda3/envs/oa/lib/python3.10/site-packages/selenium/webdriver/common/service.py", line 172, in _terminate_process
    self.process.wait(60)
  File "/opt/anaconda3/envs/oa/lib/python3.10/subprocess.py", line 1209, in wait
    return self._wait(timeout=timeout)
  File "/opt/anaconda3/envs/oa/lib/python3.10/subprocess.py", line 1951, in _wait
    raise TimeoutExpired(self.args, timeout)
subprocess.TimeoutExpired: Command '['/usr/local/bin/chromedriver', '--port=54633']' timed out after 60 seconds
2024-08-30 09:01:51,154 - INFO - 打开网址: https://myoa.omenow.com/Schedule/MySchedule/
2024-08-30 09:02:00,086 - INFO - 输入用户名和密码
2024-08-30 09:02:00,166 - INFO - 点击登录按钮
2024-08-30 09:02:28,650 - INFO - ---------------------------------------------------
2024-08-30 09:02:28,651 - INFO - 今天是工作日，执行签出签入流程。
2024-08-30 09:02:28,651 - INFO - 今天是星期4
2024-08-30 09:02:28,652 - INFO - 检查签出按钮状态
2024-08-30 09:02:28,685 - INFO - 签出按钮当前处于禁用状态，无法点击。
2024-08-30 09:02:48,690 - INFO - 检查签入按钮状态
2024-08-30 09:02:48,724 - INFO - 签入按钮当前处于禁用状态，无法点击。
2024-08-30 09:03:05,495 - INFO - 关闭浏览器
2024-08-30 09:04:29,442 - ERROR - Service process refused to terminate gracefully with SIGTERM, escalating to SIGKILL.
Traceback (most recent call last):
  File "/opt/anaconda3/envs/oa/lib/python3.10/site-packages/selenium/webdriver/common/service.py", line 172, in _terminate_process
    self.process.wait(60)
  File "/opt/anaconda3/envs/oa/lib/python3.10/subprocess.py", line 1209, in wait
    return self._wait(timeout=timeout)
  File "/opt/anaconda3/envs/oa/lib/python3.10/subprocess.py", line 1951, in _wait
    raise TimeoutExpired(self.args, timeout)
subprocess.TimeoutExpired: Command '['/usr/local/bin/chromedriver', '--port=55257']' timed out after 60 seconds
2024-08-30 09:13:10,766 - INFO - 打开网址: https://myoa.omenow.com/Schedule/MySchedule/
2024-08-30 09:13:23,544 - INFO - 输入用户名和密码
2024-08-30 09:13:23,643 - INFO - 点击登录按钮
2024-08-30 09:14:05,722 - INFO - ---------------------------------------------------
2024-08-30 09:14:05,723 - INFO - 今天是工作日，执行签出签入流程。
2024-08-30 09:14:05,723 - INFO - 今天是星期4
2024-08-30 09:14:05,723 - INFO - 检查签出按钮状态
2024-08-30 09:14:05,769 - INFO - 签出按钮当前处于禁用状态，无法点击。
2024-08-30 09:14:25,774 - INFO - 检查签入按钮状态
2024-08-30 09:14:25,802 - INFO - 签入按钮当前处于禁用状态，无法点击。
2024-08-30 09:14:41,520 - INFO - 关闭浏览器
2024-08-30 09:16:05,557 - ERROR - Service process refused to terminate gracefully with SIGTERM, escalating to SIGKILL.
Traceback (most recent call last):
  File "/opt/anaconda3/envs/oa/lib/python3.10/site-packages/selenium/webdriver/common/service.py", line 172, in _terminate_process
    self.process.wait(60)
  File "/opt/anaconda3/envs/oa/lib/python3.10/subprocess.py", line 1209, in wait
    return self._wait(timeout=timeout)
  File "/opt/anaconda3/envs/oa/lib/python3.10/subprocess.py", line 1951, in _wait
    raise TimeoutExpired(self.args, timeout)
subprocess.TimeoutExpired: Command '['/usr/local/bin/chromedriver', '--port=55928']' timed out after 60 seconds
2024-08-30 09:20:05,437 - INFO - 打开网址: https://myoa.omenow.com/Schedule/MySchedule/
2024-08-30 09:20:12,345 - INFO - 输入用户名和密码
2024-08-30 09:20:12,440 - INFO - 点击登录按钮
2024-08-30 09:20:41,682 - INFO - ---------------------------------------------------
2024-08-30 09:20:41,683 - INFO - 今天是工作日，执行签出签入流程。
2024-08-30 09:20:41,683 - INFO - 今天是星期4
2024-08-30 09:20:41,683 - INFO - 检查签出按钮状态
2024-08-30 09:20:41,719 - INFO - 签出按钮当前处于禁用状态，无法点击。
2024-08-30 09:21:01,722 - INFO - 检查签入按钮状态
2024-08-30 09:21:01,754 - INFO - 签入按钮当前处于禁用状态，无法点击。
2024-08-30 09:21:18,087 - INFO - 关闭浏览器
2024-08-30 09:22:41,073 - ERROR - Service process refused to terminate gracefully with SIGTERM, escalating to SIGKILL.
Traceback (most recent call last):
  File "/opt/anaconda3/envs/oa/lib/python3.10/site-packages/selenium/webdriver/common/service.py", line 172, in _terminate_process
    self.process.wait(60)
  File "/opt/anaconda3/envs/oa/lib/python3.10/subprocess.py", line 1209, in wait
    return self._wait(timeout=timeout)
  File "/opt/anaconda3/envs/oa/lib/python3.10/subprocess.py", line 1951, in _wait
    raise TimeoutExpired(self.args, timeout)
subprocess.TimeoutExpired: Command '['/usr/local/bin/chromedriver', '--port=56390']' timed out after 60 seconds
2024-08-30 09:24:04,430 - INFO - 打开网址: https://myoa.omenow.com/Schedule/MySchedule/
2024-08-30 09:24:13,129 - INFO - 输入用户名和密码
2024-08-30 09:24:13,214 - INFO - 点击登录按钮
2024-08-30 09:24:38,366 - INFO - ---------------------------------------------------
2024-08-30 09:24:38,367 - INFO - 今天是工作日，执行签出签入流程。
2024-08-30 09:24:38,367 - INFO - 今天是星期4
2024-08-30 09:24:38,368 - INFO - 检查签出按钮状态
2024-08-30 09:24:38,399 - INFO - 签出按钮当前处于禁用状态，无法点击。
2024-08-30 09:24:58,405 - INFO - 检查签入按钮状态
2024-08-30 09:24:58,439 - INFO - 签入按钮当前处于禁用状态，无法点击。
2024-08-30 09:25:14,544 - INFO - 关闭浏览器
2024-08-30 09:26:59,148 - ERROR - Service process refused to terminate gracefully with SIGTERM, escalating to SIGKILL.
Traceback (most recent call last):
  File "/opt/anaconda3/envs/oa/lib/python3.10/site-packages/selenium/webdriver/common/service.py", line 172, in _terminate_process
    self.process.wait(60)
  File "/opt/anaconda3/envs/oa/lib/python3.10/subprocess.py", line 1209, in wait
    return self._wait(timeout=timeout)
  File "/opt/anaconda3/envs/oa/lib/python3.10/subprocess.py", line 1951, in _wait
    raise TimeoutExpired(self.args, timeout)
subprocess.TimeoutExpired: Command '['/usr/local/bin/chromedriver', '--port=56705']' timed out after 60 seconds
2024-08-30 09:32:03,871 - INFO - 打开网址: https://myoa.omenow.com/Schedule/MySchedule/
2024-08-30 09:32:16,154 - INFO - 输入用户名和密码
2024-08-30 09:32:16,233 - INFO - 点击登录按钮
2024-08-30 09:32:45,186 - INFO - ---------------------------------------------------
2024-08-30 09:32:45,187 - INFO - 今天是工作日，执行签出签入流程。
2024-08-30 09:32:45,187 - INFO - 今天是星期4
2024-08-30 09:32:45,187 - INFO - 检查签出按钮状态
2024-08-30 09:32:45,221 - INFO - 签出按钮当前处于禁用状态，无法点击。
2024-08-30 09:33:05,225 - INFO - 检查签入按钮状态
2024-08-30 09:33:05,263 - INFO - 签入按钮当前处于禁用状态，无法点击。
2024-08-30 09:33:21,742 - INFO - 关闭浏览器
2024-08-30 09:35:00,698 - ERROR - Service process refused to terminate gracefully with SIGTERM, escalating to SIGKILL.
Traceback (most recent call last):
  File "/opt/anaconda3/envs/oa/lib/python3.10/site-packages/selenium/webdriver/common/service.py", line 172, in _terminate_process
    self.process.wait(60)
  File "/opt/anaconda3/envs/oa/lib/python3.10/subprocess.py", line 1209, in wait
    return self._wait(timeout=timeout)
  File "/opt/anaconda3/envs/oa/lib/python3.10/subprocess.py", line 1951, in _wait
    raise TimeoutExpired(self.args, timeout)
subprocess.TimeoutExpired: Command '['/usr/local/bin/chromedriver', '--port=57185']' timed out after 60 seconds
2024-08-30 09:55:04,156 - INFO - 打开网址: https://myoa.omenow.com/Schedule/MySchedule/
2024-08-30 09:55:13,918 - INFO - 输入用户名和密码
2024-08-30 09:55:14,005 - INFO - 点击登录按钮
2024-08-30 09:55:40,953 - INFO - ---------------------------------------------------
2024-08-30 09:55:40,953 - INFO - 今天是工作日，执行签出签入流程。
2024-08-30 09:55:40,953 - INFO - 今天是星期4
2024-08-30 09:55:40,953 - INFO - 检查签出按钮状态
2024-08-30 09:55:40,985 - INFO - 签出按钮当前处于禁用状态，无法点击。
2024-08-30 09:56:00,990 - INFO - 检查签入按钮状态
2024-08-30 09:56:01,011 - INFO - 签入按钮当前处于禁用状态，无法点击。
2024-08-30 09:56:17,769 - INFO - 关闭浏览器
2024-08-30 09:58:00,006 - ERROR - Service process refused to terminate gracefully with SIGTERM, escalating to SIGKILL.
Traceback (most recent call last):
  File "/opt/anaconda3/envs/oa/lib/python3.10/site-packages/selenium/webdriver/common/service.py", line 172, in _terminate_process
    self.process.wait(60)
  File "/opt/anaconda3/envs/oa/lib/python3.10/subprocess.py", line 1209, in wait
    return self._wait(timeout=timeout)
  File "/opt/anaconda3/envs/oa/lib/python3.10/subprocess.py", line 1951, in _wait
    raise TimeoutExpired(self.args, timeout)
subprocess.TimeoutExpired: Command '['/usr/local/bin/chromedriver', '--port=58606']' timed out after 60 seconds
2024-08-30 10:17:10,680 - INFO - 打开网址: https://myoa.omenow.com/Schedule/MySchedule/
2024-08-30 10:17:21,956 - INFO - 输入用户名和密码
2024-08-30 10:17:22,065 - INFO - 点击登录按钮
2024-08-30 10:17:57,944 - INFO - ---------------------------------------------------
2024-08-30 10:17:57,945 - INFO - 今天是工作日，执行签出签入流程。
2024-08-30 10:17:57,947 - INFO - 今天是星期4
2024-08-30 10:17:57,947 - INFO - 检查签出按钮状态
2024-08-30 10:17:57,978 - INFO - 签出按钮当前处于禁用状态，无法点击。
2024-08-30 10:18:17,982 - INFO - 检查签入按钮状态
2024-08-30 10:18:18,014 - INFO - 签入按钮当前处于禁用状态，无法点击。
2024-08-30 10:18:34,295 - INFO - 关闭浏览器
2024-08-30 10:20:08,806 - ERROR - Service process refused to terminate gracefully with SIGTERM, escalating to SIGKILL.
Traceback (most recent call last):
  File "/opt/anaconda3/envs/oa/lib/python3.10/site-packages/selenium/webdriver/common/service.py", line 172, in _terminate_process
    self.process.wait(60)
  File "/opt/anaconda3/envs/oa/lib/python3.10/subprocess.py", line 1209, in wait
    return self._wait(timeout=timeout)
  File "/opt/anaconda3/envs/oa/lib/python3.10/subprocess.py", line 1951, in _wait
    raise TimeoutExpired(self.args, timeout)
subprocess.TimeoutExpired: Command '['/usr/local/bin/chromedriver', '--port=59617']' timed out after 60 seconds
2024-08-30 10:43:22,493 - INFO - 打开网址: https://myoa.omenow.com/Schedule/MySchedule/
2024-08-30 10:43:25,668 - ERROR - 发生异常: ('Connection aborted.', RemoteDisconnected('Remote end closed connection without response'))
2024-08-30 10:43:25,669 - INFO - 关闭浏览器
2024-08-30 10:43:25,672 - WARNING - Retrying (Retry(total=2, connect=None, read=None, redirect=None, status=None)) after connection broken by 'NewConnectionError('<urllib3.connection.HTTPConnection object at 0x1039338b0>: Failed to establish a new connection: [Errno 61] Connection refused')': /session/0c1cb9180a96d6a84ec9da80352e53b9/url
2024-08-30 10:43:25,674 - WARNING - Retrying (Retry(total=1, connect=None, read=None, redirect=None, status=None)) after connection broken by 'NewConnectionError('<urllib3.connection.HTTPConnection object at 0x103933a60>: Failed to establish a new connection: [Errno 61] Connection refused')': /session/0c1cb9180a96d6a84ec9da80352e53b9/url
2024-08-30 10:43:25,675 - WARNING - Retrying (Retry(total=0, connect=None, read=None, redirect=None, status=None)) after connection broken by 'NewConnectionError('<urllib3.connection.HTTPConnection object at 0x103933c10>: Failed to establish a new connection: [Errno 61] Connection refused')': /session/0c1cb9180a96d6a84ec9da80352e53b9/url
2024-08-30 11:35:16,631 - INFO - 打开网址: https://myoa.omenow.com/Schedule/MySchedule/
2024-08-30 11:35:18,175 - INFO - 输入用户名和密码
2024-08-30 11:35:18,277 - INFO - 点击登录按钮
2024-08-30 11:35:38,438 - INFO - ---------------------------------------------------
2024-08-30 11:35:38,438 - INFO - 今天是工作日，执行签出签入流程。
2024-08-30 11:35:38,438 - INFO - 今天是星期4
2024-08-30 11:35:38,438 - INFO - 检查签出按钮状态
2024-08-30 11:35:38,519 - INFO - 签出 按钮已点击。
2024-08-30 11:35:43,585 - INFO - 签出 弹窗关闭按钮已点击。
2024-08-30 11:36:08,593 - INFO - 检查签入按钮状态
2024-08-30 11:36:08,628 - INFO - 检查签出按钮状态以决定是否点击签入按钮
2024-08-30 11:36:08,683 - INFO - 签入 按钮已点击。
2024-08-30 11:36:13,750 - INFO - 签入 弹窗关闭按钮已点击。
2024-08-30 11:36:23,755 - INFO - 关闭浏览器
2024-08-30 11:38:01,551 - INFO - 打开网址: https://myoa.omenow.com/Schedule/MySchedule/
2024-08-30 11:38:02,773 - INFO - 输入用户名和密码
2024-08-30 11:38:02,877 - INFO - 点击登录按钮
2024-08-30 11:38:23,024 - INFO - ---------------------------------------------------
2024-08-30 11:38:23,025 - INFO - 今天是工作日，执行签出签入流程。
2024-08-30 11:38:23,025 - INFO - 今天是星期4
2024-08-30 11:38:23,025 - INFO - 检查签出按钮状态
2024-08-30 11:38:23,038 - INFO - 签出按钮当前处于禁用状态，无法点击。
2024-08-30 11:38:43,068 - INFO - 检查签入按钮状态
2024-08-30 11:38:43,082 - INFO - 签入按钮当前处于禁用状态，无法点击。
2024-08-30 11:38:58,488 - INFO - 关闭浏览器
2024-08-30 14:41:00,604 - INFO - 打开网址: https://myoa.omenow.com/Schedule/MySchedule/
2024-08-30 14:41:15,675 - INFO - 输入用户名和密码
2024-08-30 14:41:15,781 - INFO - 点击登录按钮
2024-08-30 14:41:43,914 - INFO - ---------------------------------------------------
2024-08-30 14:41:43,914 - INFO - 今天是工作日，执行签出签入流程。
2024-08-30 14:41:43,914 - INFO - 今天是星期4
2024-08-30 14:41:43,914 - INFO - 检查签出按钮状态
2024-08-30 14:41:43,935 - INFO - 签出按钮当前处于禁用状态，无法点击。
2024-08-30 14:42:03,942 - INFO - 检查签入按钮状态
2024-08-30 14:42:03,974 - INFO - 签入按钮当前处于禁用状态，无法点击。
2024-08-30 14:42:21,256 - INFO - 关闭浏览器
2024-08-30 14:43:47,804 - ERROR - Service process refused to terminate gracefully with SIGTERM, escalating to SIGKILL.
Traceback (most recent call last):
  File "/opt/anaconda3/envs/oa/lib/python3.10/site-packages/selenium/webdriver/common/service.py", line 172, in _terminate_process
    self.process.wait(60)
  File "/opt/anaconda3/envs/oa/lib/python3.10/subprocess.py", line 1209, in wait
    return self._wait(timeout=timeout)
  File "/opt/anaconda3/envs/oa/lib/python3.10/subprocess.py", line 1951, in _wait
    raise TimeoutExpired(self.args, timeout)
subprocess.TimeoutExpired: Command '['/usr/local/bin/chromedriver', '--port=55792']' timed out after 60 seconds
2024-08-30 14:50:43,053 - INFO - 打开网址: https://myoa.omenow.com/Schedule/MySchedule/
2024-08-30 14:51:08,278 - INFO - 输入用户名和密码
2024-08-30 14:51:08,396 - INFO - 点击登录按钮
2024-08-30 14:51:52,280 - INFO - ---------------------------------------------------
2024-08-30 14:51:52,281 - INFO - 今天是工作日，执行签出签入流程。
2024-08-30 14:51:52,281 - INFO - 今天是星期4
2024-08-30 14:51:52,281 - INFO - 检查签出按钮状态
2024-08-30 14:51:52,316 - INFO - 签出按钮当前处于禁用状态，无法点击。
2024-08-30 14:52:12,321 - INFO - 检查签入按钮状态
2024-08-30 14:52:12,353 - INFO - 签入按钮当前处于禁用状态，无法点击。
2024-08-30 14:52:30,738 - INFO - 关闭浏览器
2024-08-30 14:54:17,564 - ERROR - Service process refused to terminate gracefully with SIGTERM, escalating to SIGKILL.
Traceback (most recent call last):
  File "/opt/anaconda3/envs/oa/lib/python3.10/site-packages/selenium/webdriver/common/service.py", line 172, in _terminate_process
    self.process.wait(60)
  File "/opt/anaconda3/envs/oa/lib/python3.10/subprocess.py", line 1209, in wait
    return self._wait(timeout=timeout)
  File "/opt/anaconda3/envs/oa/lib/python3.10/subprocess.py", line 1951, in _wait
    raise TimeoutExpired(self.args, timeout)
subprocess.TimeoutExpired: Command '['/usr/local/bin/chromedriver', '--port=57860']' timed out after 60 seconds
2024-08-31 05:55:19,508 - INFO - 打开网址: https://myoa.omenow.com/Schedule/MySchedule/
2024-08-31 05:55:20,735 - INFO - 输入用户名和密码
2024-08-31 05:55:20,811 - INFO - 点击登录按钮
2024-08-31 05:55:40,956 - INFO - ---------------------------------------------------
2024-08-31 05:55:40,957 - INFO - 今天是周六，执行移动办公的流程
2024-08-31 05:55:51,277 - ERROR - 发生异常: Message: 

2024-08-31 05:55:51,278 - INFO - 关闭浏览器
2024-09-02 07:30:17,626 - INFO - 打开网址: https://myoa.omenow.com/Schedule/MySchedule/
2024-09-02 07:30:19,524 - INFO - 输入用户名和密码
2024-09-02 07:30:19,604 - INFO - 点击登录按钮
2024-09-02 07:30:41,691 - INFO - ---------------------------------------------------
2024-09-02 07:30:41,692 - INFO - 今天是工作日，执行签出签入流程。
2024-09-02 07:30:41,694 - INFO - 今天是星期0
2024-09-02 07:30:41,694 - INFO - 检查签出按钮状态
2024-09-02 07:30:41,787 - INFO - 签出 按钮已点击。
2024-09-02 07:30:46,853 - INFO - 签出 弹窗关闭按钮已点击。
2024-09-02 07:31:11,858 - INFO - 检查签入按钮状态
2024-09-02 07:31:11,892 - INFO - 检查签出按钮状态以决定是否点击签入按钮
2024-09-02 07:31:11,947 - INFO - 签入 按钮已点击。
2024-09-02 07:31:17,011 - INFO - 签入 弹窗关闭按钮已点击。
2024-09-02 07:31:27,016 - INFO - 关闭浏览器
2024-09-02 07:33:16,312 - INFO - 打开网址: https://myoa.omenow.com/Schedule/MySchedule/
2024-09-02 07:33:17,629 - INFO - 输入用户名和密码
2024-09-02 07:33:17,730 - INFO - 点击登录按钮
2024-09-02 07:33:37,957 - INFO - ---------------------------------------------------
2024-09-02 07:33:37,958 - INFO - 今天是工作日，执行签出签入流程。
2024-09-02 07:33:37,958 - INFO - 今天是星期0
2024-09-02 07:33:37,958 - INFO - 检查签出按钮状态
2024-09-02 07:33:37,991 - INFO - 签出按钮当前处于禁用状态，无法点击。
2024-09-02 07:33:57,996 - INFO - 检查签入按钮状态
2024-09-02 07:33:58,028 - INFO - 签入按钮当前处于禁用状态，无法点击。
2024-09-02 07:34:13,220 - INFO - 关闭浏览器
2024-09-02 12:00:16,786 - INFO - 打开网址: https://myoa.omenow.com/Schedule/MySchedule/
2024-09-02 12:00:18,201 - INFO - 输入用户名和密码
2024-09-02 12:00:18,294 - INFO - 点击登录按钮
2024-09-02 12:00:38,605 - INFO - ---------------------------------------------------
2024-09-02 12:00:38,605 - INFO - 今天是工作日，执行签出签入流程。
2024-09-02 12:00:38,605 - INFO - 今天是星期0
2024-09-02 12:00:38,605 - INFO - 检查签出按钮状态
2024-09-02 12:00:38,694 - INFO - 签出 按钮已点击。
2024-09-02 12:00:43,744 - INFO - 签出 弹窗关闭按钮已点击。
2024-09-02 12:01:08,754 - INFO - 检查签入按钮状态
2024-09-02 12:01:08,787 - INFO - 检查签出按钮状态以决定是否点击签入按钮
2024-09-02 12:01:08,843 - INFO - 签入 按钮已点击。
2024-09-02 12:01:13,905 - INFO - 签入 弹窗关闭按钮已点击。
2024-09-02 12:01:23,915 - INFO - 关闭浏览器
2024-09-02 16:42:47,050 - INFO - Current time: 2024-09-02 16:42:47
2024-09-02 16:42:48,133 - INFO - 打开网址: https://myoa.omenow.com/Schedule/MySchedule/
2024-09-02 16:42:52,126 - INFO - 输入用户名和密码
2024-09-02 16:42:54,830 - INFO - 点击登录按钮
2024-09-02 16:43:19,162 - INFO - 周六才需要移动办公签出
2024-09-02 16:43:19,163 - INFO - 关闭浏览器
2024-09-02 16:48:13,060 - INFO - Current time: 2024-09-02 16:48:13
2024-09-02 16:48:13,708 - INFO - 打开网址: https://myoa.omenow.com/Schedule/MySchedule/
2024-09-02 16:48:18,581 - INFO - 输入用户名和密码
2024-09-02 16:48:18,696 - INFO - 点击登录按钮
2024-09-02 16:48:43,960 - INFO - 周六才需要移动办公签出
2024-09-02 16:48:43,960 - INFO - 关闭浏览器
2024-09-02 16:50:06,009 - ERROR - Service process refused to terminate gracefully with SIGTERM, escalating to SIGKILL.
Traceback (most recent call last):
  File "/opt/anaconda3/envs/oa/lib/python3.10/site-packages/selenium/webdriver/common/service.py", line 172, in _terminate_process
    self.process.wait(60)
  File "/opt/anaconda3/envs/oa/lib/python3.10/subprocess.py", line 1209, in wait
    return self._wait(timeout=timeout)
  File "/opt/anaconda3/envs/oa/lib/python3.10/subprocess.py", line 1951, in _wait
    raise TimeoutExpired(self.args, timeout)
subprocess.TimeoutExpired: Command '['/usr/local/bin/chromedriver', '--port=59012']' timed out after 60 seconds
2024-09-02 18:32:13,474 - INFO - Current time: 2024-09-02 18:32:13
2024-09-02 18:32:14,227 - INFO - 打开网址: https://myoa.omenow.com/Schedule/MySchedule/
2024-09-02 18:32:15,629 - INFO - 输入用户名和密码
2024-09-02 18:32:15,703 - INFO - 点击登录按钮
2024-09-02 18:32:35,859 - INFO - ---------------------------------------------------
2024-09-02 18:32:35,859 - INFO - 周六移动办公签出
2024-09-02 18:32:35,861 - ERROR - 发生异常: Message: no such window: target window already closed
from unknown error: web view not found
  (Session info: chrome=128.0.6613.113)
Stacktrace:
0   chromedriver                        0x0000000104bb7988 cxxbridge1$str$ptr + 1887096
1   chromedriver                        0x0000000104bafdf0 cxxbridge1$str$ptr + 1855456
2   chromedriver                        0x00000001047b4be0 cxxbridge1$string$len + 89508
3   chromedriver                        0x000000010478fef0 core::str::slice_error_fail::h6c488016ada29016 + 3756
4   chromedriver                        0x000000010481f790 cxxbridge1$string$len + 526676
5   chromedriver                        0x0000000104831eec cxxbridge1$string$len + 602288
6   chromedriver                        0x00000001047eda08 cxxbridge1$string$len + 322508
7   chromedriver                        0x00000001047ee66c cxxbridge1$string$len + 325680
8   chromedriver                        0x0000000104b7e048 cxxbridge1$str$ptr + 1651256
9   chromedriver                        0x0000000104b8297c cxxbridge1$str$ptr + 1669996
10  chromedriver                        0x0000000104b631dc cxxbridge1$str$ptr + 1541068
11  chromedriver                        0x0000000104b8324c cxxbridge1$str$ptr + 1672252
12  chromedriver                        0x0000000104b547f0 cxxbridge1$str$ptr + 1481184
13  chromedriver                        0x0000000104ba10e8 cxxbridge1$str$ptr + 1794776
14  chromedriver                        0x0000000104ba1264 cxxbridge1$str$ptr + 1795156
15  chromedriver                        0x0000000104bafa8c cxxbridge1$str$ptr + 1854588
16  libsystem_pthread.dylib             0x000000018575ffa8 _pthread_start + 148
17  libsystem_pthread.dylib             0x000000018575ada0 thread_start + 8

2024-09-02 18:32:35,861 - INFO - 关闭浏览器
2024-09-02 18:51:05,414 - INFO - Current time: 2024-09-02 18:51:05
2024-09-02 18:51:06,495 - INFO - 打开网址: https://myoa.omenow.com/Schedule/MySchedule/
2024-09-02 18:51:07,688 - INFO - 输入用户名和密码
2024-09-02 18:51:07,782 - INFO - 点击登录按钮
2024-09-02 18:51:27,938 - INFO - 周六才需要移动办公签出
2024-09-02 18:51:27,940 - INFO - 关闭浏览器
2024-09-03 07:30:25,618 - INFO - 打开网址: https://myoa.omenow.com/Schedule/MySchedule/
2024-09-03 07:30:26,086 - INFO - 输入用户名和密码
2024-09-03 07:30:26,209 - INFO - 点击登录按钮
2024-09-03 07:30:46,350 - INFO - ---------------------------------------------------
2024-09-03 07:30:46,351 - INFO - 今天是工作日，执行签出签入流程。
2024-09-03 07:30:46,351 - INFO - 今天是星期1
2024-09-03 07:30:46,351 - INFO - 检查签出按钮状态
2024-09-03 07:30:46,418 - INFO - 签出 按钮已点击。
2024-09-03 07:30:51,486 - INFO - 签出 弹窗关闭按钮已点击。
2024-09-03 07:31:16,497 - INFO - 检查签入按钮状态
2024-09-03 07:31:16,527 - INFO - 检查签出按钮状态以决定是否点击签入按钮
2024-09-03 07:31:16,582 - INFO - 签入 按钮已点击。
2024-09-03 07:31:21,648 - INFO - 签入 弹窗关闭按钮已点击。
2024-09-03 07:31:31,654 - INFO - 关闭浏览器
2024-09-03 12:00:19,990 - INFO - 打开网址: https://myoa.omenow.com/Schedule/MySchedule/
2024-09-03 12:00:23,838 - INFO - 输入用户名和密码
2024-09-03 12:00:23,952 - INFO - 点击登录按钮
2024-09-03 12:00:48,439 - INFO - ---------------------------------------------------
2024-09-03 12:00:48,443 - INFO - 今天是工作日，执行签出签入流程。
2024-09-03 12:00:48,443 - INFO - 今天是星期1
2024-09-03 12:00:48,444 - INFO - 检查签出按钮状态
2024-09-03 12:00:48,510 - INFO - 签出 按钮已点击。
2024-09-03 12:00:53,589 - INFO - 签出 弹窗关闭按钮已点击。
2024-09-03 12:01:18,609 - INFO - 检查签入按钮状态
2024-09-03 12:01:18,644 - INFO - 检查签出按钮状态以决定是否点击签入按钮
2024-09-03 12:01:18,702 - INFO - 签入 按钮已点击。
2024-09-03 12:01:23,765 - INFO - 签入 弹窗关闭按钮已点击。
2024-09-03 12:01:33,776 - INFO - 关闭浏览器
2024-09-03 12:02:48,089 - ERROR - Service process refused to terminate gracefully with SIGTERM, escalating to SIGKILL.
Traceback (most recent call last):
  File "/opt/anaconda3/envs/oa/lib/python3.10/site-packages/selenium/webdriver/common/service.py", line 172, in _terminate_process
    self.process.wait(60)
  File "/opt/anaconda3/envs/oa/lib/python3.10/subprocess.py", line 1209, in wait
    return self._wait(timeout=timeout)
  File "/opt/anaconda3/envs/oa/lib/python3.10/subprocess.py", line 1951, in _wait
    raise TimeoutExpired(self.args, timeout)
subprocess.TimeoutExpired: Command '['/usr/local/bin/chromedriver', '--port=51860']' timed out after 60 seconds
2024-09-03 16:01:17,487 - INFO - 打开网址: https://myoa.omenow.com/Schedule/MySchedule/
2024-09-03 16:01:18,038 - INFO - 输入用户名和密码
2024-09-03 16:01:18,157 - INFO - 点击登录按钮
2024-09-03 16:01:38,413 - INFO - ---------------------------------------------------
2024-09-03 16:01:38,415 - INFO - 今天是工作日，执行签出签入流程。
2024-09-03 16:01:38,415 - INFO - 今天是星期1
2024-09-03 16:01:38,415 - INFO - 检查签出按钮状态
2024-09-03 16:01:38,448 - INFO - 签出按钮当前处于禁用状态，无法点击。
2024-09-03 16:01:58,454 - INFO - 检查签入按钮状态
2024-09-03 16:01:58,491 - INFO - 签入按钮当前处于禁用状态，无法点击。
2024-09-03 16:02:13,681 - INFO - 关闭浏览器
2024-09-04 07:30:18,904 - INFO - 打开网址: https://myoa.omenow.com/Schedule/MySchedule/
2024-09-04 07:30:20,686 - INFO - 输入用户名和密码
2024-09-04 07:30:20,797 - INFO - 点击登录按钮
2024-09-04 07:30:40,945 - INFO - ---------------------------------------------------
2024-09-04 07:30:40,947 - INFO - 今天是工作日，执行签出签入流程。
2024-09-04 07:30:40,947 - INFO - 今天是星期2
2024-09-04 07:30:40,947 - INFO - 检查签出按钮状态
2024-09-04 07:30:41,020 - INFO - 签出 按钮已点击。
2024-09-04 07:30:46,078 - INFO - 签出 弹窗关闭按钮已点击。
2024-09-04 07:31:11,090 - INFO - 检查签入按钮状态
2024-09-04 07:31:11,122 - INFO - 检查签出按钮状态以决定是否点击签入按钮
2024-09-04 07:31:11,180 - INFO - 签入 按钮已点击。
2024-09-04 07:31:16,248 - INFO - 签入 弹窗关闭按钮已点击。
2024-09-04 07:31:26,250 - INFO - 关闭浏览器
2024-09-04 12:00:20,854 - INFO - 打开网址: https://myoa.omenow.com/Schedule/MySchedule/
2024-09-04 12:00:22,177 - INFO - 输入用户名和密码
2024-09-04 12:00:22,270 - INFO - 点击登录按钮
2024-09-04 12:00:42,438 - INFO - ---------------------------------------------------
2024-09-04 12:00:42,439 - INFO - 今天是工作日，执行签出签入流程。
2024-09-04 12:00:42,439 - INFO - 今天是星期2
2024-09-04 12:00:42,440 - INFO - 检查签出按钮状态
2024-09-04 12:00:42,516 - INFO - 签出 按钮已点击。
2024-09-04 12:00:47,570 - INFO - 签出 弹窗关闭按钮已点击。
2024-09-04 12:01:12,592 - INFO - 检查签入按钮状态
2024-09-04 12:01:12,624 - INFO - 检查签出按钮状态以决定是否点击签入按钮
2024-09-04 12:01:12,682 - INFO - 签入 按钮已点击。
2024-09-04 12:01:17,750 - INFO - 签入 弹窗关闭按钮已点击。
2024-09-04 12:01:27,760 - INFO - 关闭浏览器
2024-09-04 14:50:24,337 - INFO - 打开网址: https://myoa.omenow.com/Schedule/MySchedule/
2024-09-04 14:50:24,800 - INFO - 输入用户名和密码
2024-09-04 14:50:24,920 - INFO - 点击登录按钮
2024-09-04 14:50:45,079 - INFO - ---------------------------------------------------
2024-09-04 14:50:45,080 - INFO - 今天是工作日，执行签出签入流程。
2024-09-04 14:50:45,080 - INFO - 今天是星期2
2024-09-04 14:50:45,081 - INFO - 检查签出按钮状态
2024-09-04 14:50:45,112 - INFO - 签出按钮当前处于禁用状态，无法点击。
2024-09-04 14:51:05,116 - INFO - 检查签入按钮状态
2024-09-04 14:51:05,148 - INFO - 签入按钮当前处于禁用状态，无法点击。
2024-09-04 14:51:20,328 - INFO - 关闭浏览器
2024-09-05 07:30:18,092 - INFO - 打开网址: https://myoa.omenow.com/Schedule/MySchedule/
2024-09-05 07:30:21,081 - INFO - 输入用户名和密码
2024-09-05 07:30:21,186 - INFO - 点击登录按钮
2024-09-05 07:30:42,650 - INFO - ---------------------------------------------------
2024-09-05 07:30:42,651 - INFO - 今天是工作日，执行签出签入流程。
2024-09-05 07:30:42,652 - INFO - 今天是星期3
2024-09-05 07:30:42,652 - INFO - 检查签出按钮状态
2024-09-05 07:30:42,725 - INFO - 签出 按钮已点击。
2024-09-05 07:30:47,809 - INFO - 签出 弹窗关闭按钮已点击。
2024-09-05 07:46:22,586 - INFO - 检查签入按钮状态
2024-09-05 07:46:22,621 - INFO - 检查签出按钮状态以决定是否点击签入按钮
2024-09-05 07:46:22,677 - INFO - 签入 按钮已点击。
2024-09-05 07:46:27,748 - INFO - 签入 弹窗关闭按钮已点击。
2024-09-05 07:46:37,760 - INFO - 关闭浏览器
2024-09-05 08:05:01,886 - ERROR - Service process refused to terminate gracefully with SIGTERM, escalating to SIGKILL.
Traceback (most recent call last):
  File "/opt/anaconda3/envs/oa/lib/python3.10/site-packages/selenium/webdriver/common/service.py", line 172, in _terminate_process
    self.process.wait(60)
  File "/opt/anaconda3/envs/oa/lib/python3.10/subprocess.py", line 1209, in wait
    return self._wait(timeout=timeout)
  File "/opt/anaconda3/envs/oa/lib/python3.10/subprocess.py", line 1951, in _wait
    raise TimeoutExpired(self.args, timeout)
subprocess.TimeoutExpired: Command '['/usr/local/bin/chromedriver', '--port=54170']' timed out after 60 seconds
2024-09-06 07:30:25,666 - INFO - 打开网址: https://myoa.omenow.com/Schedule/MySchedule/
2024-09-06 07:30:28,938 - INFO - 输入用户名和密码
2024-09-06 07:30:29,071 - INFO - 点击登录按钮
2024-09-06 07:30:58,949 - INFO - ---------------------------------------------------
2024-09-06 07:30:58,951 - INFO - 今天是工作日，执行签出签入流程。
2024-09-06 07:30:58,951 - INFO - 今天是星期4
2024-09-06 07:30:58,951 - INFO - 检查签出按钮状态
2024-09-06 07:30:59,022 - INFO - 签出 按钮已点击。
2024-09-06 07:31:04,095 - INFO - 签出 弹窗关闭按钮已点击。
2024-09-06 07:31:29,110 - INFO - 检查签入按钮状态
2024-09-06 07:31:29,144 - INFO - 检查签出按钮状态以决定是否点击签入按钮
2024-09-06 07:31:29,202 - INFO - 签入 按钮已点击。
2024-09-06 07:31:34,272 - INFO - 签入 弹窗关闭按钮已点击。
2024-09-06 07:31:44,278 - INFO - 关闭浏览器
2024-09-06 07:32:58,845 - ERROR - Service process refused to terminate gracefully with SIGTERM, escalating to SIGKILL.
Traceback (most recent call last):
  File "/opt/anaconda3/envs/oa/lib/python3.10/site-packages/selenium/webdriver/common/service.py", line 172, in _terminate_process
    self.process.wait(60)
  File "/opt/anaconda3/envs/oa/lib/python3.10/subprocess.py", line 1209, in wait
    return self._wait(timeout=timeout)
  File "/opt/anaconda3/envs/oa/lib/python3.10/subprocess.py", line 1951, in _wait
    raise TimeoutExpired(self.args, timeout)
subprocess.TimeoutExpired: Command '['/usr/local/bin/chromedriver', '--port=65088']' timed out after 60 seconds
2024-09-06 12:00:25,436 - INFO - 打开网址: https://myoa.omenow.com/Schedule/MySchedule/
2024-09-06 12:00:30,221 - INFO - 输入用户名和密码
2024-09-06 12:00:30,327 - INFO - 点击登录按钮
2024-09-06 12:00:52,524 - INFO - ---------------------------------------------------
2024-09-06 12:00:52,526 - INFO - 今天是工作日，执行签出签入流程。
2024-09-06 12:00:52,526 - INFO - 今天是星期4
2024-09-06 12:00:52,526 - INFO - 检查签出按钮状态
2024-09-06 12:00:52,595 - INFO - 签出 按钮已点击。
2024-09-06 12:00:57,672 - INFO - 签出 弹窗关闭按钮已点击。
2024-09-06 12:01:22,688 - INFO - 检查签入按钮状态
2024-09-06 12:01:22,722 - INFO - 检查签出按钮状态以决定是否点击签入按钮
2024-09-06 12:01:22,778 - INFO - 签入 按钮已点击。
2024-09-06 12:01:27,857 - INFO - 签入 弹窗关闭按钮已点击。
2024-09-06 12:01:37,869 - INFO - 关闭浏览器
2024-09-06 12:02:55,687 - ERROR - Service process refused to terminate gracefully with SIGTERM, escalating to SIGKILL.
Traceback (most recent call last):
  File "/opt/anaconda3/envs/oa/lib/python3.10/site-packages/selenium/webdriver/common/service.py", line 172, in _terminate_process
    self.process.wait(60)
  File "/opt/anaconda3/envs/oa/lib/python3.10/subprocess.py", line 1209, in wait
    return self._wait(timeout=timeout)
  File "/opt/anaconda3/envs/oa/lib/python3.10/subprocess.py", line 1951, in _wait
    raise TimeoutExpired(self.args, timeout)
subprocess.TimeoutExpired: Command '['/usr/local/bin/chromedriver', '--port=55327']' timed out after 60 seconds
2024-09-07 05:45:23,928 - INFO - 打开网址: https://myoa.omenow.com/Schedule/MySchedule/
2024-09-07 05:45:25,108 - INFO - 输入用户名和密码
2024-09-07 05:45:25,185 - INFO - 点击登录按钮
2024-09-07 05:45:45,335 - INFO - ---------------------------------------------------
2024-09-07 05:45:45,338 - INFO - 今天是周六，执行移动办公的流程
2024-09-07 05:45:45,412 - INFO - 周六移动办公签入 按钮已点击。
2024-09-07 05:45:50,492 - INFO - 周六移动办公签入 弹窗关闭按钮已点击。
2024-09-07 05:45:55,502 - INFO - 关闭浏览器
2024-09-09 07:17:28,193 - INFO - Current time: 2024-09-09 07:17:28
2024-09-09 07:17:29,926 - INFO - 打开网址: https://myoa.omenow.com/Schedule/MySchedule/
2024-09-09 07:17:31,163 - INFO - 输入用户名和密码
2024-09-09 07:17:31,267 - INFO - 点击登录按钮
2024-09-09 07:17:51,526 - INFO - 周六才需要移动办公签出
2024-09-09 07:17:51,527 - INFO - 关闭浏览器
2024-09-09 07:30:19,795 - INFO - 打开网址: https://myoa.omenow.com/Schedule/MySchedule/
2024-09-09 07:30:21,012 - INFO - 输入用户名和密码
2024-09-09 07:30:21,111 - INFO - 点击登录按钮
2024-09-09 07:30:41,285 - INFO - ---------------------------------------------------
2024-09-09 07:30:41,287 - INFO - 今天是工作日，执行签出签入流程。
2024-09-09 07:30:41,287 - INFO - 今天是星期0
2024-09-09 07:30:41,288 - INFO - 检查签出按钮状态
2024-09-09 07:30:41,359 - INFO - 签出 按钮已点击。
2024-09-09 07:30:46,434 - INFO - 签出 弹窗关闭按钮已点击。
2024-09-09 07:31:11,445 - INFO - 检查签入按钮状态
2024-09-09 07:31:11,480 - INFO - 检查签出按钮状态以决定是否点击签入按钮
2024-09-09 07:31:11,536 - INFO - 签入 按钮已点击。
2024-09-09 07:31:16,603 - INFO - 签入 弹窗关闭按钮已点击。
2024-09-09 07:31:26,608 - INFO - 关闭浏览器
2024-09-09 12:00:17,829 - INFO - 打开网址: https://myoa.omenow.com/Schedule/MySchedule/
2024-09-09 12:00:23,964 - INFO - 输入用户名和密码
2024-09-09 12:00:24,072 - INFO - 点击登录按钮
2024-09-09 12:00:49,964 - INFO - ---------------------------------------------------
2024-09-09 12:00:49,965 - INFO - 今天是工作日，执行签出签入流程。
2024-09-09 12:00:49,965 - INFO - 今天是星期0
2024-09-09 12:00:49,965 - INFO - 检查签出按钮状态
2024-09-09 12:00:50,036 - INFO - 签出 按钮已点击。
2024-09-09 12:00:55,115 - INFO - 签出 弹窗关闭按钮已点击。
2024-09-09 12:01:20,137 - INFO - 检查签入按钮状态
2024-09-09 12:01:20,168 - INFO - 检查签出按钮状态以决定是否点击签入按钮
2024-09-09 12:01:20,230 - INFO - 签入 按钮已点击。
2024-09-09 12:01:25,300 - INFO - 签入 弹窗关闭按钮已点击。
2024-09-09 12:01:35,311 - INFO - 关闭浏览器
2024-09-09 12:02:51,929 - ERROR - Service process refused to terminate gracefully with SIGTERM, escalating to SIGKILL.
Traceback (most recent call last):
  File "/opt/anaconda3/envs/oa/lib/python3.10/site-packages/selenium/webdriver/common/service.py", line 172, in _terminate_process
    self.process.wait(60)
  File "/opt/anaconda3/envs/oa/lib/python3.10/subprocess.py", line 1209, in wait
    return self._wait(timeout=timeout)
  File "/opt/anaconda3/envs/oa/lib/python3.10/subprocess.py", line 1951, in _wait
    raise TimeoutExpired(self.args, timeout)
subprocess.TimeoutExpired: Command '['/usr/local/bin/chromedriver', '--port=64308']' timed out after 60 seconds
2024-09-10 07:30:18,705 - INFO - 打开网址: https://myoa.omenow.com/Schedule/MySchedule/
2024-09-10 07:30:21,712 - INFO - 输入用户名和密码
2024-09-10 07:30:21,838 - INFO - 点击登录按钮
2024-09-10 07:30:43,656 - INFO - ---------------------------------------------------
2024-09-10 07:30:43,657 - INFO - 今天是工作日，执行签出签入流程。
2024-09-10 07:30:43,658 - INFO - 今天是星期1
2024-09-10 07:30:43,658 - INFO - 检查签出按钮状态
2024-09-10 07:30:43,735 - INFO - 签出 按钮已点击。
2024-09-10 07:30:48,818 - INFO - 签出 弹窗关闭按钮已点击。
2024-09-10 07:31:13,828 - INFO - 检查签入按钮状态
2024-09-10 07:31:13,866 - INFO - 检查签出按钮状态以决定是否点击签入按钮
2024-09-10 07:31:13,922 - INFO - 签入 按钮已点击。
2024-09-10 07:31:18,993 - INFO - 签入 弹窗关闭按钮已点击。
2024-09-10 07:31:28,999 - INFO - 关闭浏览器
2024-09-10 07:32:43,150 - ERROR - Service process refused to terminate gracefully with SIGTERM, escalating to SIGKILL.
Traceback (most recent call last):
  File "/opt/anaconda3/envs/oa/lib/python3.10/site-packages/selenium/webdriver/common/service.py", line 172, in _terminate_process
    self.process.wait(60)
  File "/opt/anaconda3/envs/oa/lib/python3.10/subprocess.py", line 1209, in wait
    return self._wait(timeout=timeout)
  File "/opt/anaconda3/envs/oa/lib/python3.10/subprocess.py", line 1951, in _wait
    raise TimeoutExpired(self.args, timeout)
subprocess.TimeoutExpired: Command '['/usr/local/bin/chromedriver', '--port=56136']' timed out after 60 seconds
2024-09-10 12:00:19,797 - INFO - 打开网址: https://myoa.omenow.com/Schedule/MySchedule/
2024-09-10 12:00:23,197 - INFO - 输入用户名和密码
2024-09-10 12:00:23,294 - INFO - 点击登录按钮
2024-09-10 12:00:44,350 - INFO - ---------------------------------------------------
2024-09-10 12:00:44,351 - INFO - 今天是工作日，执行签出签入流程。
2024-09-10 12:00:44,351 - INFO - 今天是星期1
2024-09-10 12:00:44,351 - INFO - 检查签出按钮状态
2024-09-10 12:00:44,429 - INFO - 签出 按钮已点击。
2024-09-10 12:00:49,512 - INFO - 签出 弹窗关闭按钮已点击。
2024-09-10 12:01:14,527 - INFO - 检查签入按钮状态
2024-09-10 12:01:14,559 - INFO - 检查签出按钮状态以决定是否点击签入按钮
2024-09-10 12:01:14,616 - INFO - 签入 按钮已点击。
2024-09-10 12:01:19,678 - INFO - 签入 弹窗关闭按钮已点击。
2024-09-10 12:01:29,688 - INFO - 关闭浏览器
2024-09-10 12:02:45,528 - ERROR - Service process refused to terminate gracefully with SIGTERM, escalating to SIGKILL.
Traceback (most recent call last):
  File "/opt/anaconda3/envs/oa/lib/python3.10/site-packages/selenium/webdriver/common/service.py", line 172, in _terminate_process
    self.process.wait(60)
  File "/opt/anaconda3/envs/oa/lib/python3.10/subprocess.py", line 1209, in wait
    return self._wait(timeout=timeout)
  File "/opt/anaconda3/envs/oa/lib/python3.10/subprocess.py", line 1951, in _wait
    raise TimeoutExpired(self.args, timeout)
subprocess.TimeoutExpired: Command '['/usr/local/bin/chromedriver', '--port=58538']' timed out after 60 seconds
2024-09-11 07:30:19,628 - INFO - 打开网址: https://myoa.omenow.com/Schedule/MySchedule/
2024-09-11 07:30:22,753 - INFO - 输入用户名和密码
2024-09-11 07:30:22,847 - INFO - 点击登录按钮
2024-09-11 07:30:49,255 - INFO - ---------------------------------------------------
2024-09-11 07:30:49,256 - INFO - 今天是工作日，执行签出签入流程。
2024-09-11 07:30:49,256 - INFO - 今天是星期2
2024-09-11 07:30:49,256 - INFO - 检查签出按钮状态
2024-09-11 07:30:49,330 - INFO - 签出 按钮已点击。
2024-09-11 07:30:54,403 - INFO - 签出 弹窗关闭按钮已点击。
2024-09-11 07:31:19,413 - INFO - 检查签入按钮状态
2024-09-11 07:31:19,431 - INFO - 检查签出按钮状态以决定是否点击签入按钮
2024-09-11 07:31:19,488 - INFO - 签入 按钮已点击。
2024-09-11 07:31:24,544 - INFO - 签入 弹窗关闭按钮已点击。
2024-09-11 07:31:34,550 - INFO - 关闭浏览器
2024-09-11 12:00:25,531 - INFO - 打开网址: https://myoa.omenow.com/Schedule/MySchedule/
2024-09-11 12:00:31,508 - INFO - 输入用户名和密码
2024-09-11 12:00:31,618 - INFO - 点击登录按钮
2024-09-11 12:00:57,230 - INFO - ---------------------------------------------------
2024-09-11 12:00:57,232 - INFO - 今天是工作日，执行签出签入流程。
2024-09-11 12:00:57,232 - INFO - 今天是星期2
2024-09-11 12:00:57,232 - INFO - 检查签出按钮状态
2024-09-11 12:00:57,300 - INFO - 签出 按钮已点击。
2024-09-11 12:01:02,366 - INFO - 签出 弹窗关闭按钮已点击。
2024-09-11 12:01:27,383 - INFO - 检查签入按钮状态
2024-09-11 12:01:27,405 - INFO - 检查签出按钮状态以决定是否点击签入按钮
2024-09-11 12:01:27,458 - INFO - 签入 按钮已点击。
2024-09-11 12:01:32,527 - INFO - 签入 弹窗关闭按钮已点击。
2024-09-11 12:01:42,537 - INFO - 关闭浏览器
2024-09-11 12:03:03,909 - ERROR - Service process refused to terminate gracefully with SIGTERM, escalating to SIGKILL.
Traceback (most recent call last):
  File "/opt/anaconda3/envs/oa/lib/python3.10/site-packages/selenium/webdriver/common/service.py", line 172, in _terminate_process
    self.process.wait(60)
  File "/opt/anaconda3/envs/oa/lib/python3.10/subprocess.py", line 1209, in wait
    return self._wait(timeout=timeout)
  File "/opt/anaconda3/envs/oa/lib/python3.10/subprocess.py", line 1951, in _wait
    raise TimeoutExpired(self.args, timeout)
subprocess.TimeoutExpired: Command '['/usr/local/bin/chromedriver', '--port=52875']' timed out after 60 seconds
2024-09-12 07:30:25,738 - INFO - 打开网址: https://myoa.omenow.com/Schedule/MySchedule/
2024-09-12 07:30:27,044 - INFO - 输入用户名和密码
2024-09-12 07:30:27,732 - INFO - 点击登录按钮
2024-09-12 07:30:49,900 - INFO - ---------------------------------------------------
2024-09-12 07:30:49,900 - INFO - 今天是工作日，执行签出签入流程。
2024-09-12 07:30:49,900 - INFO - 今天是星期3
2024-09-12 07:30:49,900 - INFO - 检查签出按钮状态
2024-09-12 07:30:49,950 - INFO - 签出 按钮已点击。
2024-09-12 07:30:55,025 - INFO - 签出 弹窗关闭按钮已点击。
2024-09-12 07:31:20,034 - INFO - 检查签入按钮状态
2024-09-12 07:31:20,062 - INFO - 检查签出按钮状态以决定是否点击签入按钮
2024-09-12 07:31:20,121 - INFO - 签入 按钮已点击。
2024-09-12 07:31:25,187 - INFO - 签入 弹窗关闭按钮已点击。
2024-09-12 07:31:35,193 - INFO - 关闭浏览器
2024-09-12 07:32:49,748 - ERROR - Service process refused to terminate gracefully with SIGTERM, escalating to SIGKILL.
Traceback (most recent call last):
  File "/opt/anaconda3/envs/oa/lib/python3.10/site-packages/selenium/webdriver/common/service.py", line 172, in _terminate_process
    self.process.wait(60)
  File "/opt/anaconda3/envs/oa/lib/python3.10/subprocess.py", line 1209, in wait
    return self._wait(timeout=timeout)
  File "/opt/anaconda3/envs/oa/lib/python3.10/subprocess.py", line 1951, in _wait
    raise TimeoutExpired(self.args, timeout)
subprocess.TimeoutExpired: Command '['/usr/local/bin/chromedriver', '--port=64347']' timed out after 60 seconds
2024-09-12 12:00:24,754 - INFO - 打开网址: https://myoa.omenow.com/Schedule/MySchedule/
2024-09-12 12:00:28,648 - INFO - 输入用户名和密码
2024-09-12 12:00:28,756 - INFO - 点击登录按钮
2024-09-12 12:00:49,094 - INFO - ---------------------------------------------------
2024-09-12 12:00:49,097 - INFO - 今天是工作日，执行签出签入流程。
2024-09-12 12:00:49,097 - INFO - 今天是星期3
2024-09-12 12:00:49,097 - INFO - 检查签出按钮状态
2024-09-12 12:00:49,168 - INFO - 签出 按钮已点击。
2024-09-12 12:00:54,250 - INFO - 签出 弹窗关闭按钮已点击。
2024-09-12 12:01:19,269 - INFO - 检查签入按钮状态
2024-09-12 12:01:19,305 - INFO - 检查签出按钮状态以决定是否点击签入按钮
2024-09-12 12:01:19,361 - INFO - 签入 按钮已点击。
2024-09-12 12:01:24,432 - INFO - 签入 弹窗关闭按钮已点击。
2024-09-12 12:01:34,444 - INFO - 关闭浏览器
2024-09-13 07:30:22,588 - INFO - 打开网址: https://myoa.omenow.com/Schedule/MySchedule/
2024-09-13 07:30:25,013 - INFO - 输入用户名和密码
2024-09-13 07:30:25,143 - INFO - 点击登录按钮
2024-09-13 07:30:45,536 - INFO - ---------------------------------------------------
2024-09-13 07:30:45,539 - INFO - 今天是工作日，执行签出签入流程。
2024-09-13 07:30:45,539 - INFO - 今天是星期4
2024-09-13 07:30:45,539 - INFO - 检查签出按钮状态
2024-09-13 07:30:45,609 - INFO - 签出 按钮已点击。
2024-09-13 07:30:50,694 - INFO - 签出 弹窗关闭按钮已点击。
2024-09-13 07:31:15,715 - INFO - 检查签入按钮状态
2024-09-13 07:31:15,745 - INFO - 检查签出按钮状态以决定是否点击签入按钮
2024-09-13 07:31:15,803 - INFO - 签入 按钮已点击。
2024-09-13 07:31:20,868 - INFO - 签入 弹窗关闭按钮已点击。
2024-09-13 07:31:30,874 - INFO - 关闭浏览器
2024-09-13 07:32:45,242 - ERROR - Service process refused to terminate gracefully with SIGTERM, escalating to SIGKILL.
Traceback (most recent call last):
  File "/opt/anaconda3/envs/oa/lib/python3.10/site-packages/selenium/webdriver/common/service.py", line 172, in _terminate_process
    self.process.wait(60)
  File "/opt/anaconda3/envs/oa/lib/python3.10/subprocess.py", line 1209, in wait
    return self._wait(timeout=timeout)
  File "/opt/anaconda3/envs/oa/lib/python3.10/subprocess.py", line 1951, in _wait
    raise TimeoutExpired(self.args, timeout)
subprocess.TimeoutExpired: Command '['/usr/local/bin/chromedriver', '--port=60166']' timed out after 60 seconds
2024-09-13 12:00:24,912 - INFO - 打开网址: https://myoa.omenow.com/Schedule/MySchedule/
2024-09-13 12:00:26,528 - INFO - 输入用户名和密码
2024-09-13 12:00:26,639 - INFO - 点击登录按钮
2024-09-13 12:00:46,780 - INFO - ---------------------------------------------------
2024-09-13 12:00:46,781 - INFO - 今天是工作日，执行签出签入流程。
2024-09-13 12:00:46,781 - INFO - 今天是星期4
2024-09-13 12:00:46,781 - INFO - 检查签出按钮状态
2024-09-13 12:00:46,860 - INFO - 签出 按钮已点击。
2024-09-13 12:00:51,921 - INFO - 签出 弹窗关闭按钮已点击。
2024-09-13 12:01:16,932 - INFO - 检查签入按钮状态
2024-09-13 12:01:16,953 - INFO - 检查签出按钮状态以决定是否点击签入按钮
2024-09-13 12:01:17,013 - INFO - 签入 按钮已点击。
2024-09-13 12:01:22,061 - INFO - 签入 弹窗关闭按钮已点击。
2024-09-13 12:01:32,066 - INFO - 关闭浏览器
2024-09-14 05:45:23,536 - INFO - 打开网址: https://myoa.omenow.com/Schedule/MySchedule/
2024-09-14 05:45:26,051 - INFO - 输入用户名和密码
2024-09-14 05:45:26,139 - INFO - 点击登录按钮
2024-09-14 05:45:46,521 - INFO - ---------------------------------------------------
2024-09-14 05:45:46,522 - INFO - 今天是周六，执行移动办公的流程
2024-09-14 05:45:46,590 - INFO - 周六移动办公签入 按钮已点击。
2024-09-14 05:45:51,683 - INFO - 周六移动办公签入 弹窗关闭按钮已点击。
2024-09-14 05:45:56,693 - INFO - 关闭浏览器
2024-09-14 05:47:10,801 - ERROR - Service process refused to terminate gracefully with SIGTERM, escalating to SIGKILL.
Traceback (most recent call last):
  File "/opt/anaconda3/envs/oa/lib/python3.10/site-packages/selenium/webdriver/common/service.py", line 172, in _terminate_process
    self.process.wait(60)
  File "/opt/anaconda3/envs/oa/lib/python3.10/subprocess.py", line 1209, in wait
    return self._wait(timeout=timeout)
  File "/opt/anaconda3/envs/oa/lib/python3.10/subprocess.py", line 1951, in _wait
    raise TimeoutExpired(self.args, timeout)
subprocess.TimeoutExpired: Command '['/usr/local/bin/chromedriver', '--port=61432']' timed out after 60 seconds
2024-09-16 07:10:38,814 - INFO - Current time: 2024-09-16 07:10:38
2024-09-16 07:10:40,805 - INFO - 打开网址: https://myoa.omenow.com/Schedule/MySchedule/
2024-09-16 07:10:43,564 - INFO - 输入用户名和密码
2024-09-16 07:10:43,654 - INFO - 点击登录按钮
2024-09-16 07:11:04,012 - INFO - 周六才需要移动办公签出
2024-09-16 07:11:04,017 - INFO - 关闭浏览器
2024-09-16 07:30:19,656 - INFO - 打开网址: https://myoa.omenow.com/Schedule/MySchedule/
2024-09-16 07:30:20,984 - INFO - 输入用户名和密码
2024-09-16 07:30:21,132 - INFO - 点击登录按钮
2024-09-16 07:30:41,272 - INFO - ---------------------------------------------------
2024-09-16 07:30:41,274 - INFO - 今天是工作日，执行签出签入流程。
2024-09-16 07:30:41,274 - INFO - 今天是星期0
2024-09-16 07:30:41,274 - INFO - 检查签出按钮状态
2024-09-16 07:30:41,345 - INFO - 签出 按钮已点击。
2024-09-16 07:30:46,426 - INFO - 签出 弹窗关闭按钮已点击。
2024-09-16 07:31:11,438 - INFO - 检查签入按钮状态
2024-09-16 07:31:11,472 - INFO - 检查签出按钮状态以决定是否点击签入按钮
2024-09-16 07:31:11,530 - INFO - 签入 按钮已点击。
2024-09-16 07:31:16,589 - INFO - 签入 弹窗关闭按钮已点击。
2024-09-16 07:31:26,598 - INFO - 关闭浏览器
2024-09-16 09:34:47,861 - INFO - 打开网址: https://myoa.omenow.com/Schedule/MySchedule/
2024-09-16 09:34:49,076 - INFO - 输入用户名和密码
2024-09-16 09:34:49,195 - INFO - 点击登录按钮
2024-09-16 09:35:09,349 - INFO - ---------------------------------------------------
2024-09-16 09:35:09,351 - INFO - 今天是工作日，执行签出签入流程。
2024-09-16 09:35:09,353 - INFO - 今天是星期0
2024-09-16 09:35:09,353 - INFO - 检查签出按钮状态
2024-09-16 09:35:09,382 - INFO - 签出按钮当前处于禁用状态，无法点击。
2024-09-16 09:35:29,388 - INFO - 检查签入按钮状态
2024-09-16 09:35:29,414 - INFO - 签入按钮当前处于禁用状态，无法点击。
2024-09-16 09:35:44,587 - INFO - 关闭浏览器
2024-09-16 09:45:16,768 - INFO - 打开网址: https://myoa.omenow.com/Schedule/MySchedule/
2024-09-16 09:45:17,917 - INFO - 输入用户名和密码
2024-09-16 09:45:18,004 - INFO - 点击登录按钮
2024-09-16 09:45:39,281 - INFO - ---------------------------------------------------
2024-09-16 09:45:39,282 - INFO - 今天是工作日，执行签出签入流程。
2024-09-16 09:45:39,282 - INFO - 今天是星期0
2024-09-16 09:45:39,282 - INFO - 检查签出按钮状态
2024-09-16 09:45:39,316 - INFO - 签出按钮当前处于禁用状态，无法点击。
2024-09-16 09:45:59,319 - INFO - 检查签入按钮状态
2024-09-16 09:45:59,342 - INFO - 签入按钮当前处于禁用状态，无法点击。
2024-09-16 09:46:14,518 - INFO - 关闭浏览器
2024-09-16 12:00:19,464 - INFO - 打开网址: https://myoa.omenow.com/Schedule/MySchedule/
2024-09-16 12:00:20,957 - INFO - 输入用户名和密码
2024-09-16 12:00:21,081 - INFO - 点击登录按钮
2024-09-16 12:00:41,301 - INFO - ---------------------------------------------------
2024-09-16 12:00:41,303 - INFO - 今天是工作日，执行签出签入流程。
2024-09-16 12:00:41,303 - INFO - 今天是星期0
2024-09-16 12:00:41,303 - INFO - 检查签出按钮状态
2024-09-16 12:00:41,368 - INFO - 签出 按钮已点击。
2024-09-16 12:00:46,447 - INFO - 签出 弹窗关闭按钮已点击。
2024-09-16 12:01:11,464 - INFO - 检查签入按钮状态
2024-09-16 12:01:11,495 - INFO - 检查签出按钮状态以决定是否点击签入按钮
2024-09-16 12:01:11,551 - INFO - 签入 按钮已点击。
2024-09-16 12:01:16,613 - INFO - 签入 弹窗关闭按钮已点击。
2024-09-16 12:01:26,623 - INFO - 关闭浏览器
2024-09-17 07:30:19,811 - INFO - 打开网址: https://myoa.omenow.com/Schedule/MySchedule/
2024-09-17 07:30:20,129 - INFO - 输入用户名和密码
2024-09-17 07:30:20,253 - INFO - 点击登录按钮
2024-09-17 07:30:40,388 - INFO - ---------------------------------------------------
2024-09-17 07:30:40,389 - INFO - 今天是工作日，执行签出签入流程。
2024-09-17 07:30:40,389 - INFO - 今天是星期1
2024-09-17 07:30:40,389 - INFO - 检查签出按钮状态
2024-09-17 07:30:40,457 - INFO - 签出 按钮已点击。
2024-09-17 07:30:45,529 - INFO - 签出 弹窗关闭按钮已点击。
2024-09-17 07:31:10,539 - INFO - 检查签入按钮状态
2024-09-17 07:31:10,570 - INFO - 检查签出按钮状态以决定是否点击签入按钮
2024-09-17 07:31:10,628 - INFO - 签入 按钮已点击。
2024-09-17 07:31:15,694 - INFO - 签入 弹窗关闭按钮已点击。
2024-09-17 07:31:25,699 - INFO - 关闭浏览器
2024-09-17 12:00:20,822 - INFO - 打开网址: https://myoa.omenow.com/Schedule/MySchedule/
2024-09-17 12:00:23,707 - INFO - 输入用户名和密码
2024-09-17 12:00:23,824 - INFO - 点击登录按钮
2024-09-17 12:00:44,213 - INFO - ---------------------------------------------------
2024-09-17 12:00:44,214 - INFO - 今天是工作日，执行签出签入流程。
2024-09-17 12:00:44,214 - INFO - 今天是星期1
2024-09-17 12:00:44,214 - INFO - 检查签出按钮状态
2024-09-17 12:00:44,279 - INFO - 签出 按钮已点击。
2024-09-17 12:00:49,369 - INFO - 签出 弹窗关闭按钮已点击。
2024-09-17 12:01:14,388 - INFO - 检查签入按钮状态
2024-09-17 12:01:14,422 - INFO - 检查签出按钮状态以决定是否点击签入按钮
2024-09-17 12:01:14,480 - INFO - 签入 按钮已点击。
2024-09-17 12:01:19,548 - INFO - 签入 弹窗关闭按钮已点击。
2024-09-17 12:01:29,558 - INFO - 关闭浏览器
2024-09-17 12:02:44,027 - ERROR - Service process refused to terminate gracefully with SIGTERM, escalating to SIGKILL.
Traceback (most recent call last):
  File "/opt/anaconda3/envs/oa/lib/python3.10/site-packages/selenium/webdriver/common/service.py", line 172, in _terminate_process
    self.process.wait(60)
  File "/opt/anaconda3/envs/oa/lib/python3.10/subprocess.py", line 1209, in wait
    return self._wait(timeout=timeout)
  File "/opt/anaconda3/envs/oa/lib/python3.10/subprocess.py", line 1951, in _wait
    raise TimeoutExpired(self.args, timeout)
subprocess.TimeoutExpired: Command '['/usr/local/bin/chromedriver', '--port=60869']' timed out after 60 seconds
2024-09-18 07:30:18,842 - INFO - 打开网址: https://myoa.omenow.com/Schedule/MySchedule/
2024-09-18 07:30:21,385 - INFO - 输入用户名和密码
2024-09-18 07:30:21,532 - INFO - 点击登录按钮
2024-09-18 07:30:41,894 - INFO - ---------------------------------------------------
2024-09-18 07:30:41,895 - INFO - 今天是工作日，执行签出签入流程。
2024-09-18 07:30:41,895 - INFO - 今天是星期2
2024-09-18 07:30:41,895 - INFO - 检查签出按钮状态
2024-09-18 07:30:41,948 - INFO - 签出 按钮已点击。
2024-09-18 07:30:47,027 - INFO - 签出 弹窗关闭按钮已点击。
2024-09-18 07:31:12,043 - INFO - 检查签入按钮状态
2024-09-18 07:31:12,061 - INFO - 检查签出按钮状态以决定是否点击签入按钮
2024-09-18 07:31:12,120 - INFO - 签入 按钮已点击。
2024-09-18 07:31:17,168 - INFO - 签入 弹窗关闭按钮已点击。
2024-09-18 07:31:27,181 - INFO - 关闭浏览器
2024-09-18 07:32:41,278 - ERROR - Service process refused to terminate gracefully with SIGTERM, escalating to SIGKILL.
Traceback (most recent call last):
  File "/opt/anaconda3/envs/oa/lib/python3.10/site-packages/selenium/webdriver/common/service.py", line 172, in _terminate_process
    self.process.wait(60)
  File "/opt/anaconda3/envs/oa/lib/python3.10/subprocess.py", line 1209, in wait
    return self._wait(timeout=timeout)
  File "/opt/anaconda3/envs/oa/lib/python3.10/subprocess.py", line 1951, in _wait
    raise TimeoutExpired(self.args, timeout)
subprocess.TimeoutExpired: Command '['/usr/local/bin/chromedriver', '--port=64650']' timed out after 60 seconds
2024-09-18 12:00:19,574 - INFO - 打开网址: https://myoa.omenow.com/Schedule/MySchedule/
2024-09-18 12:00:22,929 - INFO - 输入用户名和密码
2024-09-18 12:00:23,045 - INFO - 点击登录按钮
2024-09-18 12:00:43,465 - INFO - ---------------------------------------------------
2024-09-18 12:00:43,466 - INFO - 今天是工作日，执行签出签入流程。
2024-09-18 12:00:43,466 - INFO - 今天是星期2
2024-09-18 12:00:43,466 - INFO - 检查签出按钮状态
2024-09-18 12:00:43,539 - INFO - 签出 按钮已点击。
2024-09-18 12:00:48,623 - INFO - 签出 弹窗关闭按钮已点击。
2024-09-18 12:01:13,643 - INFO - 检查签入按钮状态
2024-09-18 12:01:13,672 - INFO - 检查签出按钮状态以决定是否点击签入按钮
2024-09-18 12:01:13,729 - INFO - 签入 按钮已点击。
2024-09-18 12:01:18,798 - INFO - 签入 弹窗关闭按钮已点击。
2024-09-18 12:01:28,809 - INFO - 关闭浏览器
2024-09-18 12:02:42,130 - ERROR - Service process refused to terminate gracefully with SIGTERM, escalating to SIGKILL.
Traceback (most recent call last):
  File "/opt/anaconda3/envs/oa/lib/python3.10/site-packages/selenium/webdriver/common/service.py", line 172, in _terminate_process
    self.process.wait(60)
  File "/opt/anaconda3/envs/oa/lib/python3.10/subprocess.py", line 1209, in wait
    return self._wait(timeout=timeout)
  File "/opt/anaconda3/envs/oa/lib/python3.10/subprocess.py", line 1951, in _wait
    raise TimeoutExpired(self.args, timeout)
subprocess.TimeoutExpired: Command '['/usr/local/bin/chromedriver', '--port=62673']' timed out after 60 seconds
2024-09-18 13:47:43,190 - INFO - ====== WebDriver manager ======
2024-09-18 13:47:43,339 - INFO - Get LATEST chromedriver version for google-chrome
2024-09-18 13:47:43,619 - INFO - Get LATEST chromedriver version for google-chrome
2024-09-18 13:47:43,866 - INFO - There is no [mac64] chromedriver "129.0.6668.58" for browser google-chrome "129.0.6668" in cache
2024-09-18 13:47:43,875 - INFO - Get LATEST chromedriver version for google-chrome
2024-09-18 13:47:44,510 - INFO - WebDriver version 129.0.6668.58 selected
2024-09-18 13:47:44,512 - INFO - Modern chrome version https://storage.googleapis.com/chrome-for-testing-public/129.0.6668.58/mac-arm64/chromedriver-mac-arm64.zip
2024-09-18 13:47:44,512 - INFO - About to download new driver from https://storage.googleapis.com/chrome-for-testing-public/129.0.6668.58/mac-arm64/chromedriver-mac-arm64.zip
2024-09-18 13:47:45,212 - INFO - Driver downloading response is 200
2024-09-18 13:47:46,417 - INFO - Get LATEST chromedriver version for google-chrome
2024-09-18 13:47:46,779 - INFO - Driver has been saved in cache [/Users/ina.h/.wdm/drivers/chromedriver/mac64/129.0.6668.58]
2024-09-18 13:47:48,977 - INFO - 打开网址: https://myoa.omenow.com/Schedule/MySchedule/
2024-09-18 13:47:51,923 - INFO - 输入用户名和密码
2024-09-18 13:47:52,034 - INFO - 点击登录按钮
2024-09-18 13:48:12,447 - INFO - ---------------------------------------------------
2024-09-18 13:48:12,448 - INFO - 今天是工作日，执行签出签入流程。
2024-09-18 13:48:12,449 - INFO - 今天是星期2
2024-09-18 13:48:12,449 - INFO - 检查签出按钮状态
2024-09-18 13:48:12,470 - INFO - 签出按钮当前处于禁用状态，无法点击。
2024-09-18 13:48:32,476 - INFO - 检查签入按钮状态
2024-09-18 13:48:32,499 - INFO - 签入按钮当前处于禁用状态，无法点击。
2024-09-18 13:48:47,860 - INFO - 关闭浏览器
2024-09-19 07:30:18,743 - INFO - ====== WebDriver manager ======
2024-09-19 07:30:20,249 - INFO - Get LATEST chromedriver version for google-chrome
2024-09-19 07:30:20,540 - INFO - Get LATEST chromedriver version for google-chrome
2024-09-19 07:30:20,835 - INFO - Get LATEST chromedriver version for google-chrome
2024-09-19 07:30:21,460 - INFO - WebDriver version 129.0.6668.58 selected
2024-09-19 07:30:21,462 - INFO - Modern chrome version https://storage.googleapis.com/chrome-for-testing-public/129.0.6668.58/mac-arm64/chromedriver-mac-arm64.zip
2024-09-19 07:30:21,462 - INFO - About to download new driver from https://storage.googleapis.com/chrome-for-testing-public/129.0.6668.58/mac-arm64/chromedriver-mac-arm64.zip
2024-09-19 07:30:21,792 - INFO - Driver downloading response is 200
2024-09-19 07:30:22,482 - INFO - Get LATEST chromedriver version for google-chrome
2024-09-19 07:30:22,871 - INFO - Driver has been saved in cache [/Users/ina.h/.wdm/drivers/chromedriver/mac64/129.0.6668.58]
2024-09-19 07:30:24,225 - INFO - 打开网址: https://myoa.omenow.com/Schedule/MySchedule/
2024-09-19 07:30:26,071 - INFO - 输入用户名和密码
2024-09-19 07:30:26,220 - INFO - 点击登录按钮
2024-09-19 07:30:46,339 - INFO - ---------------------------------------------------
2024-09-19 07:30:46,339 - INFO - 今天是工作日，执行签出签入流程。
2024-09-19 07:30:46,340 - INFO - 今天是星期3
2024-09-19 07:30:46,340 - INFO - 检查签出按钮状态
2024-09-19 07:30:56,655 - ERROR - 发生异常: Message: 
Stacktrace:
0   chromedriver                        0x0000000100aa7ed4 cxxbridge1$str$ptr + 1906348
1   chromedriver                        0x0000000100aa0344 cxxbridge1$str$ptr + 1874716
2   chromedriver                        0x00000001006b4264 cxxbridge1$string$len + 89492
3   chromedriver                        0x00000001006f8514 cxxbridge1$string$len + 368708
4   chromedriver                        0x00000001007327d4 cxxbridge1$string$len + 606980
5   chromedriver                        0x00000001006ed134 cxxbridge1$string$len + 322660
6   chromedriver                        0x00000001006edd84 cxxbridge1$string$len + 325812
7   chromedriver                        0x0000000100a6ff90 cxxbridge1$str$ptr + 1677160
8   chromedriver                        0x0000000100a748fc cxxbridge1$str$ptr + 1695956
9   chromedriver                        0x0000000100a554b8 cxxbridge1$str$ptr + 1567888
10  chromedriver                        0x0000000100a751cc cxxbridge1$str$ptr + 1698212
11  chromedriver                        0x0000000100a46a60 cxxbridge1$str$ptr + 1507896
12  chromedriver                        0x0000000100a91214 cxxbridge1$str$ptr + 1812972
13  chromedriver                        0x0000000100a9136c cxxbridge1$str$ptr + 1813316
14  chromedriver                        0x0000000100a9ffe4 cxxbridge1$str$ptr + 1873852
15  libsystem_pthread.dylib             0x000000018f0affa8 _pthread_start + 148
16  libsystem_pthread.dylib             0x000000018f0aada0 thread_start + 8

2024-09-19 07:30:56,656 - INFO - 关闭浏览器
2024-09-19 07:31:33,546 - INFO - ====== WebDriver manager ======
2024-09-19 07:31:33,626 - INFO - Get LATEST chromedriver version for google-chrome
2024-09-19 07:31:33,920 - INFO - Get LATEST chromedriver version for google-chrome
2024-09-19 07:31:34,194 - INFO - Driver [/Users/ina.h/.wdm/drivers/chromedriver/mac64/129.0.6668.58/chromedriver-mac-arm64/chromedriver] found in cache
2024-09-19 07:31:35,287 - INFO - 打开网址: https://myoa.omenow.com/Schedule/MySchedule/
2024-09-19 07:31:38,288 - INFO - 输入用户名和密码
2024-09-19 07:31:38,373 - INFO - 点击登录按钮
2024-09-19 07:31:58,742 - INFO - ---------------------------------------------------
2024-09-19 07:31:58,743 - INFO - 今天是工作日，执行签出签入流程。
2024-09-19 07:31:58,744 - INFO - 今天是星期3
2024-09-19 07:31:58,744 - INFO - 检查签出按钮状态
2024-09-19 07:31:58,809 - INFO - 签出 按钮已点击。
2024-09-19 07:32:03,877 - INFO - 签出 弹窗关闭按钮已点击。
2024-09-19 07:32:09,104 - ERROR - Service process refused to terminate gracefully with SIGTERM, escalating to SIGKILL.
Traceback (most recent call last):
  File "/opt/anaconda3/envs/oa/lib/python3.10/site-packages/selenium/webdriver/common/service.py", line 172, in _terminate_process
    self.process.wait(60)
  File "/opt/anaconda3/envs/oa/lib/python3.10/subprocess.py", line 1209, in wait
    return self._wait(timeout=timeout)
  File "/opt/anaconda3/envs/oa/lib/python3.10/subprocess.py", line 1951, in _wait
    raise TimeoutExpired(self.args, timeout)
subprocess.TimeoutExpired: Command '['/Users/ina.h/.wdm/drivers/chromedriver/mac64/129.0.6668.58/chromedriver-mac-arm64/chromedriver', '--port=51226']' timed out after 60 seconds
2024-09-19 07:32:28,888 - INFO - 检查签入按钮状态
2024-09-19 07:32:28,922 - INFO - 检查签出按钮状态以决定是否点击签入按钮
2024-09-19 07:32:28,988 - INFO - 签入 按钮已点击。
2024-09-19 07:32:34,048 - INFO - 签入 弹窗关闭按钮已点击。
2024-09-19 07:32:44,055 - INFO - 关闭浏览器
2024-09-19 07:33:57,750 - ERROR - Service process refused to terminate gracefully with SIGTERM, escalating to SIGKILL.
Traceback (most recent call last):
  File "/opt/anaconda3/envs/oa/lib/python3.10/site-packages/selenium/webdriver/common/service.py", line 172, in _terminate_process
    self.process.wait(60)
  File "/opt/anaconda3/envs/oa/lib/python3.10/subprocess.py", line 1209, in wait
    return self._wait(timeout=timeout)
  File "/opt/anaconda3/envs/oa/lib/python3.10/subprocess.py", line 1951, in _wait
    raise TimeoutExpired(self.args, timeout)
subprocess.TimeoutExpired: Command '['/Users/ina.h/.wdm/drivers/chromedriver/mac64/129.0.6668.58/chromedriver-mac-arm64/chromedriver', '--port=51341']' timed out after 60 seconds
2024-09-19 12:00:17,370 - INFO - ====== WebDriver manager ======
2024-09-19 12:00:17,650 - INFO - Get LATEST chromedriver version for google-chrome
2024-09-19 12:00:17,984 - INFO - Get LATEST chromedriver version for google-chrome
2024-09-19 12:00:18,823 - INFO - Driver [/Users/ina.h/.wdm/drivers/chromedriver/mac64/129.0.6668.58/chromedriver-mac-arm64/chromedriver] found in cache
2024-09-19 12:00:20,154 - INFO - 打开网址: https://myoa.omenow.com/Schedule/MySchedule/
2024-09-19 12:00:23,281 - INFO - 输入用户名和密码
2024-09-19 12:00:23,399 - INFO - 点击登录按钮
2024-09-19 12:00:43,819 - INFO - ---------------------------------------------------
2024-09-19 12:00:43,819 - INFO - 今天是工作日，执行签出签入流程。
2024-09-19 12:00:43,820 - INFO - 今天是星期3
2024-09-19 12:00:43,820 - INFO - 检查签出按钮状态
2024-09-19 12:00:43,895 - INFO - 签出 按钮已点击。
2024-09-19 12:00:48,971 - INFO - 签出 弹窗关闭按钮已点击。
2024-09-19 12:01:13,992 - INFO - 检查签入按钮状态
2024-09-19 12:01:14,022 - INFO - 检查签出按钮状态以决定是否点击签入按钮
2024-09-19 12:01:14,081 - INFO - 签入 按钮已点击。
2024-09-19 12:01:19,153 - INFO - 签入 弹窗关闭按钮已点击。
2024-09-19 12:01:29,162 - INFO - 关闭浏览器
2024-09-19 12:02:42,873 - ERROR - Service process refused to terminate gracefully with SIGTERM, escalating to SIGKILL.
Traceback (most recent call last):
  File "/opt/anaconda3/envs/oa/lib/python3.10/site-packages/selenium/webdriver/common/service.py", line 172, in _terminate_process
    self.process.wait(60)
  File "/opt/anaconda3/envs/oa/lib/python3.10/subprocess.py", line 1209, in wait
    return self._wait(timeout=timeout)
  File "/opt/anaconda3/envs/oa/lib/python3.10/subprocess.py", line 1951, in _wait
    raise TimeoutExpired(self.args, timeout)
subprocess.TimeoutExpired: Command '['/Users/ina.h/.wdm/drivers/chromedriver/mac64/129.0.6668.58/chromedriver-mac-arm64/chromedriver', '--port=62490']' timed out after 60 seconds
2024-09-20 07:30:19,951 - INFO - ====== WebDriver manager ======
2024-09-20 07:30:25,805 - INFO - Get LATEST chromedriver version for google-chrome
2024-09-20 07:30:26,202 - INFO - Get LATEST chromedriver version for google-chrome
2024-09-20 07:30:26,878 - INFO - Get LATEST chromedriver version for google-chrome
2024-09-20 07:30:28,145 - INFO - WebDriver version 129.0.6668.58 selected
2024-09-20 07:30:28,148 - INFO - Modern chrome version https://storage.googleapis.com/chrome-for-testing-public/129.0.6668.58/mac-arm64/chromedriver-mac-arm64.zip
2024-09-20 07:30:28,148 - INFO - About to download new driver from https://storage.googleapis.com/chrome-for-testing-public/129.0.6668.58/mac-arm64/chromedriver-mac-arm64.zip
2024-09-20 07:30:28,523 - INFO - Driver downloading response is 200
2024-09-20 07:30:30,534 - INFO - Get LATEST chromedriver version for google-chrome
2024-09-20 07:30:30,946 - INFO - Driver has been saved in cache [/Users/ina.h/.wdm/drivers/chromedriver/mac64/129.0.6668.58]
2024-09-20 07:30:32,314 - INFO - 打开网址: https://myoa.omenow.com/Schedule/MySchedule/
2024-09-20 07:30:35,630 - INFO - 输入用户名和密码
2024-09-20 07:30:35,716 - INFO - 点击登录按钮
2024-09-20 07:30:57,317 - INFO - ---------------------------------------------------
2024-09-20 07:30:57,318 - INFO - 今天是工作日，执行签出签入流程。
2024-09-20 07:30:57,318 - INFO - 今天是星期4
2024-09-20 07:30:57,318 - INFO - 检查签出按钮状态
2024-09-20 07:30:57,393 - INFO - 签出 按钮已点击。
2024-09-20 07:31:02,467 - INFO - 签出 弹窗关闭按钮已点击。
2024-09-20 07:31:27,475 - INFO - 检查签入按钮状态
2024-09-20 07:31:27,508 - INFO - 检查签出按钮状态以决定是否点击签入按钮
2024-09-20 07:31:27,566 - INFO - 签入 按钮已点击。
2024-09-20 07:31:32,633 - INFO - 签入 弹窗关闭按钮已点击。
2024-09-20 07:31:42,638 - INFO - 关闭浏览器
2024-09-20 07:32:59,161 - ERROR - Service process refused to terminate gracefully with SIGTERM, escalating to SIGKILL.
Traceback (most recent call last):
  File "/opt/anaconda3/envs/oa/lib/python3.10/site-packages/selenium/webdriver/common/service.py", line 172, in _terminate_process
    self.process.wait(60)
  File "/opt/anaconda3/envs/oa/lib/python3.10/subprocess.py", line 1209, in wait
    return self._wait(timeout=timeout)
  File "/opt/anaconda3/envs/oa/lib/python3.10/subprocess.py", line 1951, in _wait
    raise TimeoutExpired(self.args, timeout)
subprocess.TimeoutExpired: Command '['/Users/ina.h/.wdm/drivers/chromedriver/mac64/129.0.6668.58/chromedriver-mac-arm64/chromedriver', '--port=49711']' timed out after 60 seconds
2024-09-20 12:00:18,640 - INFO - ====== WebDriver manager ======
2024-09-20 12:00:23,901 - INFO - Get LATEST chromedriver version for google-chrome
2024-09-20 12:00:24,268 - INFO - Get LATEST chromedriver version for google-chrome
2024-09-20 12:00:24,559 - INFO - Driver [/Users/ina.h/.wdm/drivers/chromedriver/mac64/129.0.6668.58/chromedriver-mac-arm64/chromedriver] found in cache
2024-09-20 12:00:25,931 - INFO - 打开网址: https://myoa.omenow.com/Schedule/MySchedule/
2024-09-20 12:00:29,409 - INFO - 输入用户名和密码
2024-09-20 12:00:29,515 - INFO - 点击登录按钮
2024-09-20 12:00:52,465 - INFO - ---------------------------------------------------
2024-09-20 12:00:52,470 - INFO - 今天是工作日，执行签出签入流程。
2024-09-20 12:00:52,470 - INFO - 今天是星期4
2024-09-20 12:00:52,470 - INFO - 检查签出按钮状态
2024-09-20 12:00:52,537 - INFO - 签出 按钮已点击。
2024-09-20 12:00:57,608 - INFO - 签出 弹窗关闭按钮已点击。
2024-09-20 12:01:22,629 - INFO - 检查签入按钮状态
2024-09-20 12:01:22,663 - INFO - 检查签出按钮状态以决定是否点击签入按钮
2024-09-20 12:01:22,721 - INFO - 签入 按钮已点击。
2024-09-20 12:01:27,794 - INFO - 签入 弹窗关闭按钮已点击。
2024-09-20 12:01:37,804 - INFO - 关闭浏览器
2024-09-20 12:02:53,290 - ERROR - Service process refused to terminate gracefully with SIGTERM, escalating to SIGKILL.
Traceback (most recent call last):
  File "/opt/anaconda3/envs/oa/lib/python3.10/site-packages/selenium/webdriver/common/service.py", line 172, in _terminate_process
    self.process.wait(60)
  File "/opt/anaconda3/envs/oa/lib/python3.10/subprocess.py", line 1209, in wait
    return self._wait(timeout=timeout)
  File "/opt/anaconda3/envs/oa/lib/python3.10/subprocess.py", line 1951, in _wait
    raise TimeoutExpired(self.args, timeout)
subprocess.TimeoutExpired: Command '['/Users/ina.h/.wdm/drivers/chromedriver/mac64/129.0.6668.58/chromedriver-mac-arm64/chromedriver', '--port=57661']' timed out after 60 seconds
2024-09-21 05:45:18,639 - INFO - ====== WebDriver manager ======
2024-09-21 05:45:24,228 - INFO - Get LATEST chromedriver version for google-chrome
2024-09-21 05:45:24,506 - INFO - Get LATEST chromedriver version for google-chrome
2024-09-21 05:45:24,789 - INFO - Get LATEST chromedriver version for google-chrome
2024-09-21 05:45:25,461 - INFO - WebDriver version 129.0.6668.58 selected
2024-09-21 05:45:25,464 - INFO - Modern chrome version https://storage.googleapis.com/chrome-for-testing-public/129.0.6668.58/mac-arm64/chromedriver-mac-arm64.zip
2024-09-21 05:45:25,464 - INFO - About to download new driver from https://storage.googleapis.com/chrome-for-testing-public/129.0.6668.58/mac-arm64/chromedriver-mac-arm64.zip
2024-09-21 05:45:25,872 - INFO - Driver downloading response is 200
2024-09-21 05:45:26,607 - INFO - Get LATEST chromedriver version for google-chrome
2024-09-21 05:45:27,040 - INFO - Driver has been saved in cache [/Users/ina.h/.wdm/drivers/chromedriver/mac64/129.0.6668.58]
2024-09-21 05:45:28,379 - INFO - 打开网址: https://myoa.omenow.com/Schedule/MySchedule/
2024-09-21 05:45:31,769 - INFO - 输入用户名和密码
2024-09-21 05:45:31,848 - INFO - 点击登录按钮
2024-09-21 05:45:54,776 - INFO - ---------------------------------------------------
2024-09-21 05:45:54,781 - INFO - 今天是周六，执行移动办公的流程
2024-09-21 05:45:54,855 - INFO - 周六移动办公签入 按钮已点击。
2024-09-21 05:45:59,941 - INFO - 周六移动办公签入 弹窗关闭按钮已点击。
2024-09-21 05:46:04,946 - INFO - 关闭浏览器
2024-09-21 05:47:19,318 - ERROR - Service process refused to terminate gracefully with SIGTERM, escalating to SIGKILL.
Traceback (most recent call last):
  File "/opt/anaconda3/envs/oa/lib/python3.10/site-packages/selenium/webdriver/common/service.py", line 172, in _terminate_process
    self.process.wait(60)
  File "/opt/anaconda3/envs/oa/lib/python3.10/subprocess.py", line 1209, in wait
    return self._wait(timeout=timeout)
  File "/opt/anaconda3/envs/oa/lib/python3.10/subprocess.py", line 1951, in _wait
    raise TimeoutExpired(self.args, timeout)
subprocess.TimeoutExpired: Command '['/Users/ina.h/.wdm/drivers/chromedriver/mac64/129.0.6668.58/chromedriver-mac-arm64/chromedriver', '--port=54133']' timed out after 60 seconds
2024-09-23 07:11:13,141 - INFO - Current time: 2024-09-23 07:11:13
2024-09-23 07:11:17,772 - INFO - 打开网址: https://myoa.omenow.com/Schedule/MySchedule/
2024-09-23 07:11:19,192 - ERROR - 发生异常: Message: unknown error: net::ERR_CONNECTION_CLOSED
  (Session info: chrome=129.0.6668.58)
Stacktrace:
0   chromedriver                        0x0000000102f6f988 cxxbridge1$str$ptr + 1887096
1   chromedriver                        0x0000000102f67df0 cxxbridge1$str$ptr + 1855456
2   chromedriver                        0x0000000102b6cbe0 cxxbridge1$string$len + 89508
3   chromedriver                        0x0000000102b65bc4 cxxbridge1$string$len + 60808
4   chromedriver                        0x0000000102b57fe8 cxxbridge1$string$len + 4524
5   chromedriver                        0x0000000102b599c4 cxxbridge1$string$len + 11144
6   chromedriver                        0x0000000102b5839c cxxbridge1$string$len + 5472
7   chromedriver                        0x0000000102b57c10 cxxbridge1$string$len + 3540
8   chromedriver                        0x0000000102b57b5c cxxbridge1$string$len + 3360
9   chromedriver                        0x0000000102b55ef8 core::str::slice_error_fail::h6c488016ada29016 + 61108
10  chromedriver                        0x0000000102b56468 core::str::slice_error_fail::h6c488016ada29016 + 62500
11  chromedriver                        0x0000000102b6f090 cxxbridge1$string$len + 98900
12  chromedriver                        0x0000000102beae14 cxxbridge1$string$len + 606168
13  chromedriver                        0x0000000102bea4a4 cxxbridge1$string$len + 603752
14  chromedriver                        0x0000000102ba5a08 cxxbridge1$string$len + 322508
15  chromedriver                        0x0000000102ba666c cxxbridge1$string$len + 325680
16  chromedriver                        0x0000000102f36048 cxxbridge1$str$ptr + 1651256
17  chromedriver                        0x0000000102f3a97c cxxbridge1$str$ptr + 1669996
18  chromedriver                        0x0000000102f1b1dc cxxbridge1$str$ptr + 1541068
19  chromedriver                        0x0000000102f3b24c cxxbridge1$str$ptr + 1672252
20  chromedriver                        0x0000000102f0c7f0 cxxbridge1$str$ptr + 1481184
21  chromedriver                        0x0000000102f590e8 cxxbridge1$str$ptr + 1794776
22  chromedriver                        0x0000000102f59264 cxxbridge1$str$ptr + 1795156
23  chromedriver                        0x0000000102f67a8c cxxbridge1$str$ptr + 1854588
24  libsystem_pthread.dylib             0x000000018f0affa8 _pthread_start + 148
25  libsystem_pthread.dylib             0x000000018f0aada0 thread_start + 8

2024-09-23 07:11:19,192 - INFO - 关闭浏览器
2024-09-23 07:12:24,394 - ERROR - Service process refused to terminate gracefully with SIGTERM, escalating to SIGKILL.
Traceback (most recent call last):
  File "/opt/anaconda3/envs/oa/lib/python3.10/site-packages/selenium/webdriver/common/service.py", line 172, in _terminate_process
    self.process.wait(60)
  File "/opt/anaconda3/envs/oa/lib/python3.10/subprocess.py", line 1209, in wait
    return self._wait(timeout=timeout)
  File "/opt/anaconda3/envs/oa/lib/python3.10/subprocess.py", line 1951, in _wait
    raise TimeoutExpired(self.args, timeout)
subprocess.TimeoutExpired: Command '['/usr/local/bin/chromedriver', '--port=63632']' timed out after 60 seconds
2024-09-23 07:30:17,239 - INFO - ====== WebDriver manager ======
2024-09-23 07:30:18,406 - INFO - Get LATEST chromedriver version for google-chrome
2024-09-23 07:30:19,371 - INFO - Get LATEST chromedriver version for google-chrome
2024-09-23 07:30:20,245 - INFO - Get LATEST chromedriver version for google-chrome
2024-09-23 07:30:22,078 - INFO - WebDriver version 129.0.6668.58 selected
2024-09-23 07:30:22,080 - INFO - Modern chrome version https://storage.googleapis.com/chrome-for-testing-public/129.0.6668.58/mac-arm64/chromedriver-mac-arm64.zip
2024-09-23 07:30:22,080 - INFO - About to download new driver from https://storage.googleapis.com/chrome-for-testing-public/129.0.6668.58/mac-arm64/chromedriver-mac-arm64.zip
2024-09-23 07:30:24,176 - INFO - Driver downloading response is 200
2024-09-23 07:30:25,004 - INFO - Get LATEST chromedriver version for google-chrome
2024-09-23 07:30:25,916 - INFO - Driver has been saved in cache [/Users/ina.h/.wdm/drivers/chromedriver/mac64/129.0.6668.58]
2024-09-23 07:30:27,131 - INFO - 打开网址: https://myoa.omenow.com/Schedule/MySchedule/
2024-09-23 07:30:30,771 - INFO - 输入用户名和密码
2024-09-23 07:30:30,864 - INFO - 点击登录按钮
2024-09-23 07:30:54,399 - INFO - ---------------------------------------------------
2024-09-23 07:30:54,400 - INFO - 今天是工作日，执行签出签入流程。
2024-09-23 07:30:54,400 - INFO - 今天是星期0
2024-09-23 07:30:54,400 - INFO - 检查签出按钮状态
2024-09-23 07:30:54,481 - INFO - 签出 按钮已点击。
2024-09-23 07:30:59,539 - INFO - 签出 弹窗关闭按钮已点击。
2024-09-23 07:31:24,542 - INFO - 检查签入按钮状态
2024-09-23 07:31:24,562 - INFO - 检查签出按钮状态以决定是否点击签入按钮
2024-09-23 07:31:24,620 - INFO - 签入 按钮已点击。
2024-09-23 07:31:29,673 - INFO - 签入 弹窗关闭按钮已点击。
2024-09-23 07:31:39,679 - INFO - 关闭浏览器
2024-09-23 12:00:16,667 - INFO - ====== WebDriver manager ======
2024-09-23 12:00:16,974 - INFO - Get LATEST chromedriver version for google-chrome
2024-09-23 12:00:17,634 - INFO - Get LATEST chromedriver version for google-chrome
2024-09-23 12:00:18,586 - INFO - Driver [/Users/ina.h/.wdm/drivers/chromedriver/mac64/129.0.6668.58/chromedriver-mac-arm64/chromedriver] found in cache
2024-09-23 12:00:19,862 - INFO - 打开网址: https://myoa.omenow.com/Schedule/MySchedule/
2024-09-23 12:00:22,685 - INFO - 输入用户名和密码
2024-09-23 12:00:22,798 - INFO - 点击登录按钮
2024-09-23 12:00:44,062 - INFO - ---------------------------------------------------
2024-09-23 12:00:44,063 - INFO - 今天是工作日，执行签出签入流程。
2024-09-23 12:00:44,063 - INFO - 今天是星期0
2024-09-23 12:00:44,063 - INFO - 检查签出按钮状态
2024-09-23 12:00:44,116 - INFO - 签出 按钮已点击。
2024-09-23 12:00:49,200 - INFO - 签出 弹窗关闭按钮已点击。
2024-09-23 12:01:14,225 - INFO - 检查签入按钮状态
2024-09-23 12:01:14,248 - INFO - 检查签出按钮状态以决定是否点击签入按钮
2024-09-23 12:01:14,301 - INFO - 签入 按钮已点击。
2024-09-23 12:01:19,358 - INFO - 签入 弹窗关闭按钮已点击。
2024-09-23 12:01:29,364 - INFO - 关闭浏览器
2024-09-24 07:30:18,281 - INFO - ====== WebDriver manager ======
2024-09-24 07:30:18,805 - INFO - Get LATEST chromedriver version for google-chrome
2024-09-24 07:30:19,051 - INFO - Get LATEST chromedriver version for google-chrome
2024-09-24 07:30:19,346 - INFO - Get LATEST chromedriver version for google-chrome
2024-09-24 07:30:19,947 - INFO - WebDriver version 129.0.6668.58 selected
2024-09-24 07:30:19,950 - INFO - Modern chrome version https://storage.googleapis.com/chrome-for-testing-public/129.0.6668.58/mac-arm64/chromedriver-mac-arm64.zip
2024-09-24 07:30:19,950 - INFO - About to download new driver from https://storage.googleapis.com/chrome-for-testing-public/129.0.6668.58/mac-arm64/chromedriver-mac-arm64.zip
2024-09-24 07:30:20,138 - INFO - Driver downloading response is 200
2024-09-24 07:30:20,813 - INFO - Get LATEST chromedriver version for google-chrome
2024-09-24 07:30:21,223 - INFO - Driver has been saved in cache [/Users/ina.h/.wdm/drivers/chromedriver/mac64/129.0.6668.58]
2024-09-24 07:30:22,460 - INFO - 打开网址: https://myoa.omenow.com/Schedule/MySchedule/
2024-09-24 07:30:22,856 - INFO - 输入用户名和密码
2024-09-24 07:30:22,983 - INFO - 点击登录按钮
2024-09-24 07:30:43,135 - INFO - ---------------------------------------------------
2024-09-24 07:30:43,136 - INFO - 今天是工作日，执行签出签入流程。
2024-09-24 07:30:43,136 - INFO - 今天是星期1
2024-09-24 07:30:43,136 - INFO - 检查签出按钮状态
2024-09-24 07:30:43,206 - INFO - 签出 按钮已点击。
2024-09-24 07:30:48,276 - INFO - 签出 弹窗关闭按钮已点击。
2024-09-24 07:31:13,283 - INFO - 检查签入按钮状态
2024-09-24 07:31:13,316 - INFO - 检查签出按钮状态以决定是否点击签入按钮
2024-09-24 07:31:13,375 - INFO - 签入 按钮已点击。
2024-09-24 07:31:18,446 - INFO - 签入 弹窗关闭按钮已点击。
2024-09-24 07:31:28,451 - INFO - 关闭浏览器
2024-09-24 12:00:18,289 - INFO - ====== WebDriver manager ======
2024-09-24 12:00:18,590 - INFO - Get LATEST chromedriver version for google-chrome
2024-09-24 12:00:18,869 - INFO - Get LATEST chromedriver version for google-chrome
2024-09-24 12:00:19,245 - INFO - Driver [/Users/ina.h/.wdm/drivers/chromedriver/mac64/129.0.6668.58/chromedriver-mac-arm64/chromedriver] found in cache
2024-09-24 12:00:20,590 - INFO - 打开网址: https://myoa.omenow.com/Schedule/MySchedule/
2024-09-24 12:00:22,066 - INFO - 输入用户名和密码
2024-09-24 12:00:22,178 - INFO - 点击登录按钮
2024-09-24 12:00:42,652 - INFO - ---------------------------------------------------
2024-09-24 12:00:42,657 - INFO - 今天是工作日，执行签出签入流程。
2024-09-24 12:00:42,660 - INFO - 今天是星期1
2024-09-24 12:00:42,660 - INFO - 检查签出按钮状态
2024-09-24 12:00:42,723 - INFO - 签出 按钮已点击。
2024-09-24 12:00:47,808 - INFO - 签出 弹窗关闭按钮已点击。
2024-09-24 12:01:12,828 - INFO - 检查签入按钮状态
2024-09-24 12:01:12,862 - INFO - 检查签出按钮状态以决定是否点击签入按钮
2024-09-24 12:01:12,919 - INFO - 签入 按钮已点击。
2024-09-24 12:01:17,981 - INFO - 签入 弹窗关闭按钮已点击。
2024-09-24 12:01:27,992 - INFO - 关闭浏览器
2024-09-25 07:30:16,994 - INFO - ====== WebDriver manager ======
2024-09-25 07:30:22,585 - INFO - Get LATEST chromedriver version for google-chrome
2024-09-25 07:30:23,299 - INFO - Get LATEST chromedriver version for google-chrome
2024-09-25 07:30:24,344 - INFO - There is no [mac64] chromedriver "129.0.6668.70" for browser google-chrome "129.0.6668" in cache
2024-09-25 07:30:24,364 - INFO - Get LATEST chromedriver version for google-chrome
2024-09-25 07:30:26,060 - INFO - WebDriver version 129.0.6668.70 selected
2024-09-25 07:30:26,062 - INFO - Modern chrome version https://storage.googleapis.com/chrome-for-testing-public/129.0.6668.70/mac-arm64/chromedriver-mac-arm64.zip
2024-09-25 07:30:26,062 - INFO - About to download new driver from https://storage.googleapis.com/chrome-for-testing-public/129.0.6668.70/mac-arm64/chromedriver-mac-arm64.zip
2024-09-25 07:30:27,007 - INFO - Driver downloading response is 200
2024-09-25 07:30:34,748 - INFO - Get LATEST chromedriver version for google-chrome
2024-09-25 07:30:35,219 - INFO - Driver has been saved in cache [/Users/ina.h/.wdm/drivers/chromedriver/mac64/129.0.6668.70]
2024-09-25 07:30:37,439 - INFO - 打开网址: https://myoa.omenow.com/Schedule/MySchedule/
2024-09-25 07:30:39,324 - INFO - 输入用户名和密码
2024-09-25 07:30:42,018 - INFO - 点击登录按钮
2024-09-25 07:31:02,541 - INFO - ---------------------------------------------------
2024-09-25 07:31:02,542 - INFO - 今天是工作日，执行签出签入流程。
2024-09-25 07:31:02,543 - INFO - 今天是星期2
2024-09-25 07:31:02,543 - INFO - 检查签出按钮状态
2024-09-25 07:31:02,606 - INFO - 签出 按钮已点击。
2024-09-25 07:31:07,671 - INFO - 签出 弹窗关闭按钮已点击。
2024-09-25 07:31:32,689 - INFO - 检查签入按钮状态
2024-09-25 07:31:32,723 - INFO - 检查签出按钮状态以决定是否点击签入按钮
2024-09-25 07:31:32,781 - INFO - 签入 按钮已点击。
2024-09-25 07:31:37,857 - INFO - 签入 弹窗关闭按钮已点击。
2024-09-25 07:31:47,869 - INFO - 关闭浏览器
2024-09-25 07:33:05,155 - ERROR - Service process refused to terminate gracefully with SIGTERM, escalating to SIGKILL.
Traceback (most recent call last):
  File "/opt/anaconda3/envs/oa/lib/python3.10/site-packages/selenium/webdriver/common/service.py", line 172, in _terminate_process
    self.process.wait(60)
  File "/opt/anaconda3/envs/oa/lib/python3.10/subprocess.py", line 1209, in wait
    return self._wait(timeout=timeout)
  File "/opt/anaconda3/envs/oa/lib/python3.10/subprocess.py", line 1951, in _wait
    raise TimeoutExpired(self.args, timeout)
subprocess.TimeoutExpired: Command '['/Users/ina.h/.wdm/drivers/chromedriver/mac64/129.0.6668.70/chromedriver-mac-arm64/chromedriver', '--port=55836']' timed out after 60 seconds
2024-09-25 12:00:18,414 - INFO - ====== WebDriver manager ======
2024-09-25 12:00:23,710 - INFO - Get LATEST chromedriver version for google-chrome
2024-09-25 12:00:24,949 - INFO - Get LATEST chromedriver version for google-chrome
2024-09-25 12:00:25,260 - INFO - Driver [/Users/ina.h/.wdm/drivers/chromedriver/mac64/129.0.6668.70/chromedriver-mac-arm64/chromedriver] found in cache
2024-09-25 12:00:26,654 - INFO - 打开网址: https://myoa.omenow.com/Schedule/MySchedule/
2024-09-25 12:00:28,523 - INFO - 输入用户名和密码
2024-09-25 12:00:28,640 - INFO - 点击登录按钮
2024-09-25 12:00:51,689 - INFO - ---------------------------------------------------
2024-09-25 12:00:51,689 - INFO - 今天是工作日，执行签出签入流程。
2024-09-25 12:00:51,689 - INFO - 今天是星期2
2024-09-25 12:00:51,689 - INFO - 检查签出按钮状态
2024-09-25 12:00:51,736 - INFO - 签出 按钮已点击。
2024-09-25 12:00:56,800 - INFO - 签出 弹窗关闭按钮已点击。
2024-09-25 12:01:21,821 - INFO - 检查签入按钮状态
2024-09-25 12:01:21,854 - INFO - 检查签出按钮状态以决定是否点击签入按钮
2024-09-25 12:01:21,912 - INFO - 签入 按钮已点击。
2024-09-25 12:01:26,982 - INFO - 签入 弹窗关闭按钮已点击。
2024-09-25 12:01:36,993 - INFO - 关闭浏览器
2024-09-25 12:02:50,843 - ERROR - Service process refused to terminate gracefully with SIGTERM, escalating to SIGKILL.
Traceback (most recent call last):
  File "/opt/anaconda3/envs/oa/lib/python3.10/site-packages/selenium/webdriver/common/service.py", line 172, in _terminate_process
    self.process.wait(60)
  File "/opt/anaconda3/envs/oa/lib/python3.10/subprocess.py", line 1209, in wait
    return self._wait(timeout=timeout)
  File "/opt/anaconda3/envs/oa/lib/python3.10/subprocess.py", line 1951, in _wait
    raise TimeoutExpired(self.args, timeout)
subprocess.TimeoutExpired: Command '['/Users/ina.h/.wdm/drivers/chromedriver/mac64/129.0.6668.70/chromedriver-mac-arm64/chromedriver', '--port=59742']' timed out after 60 seconds
2024-09-26 07:30:17,475 - INFO - ====== WebDriver manager ======
2024-09-26 07:30:23,095 - INFO - Get LATEST chromedriver version for google-chrome
2024-09-26 07:30:23,427 - INFO - Get LATEST chromedriver version for google-chrome
2024-09-26 07:30:23,732 - INFO - Get LATEST chromedriver version for google-chrome
2024-09-26 07:30:24,441 - INFO - WebDriver version 129.0.6668.70 selected
2024-09-26 07:30:24,445 - INFO - Modern chrome version https://storage.googleapis.com/chrome-for-testing-public/129.0.6668.70/mac-arm64/chromedriver-mac-arm64.zip
2024-09-26 07:30:24,445 - INFO - About to download new driver from https://storage.googleapis.com/chrome-for-testing-public/129.0.6668.70/mac-arm64/chromedriver-mac-arm64.zip
2024-09-26 07:30:24,617 - INFO - Driver downloading response is 200
2024-09-26 07:30:25,303 - INFO - Get LATEST chromedriver version for google-chrome
2024-09-26 07:30:25,691 - INFO - Driver has been saved in cache [/Users/ina.h/.wdm/drivers/chromedriver/mac64/129.0.6668.70]
2024-09-26 07:30:27,023 - INFO - 打开网址: https://myoa.omenow.com/Schedule/MySchedule/
2024-09-26 07:30:29,022 - INFO - 输入用户名和密码
2024-09-26 07:30:29,177 - INFO - 点击登录按钮
2024-09-26 07:30:49,561 - INFO - ---------------------------------------------------
2024-09-26 07:30:49,562 - INFO - 今天是工作日，执行签出签入流程。
2024-09-26 07:30:49,562 - INFO - 今天是星期3
2024-09-26 07:30:49,562 - INFO - 检查签出按钮状态
2024-09-26 07:30:49,634 - INFO - 签出 按钮已点击。
2024-09-26 07:30:54,703 - INFO - 签出 弹窗关闭按钮已点击。
2024-09-26 07:31:19,708 - INFO - 检查签入按钮状态
2024-09-26 07:31:19,742 - INFO - 检查签出按钮状态以决定是否点击签入按钮
2024-09-26 07:31:19,800 - INFO - 签入 按钮已点击。
2024-09-26 07:31:24,867 - INFO - 签入 弹窗关闭按钮已点击。
2024-09-26 07:31:34,872 - INFO - 关闭浏览器
2024-09-26 07:32:49,092 - ERROR - Service process refused to terminate gracefully with SIGTERM, escalating to SIGKILL.
Traceback (most recent call last):
  File "/opt/anaconda3/envs/oa/lib/python3.10/site-packages/selenium/webdriver/common/service.py", line 172, in _terminate_process
    self.process.wait(60)
  File "/opt/anaconda3/envs/oa/lib/python3.10/subprocess.py", line 1209, in wait
    return self._wait(timeout=timeout)
  File "/opt/anaconda3/envs/oa/lib/python3.10/subprocess.py", line 1951, in _wait
    raise TimeoutExpired(self.args, timeout)
subprocess.TimeoutExpired: Command '['/Users/ina.h/.wdm/drivers/chromedriver/mac64/129.0.6668.70/chromedriver-mac-arm64/chromedriver', '--port=58758']' timed out after 60 seconds
2024-09-26 12:00:17,367 - INFO - ====== WebDriver manager ======
2024-09-26 12:00:17,510 - INFO - Get LATEST chromedriver version for google-chrome
2024-09-26 12:00:17,940 - INFO - Get LATEST chromedriver version for google-chrome
2024-09-26 12:00:18,480 - INFO - Driver [/Users/ina.h/.wdm/drivers/chromedriver/mac64/129.0.6668.70/chromedriver-mac-arm64/chromedriver] found in cache
2024-09-26 12:00:19,630 - INFO - 打开网址: https://myoa.omenow.com/Schedule/MySchedule/
2024-09-26 12:00:23,736 - INFO - 输入用户名和密码
2024-09-26 12:00:23,840 - INFO - 点击登录按钮
2024-09-26 12:00:48,742 - INFO - ---------------------------------------------------
2024-09-26 12:00:48,742 - INFO - 今天是工作日，执行签出签入流程。
2024-09-26 12:00:48,743 - INFO - 今天是星期3
2024-09-26 12:00:48,743 - INFO - 检查签出按钮状态
2024-09-26 12:00:48,819 - INFO - 签出 按钮已点击。
2024-09-26 12:00:53,874 - INFO - 签出 弹窗关闭按钮已点击。
2024-09-26 12:01:18,880 - INFO - 检查签入按钮状态
2024-09-26 12:01:18,901 - INFO - 检查签出按钮状态以决定是否点击签入按钮
2024-09-26 12:01:18,962 - INFO - 签入 按钮已点击。
2024-09-26 12:01:24,021 - INFO - 签入 弹窗关闭按钮已点击。
2024-09-26 12:01:34,026 - INFO - 关闭浏览器
2024-09-26 12:02:49,915 - ERROR - Service process refused to terminate gracefully with SIGTERM, escalating to SIGKILL.
Traceback (most recent call last):
  File "/opt/anaconda3/envs/oa/lib/python3.10/site-packages/selenium/webdriver/common/service.py", line 172, in _terminate_process
    self.process.wait(60)
  File "/opt/anaconda3/envs/oa/lib/python3.10/subprocess.py", line 1209, in wait
    return self._wait(timeout=timeout)
  File "/opt/anaconda3/envs/oa/lib/python3.10/subprocess.py", line 1951, in _wait
    raise TimeoutExpired(self.args, timeout)
subprocess.TimeoutExpired: Command '['/Users/ina.h/.wdm/drivers/chromedriver/mac64/129.0.6668.70/chromedriver-mac-arm64/chromedriver', '--port=63935']' timed out after 60 seconds
2024-09-30 07:30:18,360 - INFO - ====== WebDriver manager ======
2024-09-30 07:30:18,497 - INFO - Get LATEST chromedriver version for google-chrome
2024-09-30 12:00:17,416 - INFO - ====== WebDriver manager ======
2024-09-30 12:00:17,488 - INFO - Get LATEST chromedriver version for google-chrome
2024-09-30 12:00:17,723 - INFO - Get LATEST chromedriver version for google-chrome
2024-09-30 12:00:17,995 - INFO - Get LATEST chromedriver version for google-chrome
2024-09-30 12:00:18,550 - INFO - WebDriver version 129.0.6668.70 selected
2024-09-30 12:00:18,553 - INFO - Modern chrome version https://storage.googleapis.com/chrome-for-testing-public/129.0.6668.70/mac-arm64/chromedriver-mac-arm64.zip
2024-09-30 12:00:18,553 - INFO - About to download new driver from https://storage.googleapis.com/chrome-for-testing-public/129.0.6668.70/mac-arm64/chromedriver-mac-arm64.zip
2024-09-30 12:00:18,759 - INFO - Driver downloading response is 200
2024-09-30 12:00:19,589 - INFO - Get LATEST chromedriver version for google-chrome
2024-09-30 12:00:19,964 - INFO - Driver has been saved in cache [/Users/ina.h/.wdm/drivers/chromedriver/mac64/129.0.6668.70]
2024-09-30 12:00:21,079 - INFO - 打开网址: https://myoa.omenow.com/Schedule/MySchedule/
2024-09-30 12:00:22,721 - INFO - 输入用户名和密码
2024-09-30 12:00:22,826 - INFO - 点击登录按钮
2024-09-30 12:00:43,180 - INFO - ---------------------------------------------------
2024-09-30 12:00:43,181 - INFO - 今天是工作日，执行签出签入流程。
2024-09-30 12:00:43,181 - INFO - 今天是星期0
2024-09-30 12:00:43,181 - INFO - 检查签出按钮状态
2024-09-30 12:00:43,254 - INFO - 签出 按钮已点击。
2024-09-30 12:00:48,325 - INFO - 签出 弹窗关闭按钮已点击。
2024-09-30 12:01:13,345 - INFO - 检查签入按钮状态
2024-09-30 12:01:13,370 - INFO - 检查签出按钮状态以决定是否点击签入按钮
2024-09-30 12:01:13,430 - INFO - 签入 按钮已点击。
2024-09-30 12:01:18,503 - INFO - 签入 弹窗关闭按钮已点击。
2024-09-30 12:01:28,513 - INFO - 关闭浏览器
2024-09-30 12:02:41,435 - ERROR - Service process refused to terminate gracefully with SIGTERM, escalating to SIGKILL.
Traceback (most recent call last):
  File "/opt/anaconda3/envs/oa/lib/python3.10/site-packages/selenium/webdriver/common/service.py", line 172, in _terminate_process
    self.process.wait(60)
  File "/opt/anaconda3/envs/oa/lib/python3.10/subprocess.py", line 1209, in wait
    return self._wait(timeout=timeout)
  File "/opt/anaconda3/envs/oa/lib/python3.10/subprocess.py", line 1951, in _wait
    raise TimeoutExpired(self.args, timeout)
subprocess.TimeoutExpired: Command '['/Users/ina.h/.wdm/drivers/chromedriver/mac64/129.0.6668.70/chromedriver-mac-arm64/chromedriver', '--port=60832']' timed out after 60 seconds
2024-09-30 12:07:50,528 - INFO - ====== WebDriver manager ======
2024-09-30 12:07:50,597 - INFO - Get LATEST chromedriver version for google-chrome
2024-09-30 12:07:50,843 - INFO - Get LATEST chromedriver version for google-chrome
2024-09-30 12:07:51,096 - INFO - Driver [/Users/ina.h/.wdm/drivers/chromedriver/mac64/129.0.6668.70/chromedriver-mac-arm64/chromedriver] found in cache
2024-09-30 12:07:52,184 - INFO - 打开网址: https://myoa.omenow.com/Schedule/MySchedule/
2024-09-30 12:07:53,774 - INFO - 输入用户名和密码
2024-09-30 12:07:53,857 - INFO - 点击登录按钮
2024-09-30 12:08:14,252 - INFO - ---------------------------------------------------
2024-09-30 12:08:14,252 - INFO - 今天是工作日，执行签出签入流程。
2024-09-30 12:08:14,253 - INFO - 今天是星期0
2024-09-30 12:08:14,253 - INFO - 检查签出按钮状态
2024-09-30 12:08:14,287 - INFO - 签出按钮当前处于禁用状态，无法点击。
2024-09-30 12:08:34,288 - INFO - 检查签入按钮状态
2024-09-30 12:08:34,316 - INFO - 签入按钮当前处于禁用状态，无法点击。
2024-09-30 12:08:49,554 - INFO - 关闭浏览器
2024-09-30 12:10:02,788 - ERROR - Service process refused to terminate gracefully with SIGTERM, escalating to SIGKILL.
Traceback (most recent call last):
  File "/opt/anaconda3/envs/oa/lib/python3.10/site-packages/selenium/webdriver/common/service.py", line 172, in _terminate_process
    self.process.wait(60)
  File "/opt/anaconda3/envs/oa/lib/python3.10/subprocess.py", line 1209, in wait
    return self._wait(timeout=timeout)
  File "/opt/anaconda3/envs/oa/lib/python3.10/subprocess.py", line 1951, in _wait
    raise TimeoutExpired(self.args, timeout)
subprocess.TimeoutExpired: Command '['/Users/ina.h/.wdm/drivers/chromedriver/mac64/129.0.6668.70/chromedriver-mac-arm64/chromedriver', '--port=61283']' timed out after 60 seconds
2024-10-01 07:30:17,255 - INFO - ====== WebDriver manager ======
2024-10-01 07:30:17,334 - INFO - Get LATEST chromedriver version for google-chrome
2024-10-01 08:44:51,143 - INFO - ====== WebDriver manager ======
2024-10-01 08:44:51,220 - INFO - Get LATEST chromedriver version for google-chrome
2024-10-01 08:44:51,473 - INFO - Get LATEST chromedriver version for google-chrome
2024-10-01 08:44:51,789 - INFO - Get LATEST chromedriver version for google-chrome
2024-10-01 08:44:52,342 - INFO - WebDriver version 129.0.6668.70 selected
2024-10-01 08:44:52,344 - INFO - Modern chrome version https://storage.googleapis.com/chrome-for-testing-public/129.0.6668.70/mac-arm64/chromedriver-mac-arm64.zip
2024-10-01 08:44:52,344 - INFO - About to download new driver from https://storage.googleapis.com/chrome-for-testing-public/129.0.6668.70/mac-arm64/chromedriver-mac-arm64.zip
2024-10-01 08:44:52,647 - INFO - Driver downloading response is 200
2024-10-01 08:44:53,373 - INFO - Get LATEST chromedriver version for google-chrome
2024-10-01 08:44:53,755 - INFO - Driver has been saved in cache [/Users/ina.h/.wdm/drivers/chromedriver/mac64/129.0.6668.70]
2024-10-01 08:44:54,888 - INFO - 打开网址: https://myoa.omenow.com/Schedule/MySchedule/
2024-10-01 08:44:56,503 - INFO - 输入用户名和密码
2024-10-01 08:44:56,603 - INFO - 点击登录按钮
2024-10-01 08:45:18,183 - INFO - ---------------------------------------------------
2024-10-01 08:45:18,184 - INFO - 今天是工作日，执行签出签入流程。
2024-10-01 08:45:18,184 - INFO - 今天是星期1
2024-10-01 08:45:18,185 - INFO - 检查签出按钮状态
2024-10-01 08:45:18,266 - INFO - 签出 按钮已点击。
2024-10-01 08:45:23,341 - INFO - 签出 弹窗关闭按钮已点击。
2024-10-01 08:45:48,349 - INFO - 检查签入按钮状态
2024-10-01 08:45:48,382 - INFO - 检查签出按钮状态以决定是否点击签入按钮
2024-10-01 08:45:48,440 - INFO - 签入 按钮已点击。
2024-10-01 08:45:53,511 - INFO - 签入 弹窗关闭按钮已点击。
2024-10-01 08:46:03,516 - INFO - 关闭浏览器
2024-10-01 08:47:16,251 - ERROR - Service process refused to terminate gracefully with SIGTERM, escalating to SIGKILL.
Traceback (most recent call last):
  File "/opt/anaconda3/envs/oa/lib/python3.10/site-packages/selenium/webdriver/common/service.py", line 172, in _terminate_process
    self.process.wait(60)
  File "/opt/anaconda3/envs/oa/lib/python3.10/subprocess.py", line 1209, in wait
    return self._wait(timeout=timeout)
  File "/opt/anaconda3/envs/oa/lib/python3.10/subprocess.py", line 1951, in _wait
    raise TimeoutExpired(self.args, timeout)
subprocess.TimeoutExpired: Command '['/Users/ina.h/.wdm/drivers/chromedriver/mac64/129.0.6668.70/chromedriver-mac-arm64/chromedriver', '--port=64237']' timed out after 60 seconds
2024-10-01 10:11:20,808 - INFO - ====== WebDriver manager ======
2024-10-01 10:11:20,880 - INFO - Get LATEST chromedriver version for google-chrome
2024-10-01 10:11:21,132 - INFO - Get LATEST chromedriver version for google-chrome
2024-10-01 10:11:21,364 - INFO - Driver [/Users/ina.h/.wdm/drivers/chromedriver/mac64/129.0.6668.70/chromedriver-mac-arm64/chromedriver] found in cache
2024-10-01 10:11:22,372 - INFO - 打开网址: https://myoa.omenow.com/Schedule/MySchedule/
2024-10-01 10:11:24,076 - INFO - 输入用户名和密码
2024-10-01 10:11:24,208 - INFO - 点击登录按钮
2024-10-01 10:11:44,580 - INFO - ---------------------------------------------------
2024-10-01 10:11:44,581 - INFO - 今天是工作日，执行签出签入流程。
2024-10-01 10:11:44,583 - INFO - 今天是星期1
2024-10-01 10:11:44,585 - INFO - 检查签出按钮状态
2024-10-01 10:11:44,613 - INFO - 签出按钮当前处于禁用状态，无法点击。
2024-10-01 10:12:04,618 - INFO - 检查签入按钮状态
2024-10-01 10:12:04,654 - INFO - 签入按钮当前处于禁用状态，无法点击。
2024-10-01 10:12:19,892 - INFO - 关闭浏览器
2024-10-01 12:00:18,314 - INFO - ====== WebDriver manager ======
2024-10-01 12:00:18,388 - INFO - Get LATEST chromedriver version for google-chrome
2024-10-01 12:00:18,730 - INFO - Get LATEST chromedriver version for google-chrome
2024-10-01 12:00:19,055 - INFO - Driver [/Users/ina.h/.wdm/drivers/chromedriver/mac64/129.0.6668.70/chromedriver-mac-arm64/chromedriver] found in cache
2024-10-01 12:00:20,183 - INFO - 打开网址: https://myoa.omenow.com/Schedule/MySchedule/
2024-10-01 12:00:22,060 - INFO - 输入用户名和密码
2024-10-01 12:00:22,161 - INFO - 点击登录按钮
2024-10-01 12:00:42,523 - INFO - ---------------------------------------------------
2024-10-01 12:00:42,524 - INFO - 今天是工作日，执行签出签入流程。
2024-10-01 12:00:42,524 - INFO - 今天是星期1
2024-10-01 12:00:42,524 - INFO - 检查签出按钮状态
2024-10-01 12:00:42,607 - INFO - 签出 按钮已点击。
2024-10-01 12:00:47,685 - INFO - 签出 弹窗关闭按钮已点击。
2024-10-01 12:01:12,700 - INFO - 检查签入按钮状态
2024-10-01 12:01:12,733 - INFO - 检查签出按钮状态以决定是否点击签入按钮
2024-10-01 12:01:12,791 - INFO - 签入 按钮已点击。
2024-10-01 12:01:17,860 - INFO - 签入 弹窗关闭按钮已点击。
2024-10-01 12:01:27,865 - INFO - 关闭浏览器
2024-10-01 12:02:41,867 - ERROR - Service process refused to terminate gracefully with SIGTERM, escalating to SIGKILL.
Traceback (most recent call last):
  File "/opt/anaconda3/envs/oa/lib/python3.10/site-packages/selenium/webdriver/common/service.py", line 172, in _terminate_process
    self.process.wait(60)
  File "/opt/anaconda3/envs/oa/lib/python3.10/subprocess.py", line 1209, in wait
    return self._wait(timeout=timeout)
  File "/opt/anaconda3/envs/oa/lib/python3.10/subprocess.py", line 1951, in _wait
    raise TimeoutExpired(self.args, timeout)
subprocess.TimeoutExpired: Command '['/Users/ina.h/.wdm/drivers/chromedriver/mac64/129.0.6668.70/chromedriver-mac-arm64/chromedriver', '--port=53541']' timed out after 60 seconds
2024-10-02 07:30:16,511 - INFO - ====== WebDriver manager ======
2024-10-02 07:30:16,585 - INFO - Get LATEST chromedriver version for google-chrome
2024-10-02 07:30:35,190 - INFO - ====== WebDriver manager ======
2024-10-02 07:30:35,265 - INFO - Get LATEST chromedriver version for google-chrome
2024-10-02 07:30:47,791 - INFO - ====== WebDriver manager ======
2024-10-02 07:30:47,868 - INFO - Get LATEST chromedriver version for google-chrome
2024-10-02 08:25:33,198 - INFO - ====== WebDriver manager ======
2024-10-02 08:25:33,276 - INFO - Get LATEST chromedriver version for google-chrome
2024-10-02 10:28:50,839 - INFO - ====== WebDriver manager ======
2024-10-02 10:28:50,914 - INFO - Get LATEST chromedriver version for google-chrome
2024-10-02 10:28:51,521 - INFO - Get LATEST chromedriver version for google-chrome
2024-10-02 10:28:51,936 - INFO - There is no [mac64] chromedriver "129.0.6668.89" for browser google-chrome "129.0.6668" in cache
2024-10-02 10:28:51,949 - INFO - Get LATEST chromedriver version for google-chrome
2024-10-02 10:28:52,975 - INFO - WebDriver version 129.0.6668.89 selected
2024-10-02 10:28:52,977 - INFO - Modern chrome version https://storage.googleapis.com/chrome-for-testing-public/129.0.6668.89/mac-arm64/chromedriver-mac-arm64.zip
2024-10-02 10:28:52,977 - INFO - About to download new driver from https://storage.googleapis.com/chrome-for-testing-public/129.0.6668.89/mac-arm64/chromedriver-mac-arm64.zip
2024-10-02 10:28:53,290 - INFO - Driver downloading response is 200
2024-10-02 10:28:54,149 - INFO - Get LATEST chromedriver version for google-chrome
2024-10-02 10:28:54,773 - INFO - Driver has been saved in cache [/Users/ina.h/.wdm/drivers/chromedriver/mac64/129.0.6668.89]
2024-10-02 10:28:56,290 - INFO - 打开网址: https://myoa.omenow.com/Schedule/MySchedule/
2024-10-02 10:28:58,769 - INFO - 输入用户名和密码
2024-10-02 10:28:58,898 - INFO - 点击登录按钮
2024-10-02 10:29:18,214 - INFO - 关闭浏览器
2024-10-02 12:00:17,898 - INFO - ====== WebDriver manager ======
2024-10-02 12:00:17,969 - INFO - Get LATEST chromedriver version for google-chrome
2024-10-02 12:00:18,655 - INFO - Get LATEST chromedriver version for google-chrome
2024-10-02 12:00:19,148 - INFO - Driver [/Users/ina.h/.wdm/drivers/chromedriver/mac64/129.0.6668.89/chromedriver-mac-arm64/chromedriver] found in cache
2024-10-02 12:00:20,276 - INFO - 打开网址: https://myoa.omenow.com/Schedule/MySchedule/
2024-10-02 12:00:22,363 - INFO - 输入用户名和密码
2024-10-02 12:00:22,475 - INFO - 点击登录按钮
2024-10-02 12:00:44,426 - INFO - ---------------------------------------------------
2024-10-02 12:00:44,428 - INFO - 今天是工作日，执行签出签入流程。
2024-10-02 12:00:44,429 - INFO - 今天是星期2
2024-10-02 12:00:44,429 - INFO - 检查签出按钮状态
2024-10-02 12:00:44,502 - INFO - 签出 按钮已点击。
2024-10-02 12:00:49,580 - INFO - 签出 弹窗关闭按钮已点击。
2024-10-02 12:01:14,582 - INFO - 检查签入按钮状态
2024-10-02 12:01:14,612 - INFO - 检查签出按钮状态以决定是否点击签入按钮
2024-10-02 12:01:14,670 - INFO - 签入 按钮已点击。
2024-10-02 12:01:19,743 - INFO - 签入 弹窗关闭按钮已点击。
2024-10-02 12:01:29,751 - INFO - 关闭浏览器
2024-10-02 12:02:43,329 - ERROR - Service process refused to terminate gracefully with SIGTERM, escalating to SIGKILL.
Traceback (most recent call last):
  File "/opt/anaconda3/envs/oa/lib/python3.10/site-packages/selenium/webdriver/common/service.py", line 172, in _terminate_process
    self.process.wait(60)
  File "/opt/anaconda3/envs/oa/lib/python3.10/subprocess.py", line 1209, in wait
    return self._wait(timeout=timeout)
  File "/opt/anaconda3/envs/oa/lib/python3.10/subprocess.py", line 1951, in _wait
    raise TimeoutExpired(self.args, timeout)
subprocess.TimeoutExpired: Command '['/Users/ina.h/.wdm/drivers/chromedriver/mac64/129.0.6668.89/chromedriver-mac-arm64/chromedriver', '--port=63830']' timed out after 60 seconds
2024-10-03 07:30:19,283 - INFO - ====== WebDriver manager ======
2024-10-03 07:30:24,719 - INFO - Get LATEST chromedriver version for google-chrome
2024-10-03 07:30:54,456 - INFO - ====== WebDriver manager ======
2024-10-03 07:30:54,546 - INFO - Get LATEST chromedriver version for google-chrome
2024-10-03 07:30:54,825 - INFO - Get LATEST chromedriver version for google-chrome
2024-10-03 07:30:55,173 - INFO - Get LATEST chromedriver version for google-chrome
2024-10-03 07:30:55,989 - INFO - WebDriver version 129.0.6668.89 selected
2024-10-03 07:30:55,992 - INFO - Modern chrome version https://storage.googleapis.com/chrome-for-testing-public/129.0.6668.89/mac-arm64/chromedriver-mac-arm64.zip
2024-10-03 07:30:55,993 - INFO - About to download new driver from https://storage.googleapis.com/chrome-for-testing-public/129.0.6668.89/mac-arm64/chromedriver-mac-arm64.zip
2024-10-03 07:30:56,726 - INFO - Driver downloading response is 200
2024-10-03 07:30:59,001 - INFO - Get LATEST chromedriver version for google-chrome
2024-10-03 07:31:12,589 - INFO - ====== WebDriver manager ======
2024-10-03 07:31:12,682 - INFO - Get LATEST chromedriver version for google-chrome
2024-10-03 07:31:26,432 - INFO - ====== WebDriver manager ======
2024-10-03 07:31:26,515 - INFO - Get LATEST chromedriver version for google-chrome
2024-10-03 07:31:27,147 - INFO - Get LATEST chromedriver version for google-chrome
2024-10-03 07:31:27,595 - INFO - Get LATEST chromedriver version for google-chrome
2024-10-03 07:31:28,643 - INFO - WebDriver version 129.0.6668.89 selected
2024-10-03 07:31:28,645 - INFO - Modern chrome version https://storage.googleapis.com/chrome-for-testing-public/129.0.6668.89/mac-arm64/chromedriver-mac-arm64.zip
2024-10-03 07:31:28,646 - INFO - About to download new driver from https://storage.googleapis.com/chrome-for-testing-public/129.0.6668.89/mac-arm64/chromedriver-mac-arm64.zip
2024-10-03 07:31:29,464 - INFO - Driver downloading response is 200
2024-10-03 07:31:30,260 - INFO - Get LATEST chromedriver version for google-chrome
2024-10-03 07:31:30,825 - INFO - Driver has been saved in cache [/Users/ina.h/.wdm/drivers/chromedriver/mac64/129.0.6668.89]
2024-10-03 07:31:32,271 - INFO - 打开网址: https://myoa.omenow.com/Schedule/MySchedule/
2024-10-03 07:31:34,651 - INFO - 输入用户名和密码
2024-10-03 07:31:34,753 - INFO - 点击登录按钮
2024-10-03 07:31:56,645 - INFO - ---------------------------------------------------
2024-10-03 07:31:56,646 - INFO - 今天是工作日，执行签出签入流程。
2024-10-03 07:31:56,646 - INFO - 今天是星期3
2024-10-03 07:31:56,646 - INFO - 检查签出按钮状态
2024-10-03 07:31:56,715 - INFO - 签出 按钮已点击。
2024-10-03 07:32:01,791 - INFO - 签出 弹窗关闭按钮已点击。
2024-10-03 07:32:26,801 - INFO - 检查签入按钮状态
2024-10-03 07:32:26,839 - INFO - 检查签出按钮状态以决定是否点击签入按钮
2024-10-03 07:32:26,896 - INFO - 签入 按钮已点击。
2024-10-03 07:32:31,966 - INFO - 签入 弹窗关闭按钮已点击。
2024-10-03 07:32:41,971 - INFO - 关闭浏览器
2024-10-03 07:33:55,267 - ERROR - Service process refused to terminate gracefully with SIGTERM, escalating to SIGKILL.
Traceback (most recent call last):
  File "/opt/anaconda3/envs/oa/lib/python3.10/site-packages/selenium/webdriver/common/service.py", line 172, in _terminate_process
    self.process.wait(60)
  File "/opt/anaconda3/envs/oa/lib/python3.10/subprocess.py", line 1209, in wait
    return self._wait(timeout=timeout)
  File "/opt/anaconda3/envs/oa/lib/python3.10/subprocess.py", line 1951, in _wait
    raise TimeoutExpired(self.args, timeout)
subprocess.TimeoutExpired: Command '['/Users/ina.h/.wdm/drivers/chromedriver/mac64/129.0.6668.89/chromedriver-mac-arm64/chromedriver', '--port=58527']' timed out after 60 seconds
2024-10-03 12:00:19,828 - INFO - ====== WebDriver manager ======
2024-10-03 12:00:19,917 - INFO - Get LATEST chromedriver version for google-chrome
2024-10-03 12:00:20,410 - INFO - Get LATEST chromedriver version for google-chrome
2024-10-03 12:17:04,575 - INFO - ====== WebDriver manager ======
2024-10-03 12:17:04,882 - INFO - Get LATEST chromedriver version for google-chrome
2024-10-03 12:17:05,432 - INFO - Get LATEST chromedriver version for google-chrome
2024-10-03 12:17:05,849 - INFO - Driver [/Users/ina.h/.wdm/drivers/chromedriver/mac64/129.0.6668.89/chromedriver-mac-arm64/chromedriver] found in cache
2024-10-03 12:17:07,159 - INFO - 打开网址: https://myoa.omenow.com/Schedule/MySchedule/
2024-10-03 12:17:11,270 - INFO - 输入用户名和密码
2024-10-03 12:17:11,382 - INFO - 点击登录按钮
2024-10-03 12:17:34,010 - INFO - ---------------------------------------------------
2024-10-03 12:17:34,011 - INFO - 今天是工作日，执行签出签入流程。
2024-10-03 12:17:34,012 - INFO - 今天是星期3
2024-10-03 12:17:34,012 - INFO - 检查签出按钮状态
2024-10-03 12:17:34,086 - INFO - 签出 按钮已点击。
2024-10-03 12:17:39,153 - INFO - 签出 弹窗关闭按钮已点击。
2024-10-03 12:18:04,160 - INFO - 检查签入按钮状态
2024-10-03 12:18:04,190 - INFO - 检查签出按钮状态以决定是否点击签入按钮
2024-10-03 12:18:04,249 - INFO - 签入 按钮已点击。
2024-10-03 12:18:09,328 - INFO - 签入 弹窗关闭按钮已点击。
2024-10-03 12:18:19,334 - INFO - 关闭浏览器
2024-10-03 12:19:33,180 - ERROR - Service process refused to terminate gracefully with SIGTERM, escalating to SIGKILL.
Traceback (most recent call last):
  File "/opt/anaconda3/envs/oa/lib/python3.10/site-packages/selenium/webdriver/common/service.py", line 172, in _terminate_process
    self.process.wait(60)
  File "/opt/anaconda3/envs/oa/lib/python3.10/subprocess.py", line 1209, in wait
    return self._wait(timeout=timeout)
  File "/opt/anaconda3/envs/oa/lib/python3.10/subprocess.py", line 1951, in _wait
    raise TimeoutExpired(self.args, timeout)
subprocess.TimeoutExpired: Command '['/Users/ina.h/.wdm/drivers/chromedriver/mac64/129.0.6668.89/chromedriver-mac-arm64/chromedriver', '--port=53080']' timed out after 60 seconds
2024-10-04 07:30:20,088 - INFO - ====== WebDriver manager ======
2024-10-04 07:30:25,530 - INFO - Get LATEST chromedriver version for google-chrome
2024-10-04 07:30:25,809 - INFO - Get LATEST chromedriver version for google-chrome
2024-10-04 07:30:26,096 - INFO - Get LATEST chromedriver version for google-chrome
2024-10-04 07:30:49,034 - INFO - ====== WebDriver manager ======
2024-10-04 07:30:49,118 - INFO - Get LATEST chromedriver version for google-chrome
2024-10-04 07:30:49,339 - INFO - Get LATEST chromedriver version for google-chrome
2024-10-04 07:30:49,743 - INFO - Get LATEST chromedriver version for google-chrome
2024-10-04 07:30:53,466 - INFO - WebDriver version 129.0.6668.89 selected
2024-10-04 07:30:53,468 - INFO - Modern chrome version https://storage.googleapis.com/chrome-for-testing-public/129.0.6668.89/mac-arm64/chromedriver-mac-arm64.zip
2024-10-04 07:30:53,468 - INFO - About to download new driver from https://storage.googleapis.com/chrome-for-testing-public/129.0.6668.89/mac-arm64/chromedriver-mac-arm64.zip
2024-10-04 07:30:54,008 - INFO - Driver downloading response is 200
2024-10-04 07:30:55,113 - INFO - Get LATEST chromedriver version for google-chrome
2024-10-04 07:30:55,422 - INFO - Driver has been saved in cache [/Users/ina.h/.wdm/drivers/chromedriver/mac64/129.0.6668.89]
2024-10-04 07:30:56,805 - INFO - 打开网址: https://myoa.omenow.com/Schedule/MySchedule/
2024-10-04 07:30:57,639 - INFO - 输入用户名和密码
2024-10-04 07:30:57,752 - INFO - 点击登录按钮
2024-10-04 07:31:18,611 - INFO - ---------------------------------------------------
2024-10-04 07:31:18,611 - INFO - 今天是工作日，执行签出签入流程。
2024-10-04 07:31:18,611 - INFO - 今天是星期4
2024-10-04 07:31:18,611 - INFO - 检查签出按钮状态
2024-10-04 07:31:18,687 - INFO - 签出 按钮已点击。
2024-10-04 07:31:23,769 - INFO - 签出 弹窗关闭按钮已点击。
2024-10-04 07:31:48,776 - INFO - 检查签入按钮状态
2024-10-04 07:31:48,813 - INFO - 检查签出按钮状态以决定是否点击签入按钮
2024-10-04 07:31:48,877 - INFO - 签入 按钮已点击。
2024-10-04 07:31:53,936 - INFO - 签入 弹窗关闭按钮已点击。
2024-10-04 07:32:03,941 - INFO - 关闭浏览器
2024-10-04 12:00:17,504 - INFO - ====== WebDriver manager ======
2024-10-04 12:00:22,789 - INFO - Get LATEST chromedriver version for google-chrome
2024-10-04 12:00:23,338 - INFO - Get LATEST chromedriver version for google-chrome
2024-10-04 12:00:24,843 - INFO - Driver [/Users/ina.h/.wdm/drivers/chromedriver/mac64/129.0.6668.89/chromedriver-mac-arm64/chromedriver] found in cache
2024-10-04 12:00:26,247 - INFO - 打开网址: https://myoa.omenow.com/Schedule/MySchedule/
2024-10-04 12:00:31,174 - INFO - 输入用户名和密码
2024-10-04 12:00:31,281 - INFO - 点击登录按钮
2024-10-04 12:00:53,275 - INFO - ---------------------------------------------------
2024-10-04 12:00:53,275 - INFO - 今天是工作日，执行签出签入流程。
2024-10-04 12:00:53,275 - INFO - 今天是星期4
2024-10-04 12:00:53,275 - INFO - 检查签出按钮状态
2024-10-04 12:00:53,345 - INFO - 签出 按钮已点击。
2024-10-04 12:00:58,401 - INFO - 签出 弹窗关闭按钮已点击。
2024-10-04 12:01:23,408 - INFO - 检查签入按钮状态
2024-10-04 12:01:23,434 - INFO - 检查签出按钮状态以决定是否点击签入按钮
2024-10-04 12:01:23,492 - INFO - 签入 按钮已点击。
2024-10-04 12:01:28,534 - INFO - 签入 弹窗关闭按钮已点击。
2024-10-04 12:01:38,539 - INFO - 关闭浏览器
2024-10-05 05:45:18,092 - INFO - ====== WebDriver manager ======
2024-10-05 05:45:18,506 - INFO - Get LATEST chromedriver version for google-chrome
2024-10-05 05:45:18,660 - INFO - Get LATEST chromedriver version for google-chrome
2024-10-05 05:45:18,851 - INFO - Get LATEST chromedriver version for google-chrome
2024-10-05 05:45:19,676 - INFO - WebDriver version 129.0.6668.89 selected
2024-10-05 05:45:19,679 - INFO - Modern chrome version https://storage.googleapis.com/chrome-for-testing-public/129.0.6668.89/mac-arm64/chromedriver-mac-arm64.zip
2024-10-05 05:45:19,679 - INFO - About to download new driver from https://storage.googleapis.com/chrome-for-testing-public/129.0.6668.89/mac-arm64/chromedriver-mac-arm64.zip
2024-10-05 05:45:20,202 - INFO - Driver downloading response is 200
2024-10-05 05:45:20,873 - INFO - Get LATEST chromedriver version for google-chrome
2024-10-05 05:45:21,344 - INFO - Driver has been saved in cache [/Users/ina.h/.wdm/drivers/chromedriver/mac64/129.0.6668.89]
2024-10-05 05:45:22,554 - INFO - 打开网址: https://myoa.omenow.com/Schedule/MySchedule/
2024-10-05 05:45:24,396 - INFO - 输入用户名和密码
2024-10-05 05:45:24,502 - INFO - 点击登录按钮
2024-10-05 05:45:46,185 - INFO - ---------------------------------------------------
2024-10-05 05:45:46,185 - INFO - 今天是周六，执行移动办公的流程
2024-10-05 05:45:46,255 - INFO - 周六移动办公签入 按钮已点击。
2024-10-05 05:45:51,336 - INFO - 周六移动办公签入 弹窗关闭按钮已点击。
2024-10-05 05:45:56,347 - INFO - 关闭浏览器
2024-10-07 07:30:17,455 - INFO - ====== WebDriver manager ======
2024-10-07 07:30:17,958 - INFO - Get LATEST chromedriver version for google-chrome
2024-10-07 07:30:18,496 - INFO - Get LATEST chromedriver version for google-chrome
2024-10-07 07:30:18,920 - INFO - Get LATEST chromedriver version for google-chrome
2024-10-07 07:30:19,910 - INFO - WebDriver version 129.0.6668.89 selected
2024-10-07 07:30:19,913 - INFO - Modern chrome version https://storage.googleapis.com/chrome-for-testing-public/129.0.6668.89/mac-arm64/chromedriver-mac-arm64.zip
2024-10-07 07:30:19,913 - INFO - About to download new driver from https://storage.googleapis.com/chrome-for-testing-public/129.0.6668.89/mac-arm64/chromedriver-mac-arm64.zip
2024-10-07 07:30:20,739 - INFO - Driver downloading response is 200
2024-10-07 07:30:22,160 - INFO - Get LATEST chromedriver version for google-chrome
2024-10-07 07:30:22,685 - INFO - Driver has been saved in cache [/Users/ina.h/.wdm/drivers/chromedriver/mac64/129.0.6668.89]
2024-10-07 07:30:23,934 - INFO - 打开网址: https://myoa.omenow.com/Schedule/MySchedule/
2024-10-07 07:30:24,925 - INFO - 输入用户名和密码
2024-10-07 07:30:25,041 - INFO - 点击登录按钮
2024-10-07 07:30:45,312 - INFO - ---------------------------------------------------
2024-10-07 07:30:45,312 - INFO - 今天是工作日，执行签出签入流程。
2024-10-07 07:30:45,312 - INFO - 今天是星期0
2024-10-07 07:30:45,313 - INFO - 检查签出按钮状态
2024-10-07 07:30:45,374 - INFO - 签出 按钮已点击。
2024-10-07 07:30:50,444 - INFO - 签出 弹窗关闭按钮已点击。
2024-10-07 07:31:15,454 - INFO - 检查签入按钮状态
2024-10-07 07:31:15,487 - INFO - 检查签出按钮状态以决定是否点击签入按钮
2024-10-07 07:31:15,544 - INFO - 签入 按钮已点击。
2024-10-07 07:31:20,603 - INFO - 签入 弹窗关闭按钮已点击。
2024-10-07 07:31:30,607 - INFO - 关闭浏览器
2024-10-07 12:00:17,720 - INFO - ====== WebDriver manager ======
2024-10-07 12:00:18,331 - INFO - Get LATEST chromedriver version for google-chrome
2024-10-07 12:00:18,962 - INFO - Get LATEST chromedriver version for google-chrome
2024-10-07 12:00:19,461 - INFO - Driver [/Users/ina.h/.wdm/drivers/chromedriver/mac64/129.0.6668.89/chromedriver-mac-arm64/chromedriver] found in cache
2024-10-07 12:00:20,856 - INFO - 打开网址: https://myoa.omenow.com/Schedule/MySchedule/
2024-10-07 12:00:22,336 - INFO - 输入用户名和密码
2024-10-07 12:00:22,465 - INFO - 点击登录按钮
2024-10-07 12:00:42,787 - INFO - ---------------------------------------------------
2024-10-07 12:00:42,788 - INFO - 今天是工作日，执行签出签入流程。
2024-10-07 12:00:42,788 - INFO - 今天是星期0
2024-10-07 12:00:42,788 - INFO - 检查签出按钮状态
2024-10-07 12:00:42,855 - INFO - 签出 按钮已点击。
2024-10-07 12:00:47,943 - INFO - 签出 弹窗关闭按钮已点击。
2024-10-07 12:01:12,961 - INFO - 检查签入按钮状态
2024-10-07 12:01:12,994 - INFO - 检查签出按钮状态以决定是否点击签入按钮
2024-10-07 12:01:13,050 - INFO - 签入 按钮已点击。
2024-10-07 12:01:18,113 - INFO - 签入 弹窗关闭按钮已点击。
2024-10-07 12:01:28,123 - INFO - 关闭浏览器
2024-10-08 07:30:17,928 - INFO - ====== WebDriver manager ======
2024-10-08 07:30:18,343 - INFO - Get LATEST chromedriver version for google-chrome
2024-10-08 07:30:18,575 - INFO - Get LATEST chromedriver version for google-chrome
2024-10-08 07:30:18,964 - INFO - Get LATEST chromedriver version for google-chrome
2024-10-08 07:30:19,683 - INFO - WebDriver version 129.0.6668.89 selected
2024-10-08 07:30:19,685 - INFO - Modern chrome version https://storage.googleapis.com/chrome-for-testing-public/129.0.6668.89/mac-arm64/chromedriver-mac-arm64.zip
2024-10-08 07:30:19,685 - INFO - About to download new driver from https://storage.googleapis.com/chrome-for-testing-public/129.0.6668.89/mac-arm64/chromedriver-mac-arm64.zip
2024-10-08 07:30:19,924 - INFO - Driver downloading response is 200
2024-10-08 07:30:20,961 - INFO - Get LATEST chromedriver version for google-chrome
2024-10-08 07:30:21,550 - INFO - Driver has been saved in cache [/Users/ina.h/.wdm/drivers/chromedriver/mac64/129.0.6668.89]
2024-10-08 07:30:22,901 - INFO - 打开网址: https://myoa.omenow.com/Schedule/MySchedule/
2024-10-08 07:30:24,646 - INFO - 输入用户名和密码
2024-10-08 07:30:24,760 - INFO - 点击登录按钮
2024-10-08 07:30:45,212 - INFO - ---------------------------------------------------
2024-10-08 07:30:45,213 - INFO - 今天是工作日，执行签出签入流程。
2024-10-08 07:30:45,213 - INFO - 今天是星期1
2024-10-08 07:30:45,214 - INFO - 检查签出按钮状态
2024-10-08 07:30:45,276 - INFO - 签出 按钮已点击。
2024-10-08 07:30:50,343 - INFO - 签出 弹窗关闭按钮已点击。
2024-10-08 07:31:15,351 - INFO - 检查签入按钮状态
2024-10-08 07:31:15,380 - INFO - 检查签出按钮状态以决定是否点击签入按钮
2024-10-08 07:31:15,438 - INFO - 签入 按钮已点击。
2024-10-08 07:31:20,506 - INFO - 签入 弹窗关闭按钮已点击。
2024-10-08 07:31:30,511 - INFO - 关闭浏览器
2024-10-08 12:00:18,591 - INFO - ====== WebDriver manager ======
2024-10-08 12:00:19,010 - INFO - Get LATEST chromedriver version for google-chrome
2024-10-08 12:00:19,210 - INFO - Get LATEST chromedriver version for google-chrome
2024-10-08 12:00:19,417 - INFO - Driver [/Users/ina.h/.wdm/drivers/chromedriver/mac64/129.0.6668.89/chromedriver-mac-arm64/chromedriver] found in cache
2024-10-08 12:00:20,799 - INFO - 打开网址: https://myoa.omenow.com/Schedule/MySchedule/
2024-10-08 12:00:22,412 - INFO - 输入用户名和密码
2024-10-08 12:00:22,535 - INFO - 点击登录按钮
2024-10-08 12:00:43,635 - INFO - ---------------------------------------------------
2024-10-08 12:00:43,641 - INFO - 今天是工作日，执行签出签入流程。
2024-10-08 12:00:43,641 - INFO - 今天是星期1
2024-10-08 12:00:43,641 - INFO - 检查签出按钮状态
2024-10-08 12:00:43,704 - INFO - 签出 按钮已点击。
2024-10-08 12:00:48,781 - INFO - 签出 弹窗关闭按钮已点击。
2024-10-08 12:01:13,789 - INFO - 检查签入按钮状态
2024-10-08 12:01:13,820 - INFO - 检查签出按钮状态以决定是否点击签入按钮
2024-10-08 12:01:13,879 - INFO - 签入 按钮已点击。
2024-10-08 12:01:18,944 - INFO - 签入 弹窗关闭按钮已点击。
2024-10-08 12:01:28,954 - INFO - 关闭浏览器
2024-10-09 07:30:17,173 - INFO - ====== WebDriver manager ======
2024-10-09 07:30:17,964 - INFO - Get LATEST chromedriver version for google-chrome
2024-10-09 07:30:18,331 - INFO - Get LATEST chromedriver version for google-chrome
2024-10-09 07:30:18,710 - INFO - There is no [mac64] chromedriver "129.0.6668.91" for browser google-chrome "129.0.6668" in cache
2024-10-09 07:30:18,732 - INFO - Get LATEST chromedriver version for google-chrome
2024-10-09 07:30:19,830 - INFO - WebDriver version 129.0.6668.91 selected
2024-10-09 07:30:19,832 - INFO - Modern chrome version https://storage.googleapis.com/chrome-for-testing-public/129.0.6668.91/mac-arm64/chromedriver-mac-arm64.zip
2024-10-09 07:30:19,832 - INFO - About to download new driver from https://storage.googleapis.com/chrome-for-testing-public/129.0.6668.91/mac-arm64/chromedriver-mac-arm64.zip
2024-10-09 07:30:20,395 - INFO - Driver downloading response is 200
2024-10-09 07:30:22,409 - INFO - Get LATEST chromedriver version for google-chrome
2024-10-09 07:30:22,990 - INFO - Driver has been saved in cache [/Users/ina.h/.wdm/drivers/chromedriver/mac64/129.0.6668.91]
2024-10-09 07:30:25,166 - INFO - 打开网址: https://myoa.omenow.com/Schedule/MySchedule/
2024-10-09 07:30:28,706 - INFO - 输入用户名和密码
2024-10-09 07:30:28,829 - INFO - 点击登录按钮
2024-10-09 07:30:51,008 - INFO - ---------------------------------------------------
2024-10-09 07:30:51,009 - INFO - 今天是工作日，执行签出签入流程。
2024-10-09 07:30:51,009 - INFO - 今天是星期2
2024-10-09 07:30:51,009 - INFO - 检查签出按钮状态
2024-10-09 07:30:51,079 - INFO - 签出 按钮已点击。
2024-10-09 07:30:56,154 - INFO - 签出 弹窗关闭按钮已点击。
2024-10-09 07:31:21,161 - INFO - 检查签入按钮状态
2024-10-09 07:31:21,196 - INFO - 检查签出按钮状态以决定是否点击签入按钮
2024-10-09 07:31:21,253 - INFO - 签入 按钮已点击。
2024-10-09 07:31:26,319 - INFO - 签入 弹窗关闭按钮已点击。
2024-10-09 07:31:36,324 - INFO - 关闭浏览器
2024-10-09 07:32:50,329 - ERROR - Service process refused to terminate gracefully with SIGTERM, escalating to SIGKILL.
Traceback (most recent call last):
  File "/opt/anaconda3/envs/oa/lib/python3.10/site-packages/selenium/webdriver/common/service.py", line 172, in _terminate_process
    self.process.wait(60)
  File "/opt/anaconda3/envs/oa/lib/python3.10/subprocess.py", line 1209, in wait
    return self._wait(timeout=timeout)
  File "/opt/anaconda3/envs/oa/lib/python3.10/subprocess.py", line 1951, in _wait
    raise TimeoutExpired(self.args, timeout)
subprocess.TimeoutExpired: Command '['/Users/ina.h/.wdm/drivers/chromedriver/mac64/129.0.6668.91/chromedriver-mac-arm64/chromedriver', '--port=65049']' timed out after 60 seconds
2024-10-09 12:00:17,526 - INFO - ====== WebDriver manager ======
2024-10-09 12:00:22,800 - INFO - Get LATEST chromedriver version for google-chrome
2024-10-09 12:04:19,633 - INFO - ====== WebDriver manager ======
2024-10-09 12:04:19,715 - INFO - Get LATEST chromedriver version for google-chrome
2024-10-09 12:04:20,561 - INFO - Get LATEST chromedriver version for google-chrome
2024-10-09 12:04:38,586 - INFO - ====== WebDriver manager ======
2024-10-09 12:04:38,669 - INFO - Get LATEST chromedriver version for google-chrome
2024-10-09 12:04:38,974 - INFO - Get LATEST chromedriver version for google-chrome
2024-10-09 12:04:39,243 - INFO - Driver [/Users/ina.h/.wdm/drivers/chromedriver/mac64/129.0.6668.91/chromedriver-mac-arm64/chromedriver] found in cache
2024-10-09 12:04:40,695 - INFO - 打开网址: https://myoa.omenow.com/Schedule/MySchedule/
2024-10-09 12:04:43,130 - INFO - 输入用户名和密码
2024-10-09 12:04:43,241 - INFO - 点击登录按钮
2024-10-09 12:05:03,694 - INFO - ---------------------------------------------------
2024-10-09 12:05:03,696 - INFO - 今天是工作日，执行签出签入流程。
2024-10-09 12:05:03,696 - INFO - 今天是星期2
2024-10-09 12:05:03,696 - INFO - 检查签出按钮状态
2024-10-09 12:05:03,761 - INFO - 签出 按钮已点击。
2024-10-09 12:05:08,834 - INFO - 签出 弹窗关闭按钮已点击。
2024-10-09 12:05:33,840 - INFO - 检查签入按钮状态
2024-10-09 12:05:33,873 - INFO - 检查签出按钮状态以决定是否点击签入按钮
2024-10-09 12:05:33,931 - INFO - 签入 按钮已点击。
2024-10-09 12:05:39,005 - INFO - 签入 弹窗关闭按钮已点击。
2024-10-09 12:05:49,007 - INFO - 关闭浏览器
2024-10-09 12:07:02,245 - ERROR - Service process refused to terminate gracefully with SIGTERM, escalating to SIGKILL.
Traceback (most recent call last):
  File "/opt/anaconda3/envs/oa/lib/python3.10/site-packages/selenium/webdriver/common/service.py", line 172, in _terminate_process
    self.process.wait(60)
  File "/opt/anaconda3/envs/oa/lib/python3.10/subprocess.py", line 1209, in wait
    return self._wait(timeout=timeout)
  File "/opt/anaconda3/envs/oa/lib/python3.10/subprocess.py", line 1951, in _wait
    raise TimeoutExpired(self.args, timeout)
subprocess.TimeoutExpired: Command '['/Users/ina.h/.wdm/drivers/chromedriver/mac64/129.0.6668.91/chromedriver-mac-arm64/chromedriver', '--port=51260']' timed out after 60 seconds
2024-10-10 07:30:19,984 - INFO - ====== WebDriver manager ======
2024-10-10 07:30:25,410 - INFO - Get LATEST chromedriver version for google-chrome
2024-10-10 07:30:25,689 - INFO - Get LATEST chromedriver version for google-chrome
2024-10-10 07:30:25,996 - INFO - There is no [mac64] chromedriver "129.0.6668.100" for browser google-chrome "129.0.6668" in cache
2024-10-10 07:30:26,016 - INFO - Get LATEST chromedriver version for google-chrome
2024-10-10 07:30:26,675 - INFO - WebDriver version 129.0.6668.100 selected
2024-10-10 07:30:26,690 - INFO - Modern chrome version https://storage.googleapis.com/chrome-for-testing-public/129.0.6668.100/mac-arm64/chromedriver-mac-arm64.zip
2024-10-10 07:30:26,690 - INFO - About to download new driver from https://storage.googleapis.com/chrome-for-testing-public/129.0.6668.100/mac-arm64/chromedriver-mac-arm64.zip
2024-10-10 07:30:27,071 - INFO - Driver downloading response is 200
2024-10-10 07:30:28,016 - INFO - Get LATEST chromedriver version for google-chrome
2024-10-10 07:30:28,391 - INFO - Driver has been saved in cache [/Users/ina.h/.wdm/drivers/chromedriver/mac64/129.0.6668.100]
2024-10-10 07:30:30,923 - INFO - 打开网址: https://myoa.omenow.com/Schedule/MySchedule/
2024-10-10 07:30:33,172 - INFO - 输入用户名和密码
2024-10-10 07:30:33,251 - INFO - 点击登录按钮
2024-10-10 07:30:54,936 - INFO - ---------------------------------------------------
2024-10-10 07:30:54,938 - INFO - 今天是工作日，执行签出签入流程。
2024-10-10 07:30:54,938 - INFO - 今天是星期3
2024-10-10 07:30:54,938 - INFO - 检查签出按钮状态
2024-10-10 07:30:55,009 - INFO - 签出 按钮已点击。
2024-10-10 07:31:00,062 - INFO - 签出 弹窗关闭按钮已点击。
2024-10-10 07:31:25,070 - INFO - 检查签入按钮状态
2024-10-10 07:31:25,087 - INFO - 检查签出按钮状态以决定是否点击签入按钮
2024-10-10 07:31:25,149 - INFO - 签入 按钮已点击。
2024-10-10 07:31:30,218 - INFO - 签入 弹窗关闭按钮已点击。
2024-10-10 07:31:40,227 - INFO - 关闭浏览器
2024-10-10 07:32:55,590 - ERROR - Service process refused to terminate gracefully with SIGTERM, escalating to SIGKILL.
Traceback (most recent call last):
  File "/opt/anaconda3/envs/oa/lib/python3.10/site-packages/selenium/webdriver/common/service.py", line 172, in _terminate_process
    self.process.wait(60)
  File "/opt/anaconda3/envs/oa/lib/python3.10/subprocess.py", line 1209, in wait
    return self._wait(timeout=timeout)
  File "/opt/anaconda3/envs/oa/lib/python3.10/subprocess.py", line 1951, in _wait
    raise TimeoutExpired(self.args, timeout)
subprocess.TimeoutExpired: Command '['/Users/ina.h/.wdm/drivers/chromedriver/mac64/129.0.6668.100/chromedriver-mac-arm64/chromedriver', '--port=58681']' timed out after 60 seconds
2024-10-10 12:00:19,567 - INFO - ====== WebDriver manager ======
2024-10-10 12:00:24,667 - INFO - Get LATEST chromedriver version for google-chrome
2024-10-10 12:00:25,032 - INFO - Get LATEST chromedriver version for google-chrome
2024-10-10 12:00:25,434 - INFO - Driver [/Users/ina.h/.wdm/drivers/chromedriver/mac64/129.0.6668.100/chromedriver-mac-arm64/chromedriver] found in cache
2024-10-10 12:00:26,813 - INFO - 打开网址: https://myoa.omenow.com/Schedule/MySchedule/
2024-10-10 12:00:30,854 - INFO - 输入用户名和密码
2024-10-10 12:00:30,957 - INFO - 点击登录按钮
2024-10-10 12:00:53,380 - INFO - ---------------------------------------------------
2024-10-10 12:00:53,383 - INFO - 今天是工作日，执行签出签入流程。
2024-10-10 12:00:53,383 - INFO - 今天是星期3
2024-10-10 12:00:53,383 - INFO - 检查签出按钮状态
2024-10-10 12:00:53,453 - INFO - 签出 按钮已点击。
2024-10-10 12:00:58,523 - INFO - 签出 弹窗关闭按钮已点击。
2024-10-10 12:01:23,539 - INFO - 检查签入按钮状态
2024-10-10 12:01:23,572 - INFO - 检查签出按钮状态以决定是否点击签入按钮
2024-10-10 12:01:23,630 - INFO - 签入 按钮已点击。
2024-10-10 12:01:28,696 - INFO - 签入 弹窗关闭按钮已点击。
2024-10-10 12:01:38,697 - INFO - 关闭浏览器
2024-10-10 12:02:56,277 - ERROR - Service process refused to terminate gracefully with SIGTERM, escalating to SIGKILL.
Traceback (most recent call last):
  File "/opt/anaconda3/envs/oa/lib/python3.10/site-packages/selenium/webdriver/common/service.py", line 172, in _terminate_process
    self.process.wait(60)
  File "/opt/anaconda3/envs/oa/lib/python3.10/subprocess.py", line 1209, in wait
    return self._wait(timeout=timeout)
  File "/opt/anaconda3/envs/oa/lib/python3.10/subprocess.py", line 1951, in _wait
    raise TimeoutExpired(self.args, timeout)
subprocess.TimeoutExpired: Command '['/Users/ina.h/.wdm/drivers/chromedriver/mac64/129.0.6668.100/chromedriver-mac-arm64/chromedriver', '--port=58765']' timed out after 60 seconds
2024-10-11 07:30:17,686 - INFO - ====== WebDriver manager ======
2024-10-11 07:30:23,344 - INFO - Get LATEST chromedriver version for google-chrome
2024-10-11 07:30:23,900 - INFO - Get LATEST chromedriver version for google-chrome
2024-10-11 07:30:24,449 - INFO - Get LATEST chromedriver version for google-chrome
2024-10-11 07:30:28,433 - INFO - WebDriver version 129.0.6668.100 selected
2024-10-11 07:30:28,436 - INFO - Modern chrome version https://storage.googleapis.com/chrome-for-testing-public/129.0.6668.100/mac-arm64/chromedriver-mac-arm64.zip
2024-10-11 07:30:28,436 - INFO - About to download new driver from https://storage.googleapis.com/chrome-for-testing-public/129.0.6668.100/mac-arm64/chromedriver-mac-arm64.zip
2024-10-11 07:30:29,075 - INFO - Driver downloading response is 200
2024-10-11 07:30:33,951 - INFO - Get LATEST chromedriver version for google-chrome
2024-10-11 07:30:34,685 - INFO - Driver has been saved in cache [/Users/ina.h/.wdm/drivers/chromedriver/mac64/129.0.6668.100]
2024-10-11 07:30:36,043 - INFO - 打开网址: https://myoa.omenow.com/Schedule/MySchedule/
2024-10-11 07:30:39,439 - INFO - 输入用户名和密码
2024-10-11 07:30:39,582 - INFO - 点击登录按钮
2024-10-11 07:31:02,294 - INFO - ---------------------------------------------------
2024-10-11 07:31:02,296 - INFO - 今天是工作日，执行签出签入流程。
2024-10-11 07:31:02,297 - INFO - 今天是星期4
2024-10-11 07:31:02,297 - INFO - 检查签出按钮状态
2024-10-11 07:31:02,365 - INFO - 签出 按钮已点击。
2024-10-11 07:31:07,432 - INFO - 签出 弹窗关闭按钮已点击。
2024-10-11 07:31:32,439 - INFO - 检查签入按钮状态
2024-10-11 07:31:32,471 - INFO - 检查签出按钮状态以决定是否点击签入按钮
2024-10-11 07:31:32,529 - INFO - 签入 按钮已点击。
2024-10-11 07:31:37,598 - INFO - 签入 弹窗关闭按钮已点击。
2024-10-11 07:31:47,600 - INFO - 关闭浏览器
2024-10-11 07:33:01,723 - ERROR - Service process refused to terminate gracefully with SIGTERM, escalating to SIGKILL.
Traceback (most recent call last):
  File "/opt/anaconda3/envs/oa/lib/python3.10/site-packages/selenium/webdriver/common/service.py", line 172, in _terminate_process
    self.process.wait(60)
  File "/opt/anaconda3/envs/oa/lib/python3.10/subprocess.py", line 1209, in wait
    return self._wait(timeout=timeout)
  File "/opt/anaconda3/envs/oa/lib/python3.10/subprocess.py", line 1951, in _wait
    raise TimeoutExpired(self.args, timeout)
subprocess.TimeoutExpired: Command '['/Users/ina.h/.wdm/drivers/chromedriver/mac64/129.0.6668.100/chromedriver-mac-arm64/chromedriver', '--port=52811']' timed out after 60 seconds
2024-10-11 12:00:19,754 - INFO - ====== WebDriver manager ======
2024-10-11 12:00:24,824 - INFO - Get LATEST chromedriver version for google-chrome
2024-10-11 12:00:25,216 - INFO - Get LATEST chromedriver version for google-chrome
2024-10-11 12:00:25,579 - INFO - Driver [/Users/ina.h/.wdm/drivers/chromedriver/mac64/129.0.6668.100/chromedriver-mac-arm64/chromedriver] found in cache
2024-10-11 12:00:26,946 - INFO - 打开网址: https://myoa.omenow.com/Schedule/MySchedule/
2024-10-11 12:00:30,820 - INFO - 输入用户名和密码
2024-10-11 12:00:30,926 - INFO - 点击登录按钮
2024-10-11 12:00:52,916 - INFO - ---------------------------------------------------
2024-10-11 12:00:52,918 - INFO - 今天是工作日，执行签出签入流程。
2024-10-11 12:00:52,918 - INFO - 今天是星期4
2024-10-11 12:00:52,918 - INFO - 检查签出按钮状态
2024-10-11 12:00:52,990 - INFO - 签出 按钮已点击。
2024-10-11 12:00:58,062 - INFO - 签出 弹窗关闭按钮已点击。
2024-10-11 12:01:23,072 - INFO - 检查签入按钮状态
2024-10-11 12:01:23,106 - INFO - 检查签出按钮状态以决定是否点击签入按钮
2024-10-11 12:01:23,164 - INFO - 签入 按钮已点击。
2024-10-11 12:01:28,232 - INFO - 签入 弹窗关闭按钮已点击。
2024-10-11 12:01:38,237 - INFO - 关闭浏览器
2024-10-11 12:02:51,869 - ERROR - Service process refused to terminate gracefully with SIGTERM, escalating to SIGKILL.
Traceback (most recent call last):
  File "/opt/anaconda3/envs/oa/lib/python3.10/site-packages/selenium/webdriver/common/service.py", line 172, in _terminate_process
    self.process.wait(60)
  File "/opt/anaconda3/envs/oa/lib/python3.10/subprocess.py", line 1209, in wait
    return self._wait(timeout=timeout)
  File "/opt/anaconda3/envs/oa/lib/python3.10/subprocess.py", line 1951, in _wait
    raise TimeoutExpired(self.args, timeout)
subprocess.TimeoutExpired: Command '['/Users/ina.h/.wdm/drivers/chromedriver/mac64/129.0.6668.100/chromedriver-mac-arm64/chromedriver', '--port=56174']' timed out after 60 seconds
2024-10-12 13:30:05,726 - INFO - Current time: 2024-10-12 13:30:05
2024-10-12 13:30:06,793 - INFO - 打开网址: https://myoa.omenow.com/Schedule/MySchedule/
2024-10-12 13:30:07,624 - INFO - 输入用户名和密码
2024-10-12 13:30:08,872 - INFO - 点击登录按钮
2024-10-12 13:30:29,220 - INFO - ---------------------------------------------------
2024-10-12 13:30:29,225 - INFO - 周六移动办公签出
2024-10-12 13:30:29,301 - INFO - 周六移动办公签出 按钮已点击。
2024-10-12 13:30:34,371 - INFO - 周六移动办公签出 弹窗关闭按钮已点击。
2024-10-12 13:30:39,378 - INFO - 关闭浏览器
2024-10-12 13:31:51,375 - ERROR - Service process refused to terminate gracefully with SIGTERM, escalating to SIGKILL.
Traceback (most recent call last):
  File "/opt/anaconda3/envs/oa/lib/python3.10/site-packages/selenium/webdriver/common/service.py", line 172, in _terminate_process
    self.process.wait(60)
  File "/opt/anaconda3/envs/oa/lib/python3.10/subprocess.py", line 1209, in wait
    return self._wait(timeout=timeout)
  File "/opt/anaconda3/envs/oa/lib/python3.10/subprocess.py", line 1951, in _wait
    raise TimeoutExpired(self.args, timeout)
subprocess.TimeoutExpired: Command '['/usr/local/bin/chromedriver', '--port=60662']' timed out after 60 seconds
2024-10-14 07:30:18,444 - INFO - ====== WebDriver manager ======
2024-10-14 07:30:18,567 - INFO - Get LATEST chromedriver version for google-chrome
2024-10-14 07:30:18,918 - INFO - Get LATEST chromedriver version for google-chrome
2024-10-14 07:30:19,093 - INFO - Get LATEST chromedriver version for google-chrome
2024-10-14 07:30:19,639 - INFO - WebDriver version 129.0.6668.100 selected
2024-10-14 07:30:19,650 - INFO - Modern chrome version https://storage.googleapis.com/chrome-for-testing-public/129.0.6668.100/mac-arm64/chromedriver-mac-arm64.zip
2024-10-14 07:30:19,650 - INFO - About to download new driver from https://storage.googleapis.com/chrome-for-testing-public/129.0.6668.100/mac-arm64/chromedriver-mac-arm64.zip
2024-10-14 07:30:20,016 - INFO - Driver downloading response is 200
2024-10-14 07:30:21,045 - INFO - Get LATEST chromedriver version for google-chrome
2024-10-14 07:30:21,346 - INFO - Driver has been saved in cache [/Users/ina.h/.wdm/drivers/chromedriver/mac64/129.0.6668.100]
2024-10-14 07:30:22,430 - INFO - 打开网址: https://myoa.omenow.com/Schedule/MySchedule/
2024-10-14 07:30:23,548 - INFO - 输入用户名和密码
2024-10-14 07:30:23,652 - INFO - 点击登录按钮
2024-10-14 07:30:44,260 - INFO - ---------------------------------------------------
2024-10-14 07:30:44,261 - INFO - 今天是工作日，执行签出签入流程。
2024-10-14 07:30:44,261 - INFO - 今天是星期0
2024-10-14 07:30:44,262 - INFO - 检查签出按钮状态
2024-10-14 07:30:44,335 - INFO - 签出 按钮已点击。
2024-10-14 07:30:49,423 - INFO - 签出 弹窗关闭按钮已点击。
2024-10-14 07:31:14,433 - INFO - 检查签入按钮状态
2024-10-14 07:31:14,462 - INFO - 检查签出按钮状态以决定是否点击签入按钮
2024-10-14 07:31:14,519 - INFO - 签入 按钮已点击。
2024-10-14 07:31:19,587 - INFO - 签入 弹窗关闭按钮已点击。
2024-10-14 07:31:29,592 - INFO - 关闭浏览器
2024-10-14 07:32:45,516 - ERROR - Service process refused to terminate gracefully with SIGTERM, escalating to SIGKILL.
Traceback (most recent call last):
  File "/opt/anaconda3/envs/oa/lib/python3.10/site-packages/selenium/webdriver/common/service.py", line 172, in _terminate_process
    self.process.wait(60)
  File "/opt/anaconda3/envs/oa/lib/python3.10/subprocess.py", line 1209, in wait
    return self._wait(timeout=timeout)
  File "/opt/anaconda3/envs/oa/lib/python3.10/subprocess.py", line 1951, in _wait
    raise TimeoutExpired(self.args, timeout)
subprocess.TimeoutExpired: Command '['/Users/ina.h/.wdm/drivers/chromedriver/mac64/129.0.6668.100/chromedriver-mac-arm64/chromedriver', '--port=53103']' timed out after 60 seconds
2024-10-14 12:00:17,870 - INFO - ====== WebDriver manager ======
2024-10-14 12:00:17,942 - INFO - Get LATEST chromedriver version for google-chrome
2024-10-14 12:00:18,134 - INFO - Get LATEST chromedriver version for google-chrome
2024-10-14 12:00:18,417 - INFO - Driver [/Users/ina.h/.wdm/drivers/chromedriver/mac64/129.0.6668.100/chromedriver-mac-arm64/chromedriver] found in cache
2024-10-14 12:00:19,615 - INFO - 打开网址: https://myoa.omenow.com/Schedule/MySchedule/
2024-10-14 12:00:23,403 - INFO - 输入用户名和密码
2024-10-14 12:00:24,589 - INFO - 点击登录按钮
2024-10-14 12:00:45,083 - INFO - ---------------------------------------------------
2024-10-14 12:00:45,083 - INFO - 今天是工作日，执行签出签入流程。
2024-10-14 12:00:45,083 - INFO - 今天是星期0
2024-10-14 12:00:45,083 - INFO - 检查签出按钮状态
2024-10-14 12:00:45,138 - INFO - 签出 按钮已点击。
2024-10-14 12:00:50,216 - INFO - 签出 弹窗关闭按钮已点击。
2024-10-14 12:01:15,228 - INFO - 检查签入按钮状态
2024-10-14 12:01:15,261 - INFO - 检查签出按钮状态以决定是否点击签入按钮
2024-10-14 12:01:15,319 - INFO - 签入 按钮已点击。
2024-10-14 12:01:20,389 - INFO - 签入 弹窗关闭按钮已点击。
2024-10-14 12:01:30,399 - INFO - 关闭浏览器
2024-10-15 07:30:18,539 - INFO - ====== WebDriver manager ======
2024-10-15 07:30:18,610 - INFO - Get LATEST chromedriver version for google-chrome
2024-10-15 07:30:18,877 - INFO - Get LATEST chromedriver version for google-chrome
2024-10-15 07:30:19,075 - INFO - Get LATEST chromedriver version for google-chrome
2024-10-15 07:30:19,657 - INFO - WebDriver version 129.0.6668.100 selected
2024-10-15 07:30:19,659 - INFO - Modern chrome version https://storage.googleapis.com/chrome-for-testing-public/129.0.6668.100/mac-arm64/chromedriver-mac-arm64.zip
2024-10-15 07:30:19,659 - INFO - About to download new driver from https://storage.googleapis.com/chrome-for-testing-public/129.0.6668.100/mac-arm64/chromedriver-mac-arm64.zip
2024-10-15 07:30:20,290 - INFO - Driver downloading response is 200
2024-10-15 07:30:21,101 - INFO - Get LATEST chromedriver version for google-chrome
2024-10-15 07:30:21,476 - INFO - Driver has been saved in cache [/Users/ina.h/.wdm/drivers/chromedriver/mac64/129.0.6668.100]
2024-10-15 07:30:22,546 - INFO - 打开网址: https://myoa.omenow.com/Schedule/MySchedule/
2024-10-15 07:30:23,753 - INFO - 输入用户名和密码
2024-10-15 07:30:23,867 - INFO - 点击登录按钮
2024-10-15 07:30:44,197 - INFO - ---------------------------------------------------
2024-10-15 07:30:44,197 - INFO - 今天是工作日，执行签出签入流程。
2024-10-15 07:30:44,197 - INFO - 今天是星期1
2024-10-15 07:30:44,197 - INFO - 检查签出按钮状态
2024-10-15 07:30:44,267 - INFO - 签出 按钮已点击。
2024-10-15 07:30:49,336 - INFO - 签出 弹窗关闭按钮已点击。
2024-10-15 07:31:14,350 - INFO - 检查签入按钮状态
2024-10-15 07:31:14,383 - INFO - 检查签出按钮状态以决定是否点击签入按钮
2024-10-15 07:31:14,441 - INFO - 签入 按钮已点击。
2024-10-15 07:31:19,504 - INFO - 签入 弹窗关闭按钮已点击。
2024-10-15 07:31:29,512 - INFO - 关闭浏览器
2024-10-15 12:00:17,794 - INFO - ====== WebDriver manager ======
2024-10-15 12:00:17,872 - INFO - Get LATEST chromedriver version for google-chrome
2024-10-15 12:00:18,141 - INFO - Get LATEST chromedriver version for google-chrome
2024-10-15 12:00:18,426 - INFO - Driver [/Users/ina.h/.wdm/drivers/chromedriver/mac64/129.0.6668.100/chromedriver-mac-arm64/chromedriver] found in cache
2024-10-15 12:00:19,613 - INFO - 打开网址: https://myoa.omenow.com/Schedule/MySchedule/
2024-10-15 12:00:22,732 - INFO - 输入用户名和密码
2024-10-15 12:00:22,838 - INFO - 点击登录按钮
2024-10-15 12:00:44,177 - INFO - ---------------------------------------------------
2024-10-15 12:00:44,180 - INFO - 今天是工作日，执行签出签入流程。
2024-10-15 12:00:44,180 - INFO - 今天是星期1
2024-10-15 12:00:44,180 - INFO - 检查签出按钮状态
2024-10-15 12:00:44,251 - INFO - 签出 按钮已点击。
2024-10-15 12:00:49,320 - INFO - 签出 弹窗关闭按钮已点击。
2024-10-15 12:01:14,334 - INFO - 检查签入按钮状态
2024-10-15 12:01:14,368 - INFO - 检查签出按钮状态以决定是否点击签入按钮
2024-10-15 12:01:14,427 - INFO - 签入 按钮已点击。
2024-10-15 12:01:19,496 - INFO - 签入 弹窗关闭按钮已点击。
2024-10-15 12:01:29,506 - INFO - 关闭浏览器
2024-10-16 07:30:18,075 - INFO - ====== WebDriver manager ======
2024-10-16 07:30:23,848 - INFO - Get LATEST chromedriver version for google-chrome
2024-10-16 07:30:24,219 - INFO - Get LATEST chromedriver version for google-chrome
2024-10-16 07:30:24,599 - INFO - Get LATEST chromedriver version for google-chrome
2024-10-16 07:30:25,394 - INFO - WebDriver version 129.0.6668.100 selected
2024-10-16 07:30:25,396 - INFO - Modern chrome version https://storage.googleapis.com/chrome-for-testing-public/129.0.6668.100/mac-arm64/chromedriver-mac-arm64.zip
2024-10-16 07:30:25,396 - INFO - About to download new driver from https://storage.googleapis.com/chrome-for-testing-public/129.0.6668.100/mac-arm64/chromedriver-mac-arm64.zip
2024-10-16 07:30:25,788 - INFO - Driver downloading response is 200
2024-10-16 07:30:27,177 - INFO - Get LATEST chromedriver version for google-chrome
2024-10-16 07:30:28,105 - INFO - Driver has been saved in cache [/Users/ina.h/.wdm/drivers/chromedriver/mac64/129.0.6668.100]
2024-10-16 07:30:29,766 - INFO - 打开网址: https://myoa.omenow.com/Schedule/MySchedule/
2024-10-16 07:30:32,808 - INFO - 输入用户名和密码
2024-10-16 07:30:32,917 - INFO - 点击登录按钮
2024-10-16 07:30:54,307 - INFO - ---------------------------------------------------
2024-10-16 07:30:54,309 - INFO - 今天是工作日，执行签出签入流程。
2024-10-16 07:30:54,309 - INFO - 今天是星期2
2024-10-16 07:30:54,309 - INFO - 检查签出按钮状态
2024-10-16 07:30:54,380 - INFO - 签出 按钮已点击。
2024-10-16 07:30:59,457 - INFO - 签出 弹窗关闭按钮已点击。
2024-10-16 07:31:24,464 - INFO - 检查签入按钮状态
2024-10-16 07:31:24,498 - INFO - 检查签出按钮状态以决定是否点击签入按钮
2024-10-16 07:31:24,562 - INFO - 签入 按钮已点击。
2024-10-16 07:31:29,637 - INFO - 签入 弹窗关闭按钮已点击。
2024-10-16 07:31:39,644 - INFO - 关闭浏览器
2024-10-16 07:33:00,269 - ERROR - Service process refused to terminate gracefully with SIGTERM, escalating to SIGKILL.
Traceback (most recent call last):
  File "/opt/anaconda3/envs/oa/lib/python3.10/site-packages/selenium/webdriver/common/service.py", line 172, in _terminate_process
    self.process.wait(60)
  File "/opt/anaconda3/envs/oa/lib/python3.10/subprocess.py", line 1209, in wait
    return self._wait(timeout=timeout)
  File "/opt/anaconda3/envs/oa/lib/python3.10/subprocess.py", line 1951, in _wait
    raise TimeoutExpired(self.args, timeout)
subprocess.TimeoutExpired: Command '['/Users/ina.h/.wdm/drivers/chromedriver/mac64/129.0.6668.100/chromedriver-mac-arm64/chromedriver', '--port=55036']' timed out after 60 seconds
2024-10-16 12:00:16,641 - INFO - ====== WebDriver manager ======
2024-10-16 12:00:21,762 - INFO - Get LATEST chromedriver version for google-chrome
2024-10-16 12:00:22,130 - INFO - Get LATEST chromedriver version for google-chrome
2024-10-16 12:00:22,491 - INFO - Driver [/Users/ina.h/.wdm/drivers/chromedriver/mac64/129.0.6668.100/chromedriver-mac-arm64/chromedriver] found in cache
2024-10-16 12:00:23,858 - INFO - 打开网址: https://myoa.omenow.com/Schedule/MySchedule/
2024-10-16 12:00:26,144 - INFO - 输入用户名和密码
2024-10-16 12:00:27,434 - INFO - 点击登录按钮
2024-10-16 12:00:49,311 - INFO - ---------------------------------------------------
2024-10-16 12:00:49,315 - INFO - 今天是工作日，执行签出签入流程。
2024-10-16 12:00:49,317 - INFO - 今天是星期2
2024-10-16 12:00:49,317 - INFO - 检查签出按钮状态
2024-10-16 12:00:49,387 - INFO - 签出 按钮已点击。
2024-10-16 12:00:54,460 - INFO - 签出 弹窗关闭按钮已点击。
2024-10-16 12:01:19,469 - INFO - 检查签入按钮状态
2024-10-16 12:01:19,503 - INFO - 检查签出按钮状态以决定是否点击签入按钮
2024-10-16 12:01:19,560 - INFO - 签入 按钮已点击。
2024-10-16 12:01:24,616 - INFO - 签入 弹窗关闭按钮已点击。
2024-10-16 12:01:34,622 - INFO - 关闭浏览器
2024-10-16 12:02:50,460 - ERROR - Service process refused to terminate gracefully with SIGTERM, escalating to SIGKILL.
Traceback (most recent call last):
  File "/opt/anaconda3/envs/oa/lib/python3.10/site-packages/selenium/webdriver/common/service.py", line 172, in _terminate_process
    self.process.wait(60)
  File "/opt/anaconda3/envs/oa/lib/python3.10/subprocess.py", line 1209, in wait
    return self._wait(timeout=timeout)
  File "/opt/anaconda3/envs/oa/lib/python3.10/subprocess.py", line 1951, in _wait
    raise TimeoutExpired(self.args, timeout)
subprocess.TimeoutExpired: Command '['/Users/ina.h/.wdm/drivers/chromedriver/mac64/129.0.6668.100/chromedriver-mac-arm64/chromedriver', '--port=53344']' timed out after 60 seconds
2024-10-17 07:30:19,439 - INFO - ====== WebDriver manager ======
2024-10-17 07:30:24,897 - INFO - Get LATEST chromedriver version for google-chrome
2024-10-17 07:30:25,186 - INFO - Get LATEST chromedriver version for google-chrome
2024-10-17 07:30:25,452 - INFO - Get LATEST chromedriver version for google-chrome
2024-10-17 07:30:26,096 - INFO - WebDriver version 129.0.6668.100 selected
2024-10-17 07:30:26,098 - INFO - Modern chrome version https://storage.googleapis.com/chrome-for-testing-public/129.0.6668.100/mac-arm64/chromedriver-mac-arm64.zip
2024-10-17 07:30:26,098 - INFO - About to download new driver from https://storage.googleapis.com/chrome-for-testing-public/129.0.6668.100/mac-arm64/chromedriver-mac-arm64.zip
2024-10-17 07:30:26,371 - INFO - Driver downloading response is 200
2024-10-17 07:30:27,619 - INFO - Get LATEST chromedriver version for google-chrome
2024-10-17 07:30:28,013 - INFO - Driver has been saved in cache [/Users/ina.h/.wdm/drivers/chromedriver/mac64/129.0.6668.100]
2024-10-17 07:30:29,391 - INFO - 打开网址: https://myoa.omenow.com/Schedule/MySchedule/
2024-10-17 07:30:32,308 - INFO - 输入用户名和密码
2024-10-17 07:30:32,458 - INFO - 点击登录按钮
2024-10-17 07:30:54,152 - INFO - ---------------------------------------------------
2024-10-17 07:30:54,153 - INFO - 今天是工作日，执行签出签入流程。
2024-10-17 07:30:54,153 - INFO - 今天是星期3
2024-10-17 07:30:54,153 - INFO - 检查签出按钮状态
2024-10-17 07:30:54,229 - INFO - 签出 按钮已点击。
2024-10-17 07:30:59,307 - INFO - 签出 弹窗关闭按钮已点击。
2024-10-17 07:31:24,317 - INFO - 检查签入按钮状态
2024-10-17 07:31:24,351 - INFO - 检查签出按钮状态以决定是否点击签入按钮
2024-10-17 07:31:24,413 - INFO - 签入 按钮已点击。
2024-10-17 07:31:29,486 - INFO - 签入 弹窗关闭按钮已点击。
2024-10-17 07:31:39,491 - INFO - 关闭浏览器
2024-10-17 07:32:54,938 - ERROR - Service process refused to terminate gracefully with SIGTERM, escalating to SIGKILL.
Traceback (most recent call last):
  File "/opt/anaconda3/envs/oa/lib/python3.10/site-packages/selenium/webdriver/common/service.py", line 172, in _terminate_process
    self.process.wait(60)
  File "/opt/anaconda3/envs/oa/lib/python3.10/subprocess.py", line 1209, in wait
    return self._wait(timeout=timeout)
  File "/opt/anaconda3/envs/oa/lib/python3.10/subprocess.py", line 1951, in _wait
    raise TimeoutExpired(self.args, timeout)
subprocess.TimeoutExpired: Command '['/Users/ina.h/.wdm/drivers/chromedriver/mac64/129.0.6668.100/chromedriver-mac-arm64/chromedriver', '--port=59614']' timed out after 60 seconds
2024-10-17 12:00:19,442 - INFO - ====== WebDriver manager ======
2024-10-17 12:00:19,761 - INFO - Get LATEST chromedriver version for google-chrome
2024-10-17 12:00:20,115 - INFO - Get LATEST chromedriver version for google-chrome
2024-10-17 12:00:20,376 - INFO - Driver [/Users/ina.h/.wdm/drivers/chromedriver/mac64/129.0.6668.100/chromedriver-mac-arm64/chromedriver] found in cache
2024-10-17 12:00:21,895 - INFO - 打开网址: https://myoa.omenow.com/Schedule/MySchedule/
2024-10-17 12:00:28,466 - INFO - 输入用户名和密码
2024-10-17 12:00:28,584 - INFO - 点击登录按钮
2024-10-17 12:00:51,464 - INFO - ---------------------------------------------------
2024-10-17 12:00:51,465 - INFO - 今天是工作日，执行签出签入流程。
2024-10-17 12:00:51,465 - INFO - 今天是星期3
2024-10-17 12:00:51,465 - INFO - 检查签出按钮状态
2024-10-17 12:00:51,535 - INFO - 签出 按钮已点击。
2024-10-17 12:00:56,592 - INFO - 签出 弹窗关闭按钮已点击。
2024-10-17 12:01:21,614 - INFO - 检查签入按钮状态
2024-10-17 12:01:21,648 - INFO - 检查签出按钮状态以决定是否点击签入按钮
2024-10-17 12:01:21,694 - INFO - 签入 按钮已点击。
2024-10-17 12:01:26,754 - INFO - 签入 弹窗关闭按钮已点击。
2024-10-17 12:01:36,764 - INFO - 关闭浏览器
2024-10-17 12:02:53,111 - ERROR - Service process refused to terminate gracefully with SIGTERM, escalating to SIGKILL.
Traceback (most recent call last):
  File "/opt/anaconda3/envs/oa/lib/python3.10/site-packages/selenium/webdriver/common/service.py", line 172, in _terminate_process
    self.process.wait(60)
  File "/opt/anaconda3/envs/oa/lib/python3.10/subprocess.py", line 1209, in wait
    return self._wait(timeout=timeout)
  File "/opt/anaconda3/envs/oa/lib/python3.10/subprocess.py", line 1951, in _wait
    raise TimeoutExpired(self.args, timeout)
subprocess.TimeoutExpired: Command '['/Users/ina.h/.wdm/drivers/chromedriver/mac64/129.0.6668.100/chromedriver-mac-arm64/chromedriver', '--port=58803']' timed out after 60 seconds
2024-10-18 07:30:17,841 - INFO - ====== WebDriver manager ======
2024-10-18 07:30:23,574 - INFO - Get LATEST chromedriver version for google-chrome
2024-10-18 07:30:24,044 - INFO - Get LATEST chromedriver version for google-chrome
2024-10-18 07:30:24,525 - INFO - Get LATEST chromedriver version for google-chrome
2024-10-18 07:30:25,637 - INFO - WebDriver version 129.0.6668.100 selected
2024-10-18 07:30:25,638 - INFO - Modern chrome version https://storage.googleapis.com/chrome-for-testing-public/129.0.6668.100/mac-arm64/chromedriver-mac-arm64.zip
2024-10-18 07:30:25,638 - INFO - About to download new driver from https://storage.googleapis.com/chrome-for-testing-public/129.0.6668.100/mac-arm64/chromedriver-mac-arm64.zip
2024-10-18 07:30:26,340 - INFO - Driver downloading response is 200
2024-10-18 07:30:27,350 - INFO - Get LATEST chromedriver version for google-chrome
2024-10-18 07:30:28,015 - INFO - Driver has been saved in cache [/Users/ina.h/.wdm/drivers/chromedriver/mac64/129.0.6668.100]
2024-10-18 07:30:29,154 - INFO - 打开网址: https://myoa.omenow.com/Schedule/MySchedule/
2024-10-18 07:30:33,675 - INFO - 输入用户名和密码
2024-10-18 07:30:33,780 - INFO - 点击登录按钮
2024-10-18 07:30:55,861 - INFO - ---------------------------------------------------
2024-10-18 07:30:55,862 - INFO - 今天是工作日，执行签出签入流程。
2024-10-18 07:30:55,862 - INFO - 今天是星期4
2024-10-18 07:30:55,862 - INFO - 检查签出按钮状态
2024-10-18 07:30:55,932 - INFO - 签出 按钮已点击。
2024-10-18 07:31:01,003 - INFO - 签出 弹窗关闭按钮已点击。
2024-10-18 07:31:26,013 - INFO - 检查签入按钮状态
2024-10-18 07:31:26,040 - INFO - 检查签出按钮状态以决定是否点击签入按钮
2024-10-18 07:31:26,101 - INFO - 签入 按钮已点击。
2024-10-18 07:31:31,169 - INFO - 签入 弹窗关闭按钮已点击。
2024-10-18 07:31:41,174 - INFO - 关闭浏览器
2024-10-18 07:32:58,514 - ERROR - Service process refused to terminate gracefully with SIGTERM, escalating to SIGKILL.
Traceback (most recent call last):
  File "/opt/anaconda3/envs/oa/lib/python3.10/site-packages/selenium/webdriver/common/service.py", line 172, in _terminate_process
    self.process.wait(60)
  File "/opt/anaconda3/envs/oa/lib/python3.10/subprocess.py", line 1209, in wait
    return self._wait(timeout=timeout)
  File "/opt/anaconda3/envs/oa/lib/python3.10/subprocess.py", line 1951, in _wait
    raise TimeoutExpired(self.args, timeout)
subprocess.TimeoutExpired: Command '['/Users/ina.h/.wdm/drivers/chromedriver/mac64/129.0.6668.100/chromedriver-mac-arm64/chromedriver', '--port=51395']' timed out after 60 seconds
2024-10-18 12:00:19,411 - INFO - ====== WebDriver manager ======
2024-10-18 12:00:25,233 - INFO - Get LATEST chromedriver version for google-chrome
2024-10-18 12:00:25,725 - INFO - Get LATEST chromedriver version for google-chrome
2024-10-18 12:00:26,277 - INFO - Driver [/Users/ina.h/.wdm/drivers/chromedriver/mac64/129.0.6668.100/chromedriver-mac-arm64/chromedriver] found in cache
2024-10-18 12:00:27,686 - INFO - 打开网址: https://myoa.omenow.com/Schedule/MySchedule/
2024-10-18 12:00:34,246 - INFO - 输入用户名和密码
2024-10-18 12:00:34,361 - INFO - 点击登录按钮
2024-10-18 12:00:56,790 - INFO - ---------------------------------------------------
2024-10-18 12:00:56,792 - INFO - 今天是工作日，执行签出签入流程。
2024-10-18 12:00:56,792 - INFO - 今天是星期4
2024-10-18 12:00:56,792 - INFO - 检查签出按钮状态
2024-10-18 12:00:56,871 - INFO - 签出 按钮已点击。
2024-10-18 12:01:01,930 - INFO - 签出 弹窗关闭按钮已点击。
2024-10-18 12:01:26,943 - INFO - 检查签入按钮状态
2024-10-18 12:01:26,962 - INFO - 检查签出按钮状态以决定是否点击签入按钮
2024-10-18 12:01:27,023 - INFO - 签入 按钮已点击。
2024-10-18 12:01:32,076 - INFO - 签入 弹窗关闭按钮已点击。
2024-10-18 12:01:42,082 - INFO - 关闭浏览器
2024-10-18 12:02:58,691 - ERROR - Service process refused to terminate gracefully with SIGTERM, escalating to SIGKILL.
Traceback (most recent call last):
  File "/opt/anaconda3/envs/oa/lib/python3.10/site-packages/selenium/webdriver/common/service.py", line 172, in _terminate_process
    self.process.wait(60)
  File "/opt/anaconda3/envs/oa/lib/python3.10/subprocess.py", line 1209, in wait
    return self._wait(timeout=timeout)
  File "/opt/anaconda3/envs/oa/lib/python3.10/subprocess.py", line 1951, in _wait
    raise TimeoutExpired(self.args, timeout)
subprocess.TimeoutExpired: Command '['/Users/ina.h/.wdm/drivers/chromedriver/mac64/129.0.6668.100/chromedriver-mac-arm64/chromedriver', '--port=65101']' timed out after 60 seconds
2024-10-19 13:31:05,750 - INFO - Current time: 2024-10-19 13:31:05
2024-10-19 13:31:07,426 - INFO - 打开网址: https://myoa.omenow.com/Schedule/MySchedule/
2024-10-19 13:31:09,116 - INFO - 输入用户名和密码
2024-10-19 13:31:09,215 - INFO - 点击登录按钮
2024-10-19 13:31:29,539 - INFO - ---------------------------------------------------
2024-10-19 13:31:29,540 - INFO - 周六移动办公签出
2024-10-19 13:31:29,616 - INFO - 周六移动办公签出 按钮已点击。
2024-10-19 13:31:34,689 - INFO - 周六移动办公签出 弹窗关闭按钮已点击。
2024-10-19 13:31:39,699 - INFO - 关闭浏览器
2024-10-19 13:32:51,390 - ERROR - Service process refused to terminate gracefully with SIGTERM, escalating to SIGKILL.
Traceback (most recent call last):
  File "/opt/anaconda3/envs/oa/lib/python3.10/site-packages/selenium/webdriver/common/service.py", line 172, in _terminate_process
    self.process.wait(60)
  File "/opt/anaconda3/envs/oa/lib/python3.10/subprocess.py", line 1209, in wait
    return self._wait(timeout=timeout)
  File "/opt/anaconda3/envs/oa/lib/python3.10/subprocess.py", line 1951, in _wait
    raise TimeoutExpired(self.args, timeout)
subprocess.TimeoutExpired: Command '['/usr/local/bin/chromedriver', '--port=57290']' timed out after 60 seconds
2024-10-21 07:30:15,992 - INFO - ====== WebDriver manager ======
2024-10-21 07:30:16,126 - INFO - Get LATEST chromedriver version for google-chrome
2024-10-21 07:30:52,691 - INFO - ====== WebDriver manager ======
2024-10-21 07:30:52,761 - INFO - Get LATEST chromedriver version for google-chrome
2024-10-21 07:31:05,985 - INFO - ====== WebDriver manager ======
2024-10-21 07:31:06,053 - INFO - Get LATEST chromedriver version for google-chrome
2024-10-21 07:31:06,218 - INFO - Get LATEST chromedriver version for google-chrome
2024-10-21 07:31:09,696 - INFO - Get LATEST chromedriver version for google-chrome
2024-10-21 07:31:11,026 - INFO - WebDriver version 129.0.6668.100 selected
2024-10-21 07:31:11,028 - INFO - Modern chrome version https://storage.googleapis.com/chrome-for-testing-public/129.0.6668.100/mac-arm64/chromedriver-mac-arm64.zip
2024-10-21 07:31:11,028 - INFO - About to download new driver from https://storage.googleapis.com/chrome-for-testing-public/129.0.6668.100/mac-arm64/chromedriver-mac-arm64.zip
2024-10-21 07:31:11,685 - INFO - Driver downloading response is 200
2024-10-21 07:31:20,284 - INFO - Get LATEST chromedriver version for google-chrome
2024-10-21 07:31:21,315 - INFO - Driver has been saved in cache [/Users/ina.h/.wdm/drivers/chromedriver/mac64/129.0.6668.100]
2024-10-21 07:31:22,406 - INFO - 打开网址: https://myoa.omenow.com/Schedule/MySchedule/
2024-10-21 07:31:25,633 - INFO - 输入用户名和密码
2024-10-21 07:31:25,718 - INFO - 点击登录按钮
2024-10-21 07:31:48,633 - INFO - ---------------------------------------------------
2024-10-21 07:31:48,635 - INFO - 今天是工作日，执行签出签入流程。
2024-10-21 07:31:48,636 - INFO - 今天是星期0
2024-10-21 07:31:48,636 - INFO - 检查签出按钮状态
2024-10-21 07:31:48,727 - INFO - 签出 按钮已点击。
2024-10-21 07:31:53,790 - INFO - 签出 弹窗关闭按钮已点击。
2024-10-21 07:32:18,795 - INFO - 检查签入按钮状态
2024-10-21 07:32:18,829 - INFO - 检查签出按钮状态以决定是否点击签入按钮
2024-10-21 07:32:18,886 - INFO - 签入 按钮已点击。
2024-10-21 07:32:23,949 - INFO - 签入 弹窗关闭按钮已点击。
2024-10-21 07:32:33,950 - INFO - 关闭浏览器
2024-10-21 07:33:45,853 - ERROR - Service process refused to terminate gracefully with SIGTERM, escalating to SIGKILL.
Traceback (most recent call last):
  File "/opt/anaconda3/envs/oa/lib/python3.10/site-packages/selenium/webdriver/common/service.py", line 172, in _terminate_process
    self.process.wait(60)
  File "/opt/anaconda3/envs/oa/lib/python3.10/subprocess.py", line 1209, in wait
    return self._wait(timeout=timeout)
  File "/opt/anaconda3/envs/oa/lib/python3.10/subprocess.py", line 1951, in _wait
    raise TimeoutExpired(self.args, timeout)
subprocess.TimeoutExpired: Command '['/Users/ina.h/.wdm/drivers/chromedriver/mac64/129.0.6668.100/chromedriver-mac-arm64/chromedriver', '--port=56966']' timed out after 60 seconds
2024-10-21 12:00:17,925 - INFO - ====== WebDriver manager ======
2024-10-21 12:00:17,997 - INFO - Get LATEST chromedriver version for google-chrome
2024-10-21 12:00:18,309 - INFO - Get LATEST chromedriver version for google-chrome
2024-10-21 12:00:18,585 - INFO - Driver [/Users/ina.h/.wdm/drivers/chromedriver/mac64/129.0.6668.100/chromedriver-mac-arm64/chromedriver] found in cache
2024-10-21 12:00:19,778 - INFO - 打开网址: https://myoa.omenow.com/Schedule/MySchedule/
2024-10-21 12:00:20,778 - INFO - 输入用户名和密码
2024-10-21 12:00:21,964 - INFO - 点击登录按钮
2024-10-21 12:00:42,415 - INFO - ---------------------------------------------------
2024-10-21 12:00:42,417 - INFO - 今天是工作日，执行签出签入流程。
2024-10-21 12:00:42,422 - INFO - 今天是星期0
2024-10-21 12:00:42,422 - INFO - 检查签出按钮状态
2024-10-21 12:00:42,492 - INFO - 签出 按钮已点击。
2024-10-21 12:00:47,561 - INFO - 签出 弹窗关闭按钮已点击。
2024-10-21 12:01:12,574 - INFO - 检查签入按钮状态
2024-10-21 12:01:12,609 - INFO - 检查签出按钮状态以决定是否点击签入按钮
2024-10-21 12:01:12,667 - INFO - 签入 按钮已点击。
2024-10-21 12:01:17,737 - INFO - 签入 弹窗关闭按钮已点击。
2024-10-21 12:01:27,738 - INFO - 关闭浏览器
2024-10-22 07:30:17,996 - INFO - ====== WebDriver manager ======
2024-10-22 07:30:18,071 - INFO - Get LATEST chromedriver version for google-chrome
2024-10-22 07:30:18,596 - INFO - Get LATEST chromedriver version for google-chrome
2024-10-22 07:30:18,975 - INFO - Get LATEST chromedriver version for google-chrome
2024-10-22 07:30:19,680 - INFO - WebDriver version 129.0.6668.100 selected
2024-10-22 07:30:19,682 - INFO - Modern chrome version https://storage.googleapis.com/chrome-for-testing-public/129.0.6668.100/mac-arm64/chromedriver-mac-arm64.zip
2024-10-22 07:30:19,682 - INFO - About to download new driver from https://storage.googleapis.com/chrome-for-testing-public/129.0.6668.100/mac-arm64/chromedriver-mac-arm64.zip
2024-10-22 07:30:20,288 - INFO - Driver downloading response is 200
2024-10-22 07:30:22,104 - INFO - Get LATEST chromedriver version for google-chrome
2024-10-22 07:30:22,525 - INFO - Driver has been saved in cache [/Users/ina.h/.wdm/drivers/chromedriver/mac64/129.0.6668.100]
2024-10-22 07:30:23,440 - INFO - 打开网址: https://myoa.omenow.com/Schedule/MySchedule/
2024-10-22 07:30:25,933 - INFO - 输入用户名和密码
2024-10-22 07:30:26,054 - INFO - 点击登录按钮
2024-10-22 07:30:48,663 - INFO - ---------------------------------------------------
2024-10-22 07:30:48,664 - INFO - 今天是工作日，执行签出签入流程。
2024-10-22 07:30:48,664 - INFO - 今天是星期1
2024-10-22 07:30:48,665 - INFO - 检查签出按钮状态
2024-10-22 07:30:48,735 - INFO - 签出 按钮已点击。
2024-10-22 07:30:53,807 - INFO - 签出 弹窗关闭按钮已点击。
2024-10-22 07:31:18,818 - INFO - 检查签入按钮状态
2024-10-22 07:31:18,851 - INFO - 检查签出按钮状态以决定是否点击签入按钮
2024-10-22 07:31:18,909 - INFO - 签入 按钮已点击。
2024-10-22 07:31:23,973 - INFO - 签入 弹窗关闭按钮已点击。
2024-10-22 07:31:33,978 - INFO - 关闭浏览器
2024-10-22 12:00:18,320 - INFO - ====== WebDriver manager ======
2024-10-22 12:00:18,394 - INFO - Get LATEST chromedriver version for google-chrome
2024-10-22 12:00:18,566 - INFO - Get LATEST chromedriver version for google-chrome
2024-10-22 12:00:18,812 - INFO - Driver [/Users/ina.h/.wdm/drivers/chromedriver/mac64/129.0.6668.100/chromedriver-mac-arm64/chromedriver] found in cache
2024-10-22 12:00:19,923 - INFO - 打开网址: https://myoa.omenow.com/Schedule/MySchedule/
2024-10-22 12:00:21,743 - INFO - 输入用户名和密码
2024-10-22 12:00:21,846 - INFO - 点击登录按钮
2024-10-22 12:00:42,291 - INFO - ---------------------------------------------------
2024-10-22 12:00:42,292 - INFO - 今天是工作日，执行签出签入流程。
2024-10-22 12:00:42,292 - INFO - 今天是星期1
2024-10-22 12:00:42,292 - INFO - 检查签出按钮状态
2024-10-22 12:00:42,361 - INFO - 签出 按钮已点击。
2024-10-22 12:00:47,436 - INFO - 签出 弹窗关闭按钮已点击。
2024-10-22 12:01:12,459 - INFO - 检查签入按钮状态
2024-10-22 12:01:12,487 - INFO - 检查签出按钮状态以决定是否点击签入按钮
2024-10-22 12:01:12,546 - INFO - 签入 按钮已点击。
2024-10-22 12:01:17,608 - INFO - 签入 弹窗关闭按钮已点击。
2024-10-22 12:01:27,619 - INFO - 关闭浏览器
2024-10-22 12:02:39,434 - ERROR - Service process refused to terminate gracefully with SIGTERM, escalating to SIGKILL.
Traceback (most recent call last):
  File "/opt/anaconda3/envs/oa/lib/python3.10/site-packages/selenium/webdriver/common/service.py", line 172, in _terminate_process
    self.process.wait(60)
  File "/opt/anaconda3/envs/oa/lib/python3.10/subprocess.py", line 1209, in wait
    return self._wait(timeout=timeout)
  File "/opt/anaconda3/envs/oa/lib/python3.10/subprocess.py", line 1951, in _wait
    raise TimeoutExpired(self.args, timeout)
subprocess.TimeoutExpired: Command '['/Users/ina.h/.wdm/drivers/chromedriver/mac64/129.0.6668.100/chromedriver-mac-arm64/chromedriver', '--port=55193']' timed out after 60 seconds
2024-10-23 07:30:18,285 - INFO - ====== WebDriver manager ======
2024-10-23 07:30:18,366 - INFO - Get LATEST chromedriver version for google-chrome
2024-10-23 07:30:18,855 - INFO - Get LATEST chromedriver version for google-chrome
2024-10-23 07:30:19,106 - INFO - Get LATEST chromedriver version for google-chrome
2024-10-23 07:30:19,625 - INFO - WebDriver version 129.0.6668.100 selected
2024-10-23 07:30:19,630 - INFO - Modern chrome version https://storage.googleapis.com/chrome-for-testing-public/129.0.6668.100/mac-arm64/chromedriver-mac-arm64.zip
2024-10-23 07:30:19,630 - INFO - About to download new driver from https://storage.googleapis.com/chrome-for-testing-public/129.0.6668.100/mac-arm64/chromedriver-mac-arm64.zip
2024-10-23 07:30:20,039 - INFO - Driver downloading response is 200
2024-10-23 07:30:21,471 - INFO - Get LATEST chromedriver version for google-chrome
2024-10-23 07:30:21,842 - INFO - Driver has been saved in cache [/Users/ina.h/.wdm/drivers/chromedriver/mac64/129.0.6668.100]
2024-10-23 07:30:22,953 - INFO - 打开网址: https://myoa.omenow.com/Schedule/MySchedule/
2024-10-23 07:30:26,923 - INFO - 输入用户名和密码
2024-10-23 07:30:27,079 - INFO - 点击登录按钮
2024-10-23 07:30:47,512 - INFO - ---------------------------------------------------
2024-10-23 07:30:47,513 - INFO - 今天是工作日，执行签出签入流程。
2024-10-23 07:30:47,514 - INFO - 今天是星期2
2024-10-23 07:30:47,514 - INFO - 检查签出按钮状态
2024-10-23 07:30:47,583 - INFO - 签出 按钮已点击。
2024-10-23 07:30:52,658 - INFO - 签出 弹窗关闭按钮已点击。
2024-10-23 07:31:17,662 - INFO - 检查签入按钮状态
2024-10-23 07:31:17,697 - INFO - 检查签出按钮状态以决定是否点击签入按钮
2024-10-23 07:31:17,754 - INFO - 签入 按钮已点击。
2024-10-23 07:31:22,818 - INFO - 签入 弹窗关闭按钮已点击。
2024-10-23 07:31:32,820 - INFO - 关闭浏览器
2024-10-23 07:32:44,823 - ERROR - Service process refused to terminate gracefully with SIGTERM, escalating to SIGKILL.
Traceback (most recent call last):
  File "/opt/anaconda3/envs/oa/lib/python3.10/site-packages/selenium/webdriver/common/service.py", line 172, in _terminate_process
    self.process.wait(60)
  File "/opt/anaconda3/envs/oa/lib/python3.10/subprocess.py", line 1209, in wait
    return self._wait(timeout=timeout)
  File "/opt/anaconda3/envs/oa/lib/python3.10/subprocess.py", line 1951, in _wait
    raise TimeoutExpired(self.args, timeout)
subprocess.TimeoutExpired: Command '['/Users/ina.h/.wdm/drivers/chromedriver/mac64/129.0.6668.100/chromedriver-mac-arm64/chromedriver', '--port=54913']' timed out after 60 seconds
2024-10-23 12:00:17,321 - INFO - ====== WebDriver manager ======
2024-10-23 12:00:17,397 - INFO - Get LATEST chromedriver version for google-chrome
2024-10-23 12:00:17,589 - INFO - Get LATEST chromedriver version for google-chrome
2024-10-23 12:00:17,762 - INFO - Driver [/Users/ina.h/.wdm/drivers/chromedriver/mac64/129.0.6668.100/chromedriver-mac-arm64/chromedriver] found in cache
2024-10-23 12:00:18,961 - INFO - 打开网址: https://myoa.omenow.com/Schedule/MySchedule/
2024-10-23 12:00:19,859 - INFO - 输入用户名和密码
2024-10-23 12:00:21,044 - INFO - 点击登录按钮
2024-10-23 12:00:41,454 - INFO - ---------------------------------------------------
2024-10-23 12:00:41,454 - INFO - 今天是工作日，执行签出签入流程。
2024-10-23 12:00:41,454 - INFO - 今天是星期2
2024-10-23 12:00:41,454 - INFO - 检查签出按钮状态
2024-10-23 12:00:41,522 - INFO - 签出 按钮已点击。
2024-10-23 12:00:46,595 - INFO - 签出 弹窗关闭按钮已点击。
2024-10-23 12:01:11,600 - INFO - 检查签入按钮状态
2024-10-23 12:01:11,633 - INFO - 检查签出按钮状态以决定是否点击签入按钮
2024-10-23 12:01:11,692 - INFO - 签入 按钮已点击。
2024-10-23 12:01:16,763 - INFO - 签入 弹窗关闭按钮已点击。
2024-10-23 12:01:26,774 - INFO - 关闭浏览器
2024-10-23 12:02:38,815 - ERROR - Service process refused to terminate gracefully with SIGTERM, escalating to SIGKILL.
Traceback (most recent call last):
  File "/opt/anaconda3/envs/oa/lib/python3.10/site-packages/selenium/webdriver/common/service.py", line 172, in _terminate_process
    self.process.wait(60)
  File "/opt/anaconda3/envs/oa/lib/python3.10/subprocess.py", line 1209, in wait
    return self._wait(timeout=timeout)
  File "/opt/anaconda3/envs/oa/lib/python3.10/subprocess.py", line 1951, in _wait
    raise TimeoutExpired(self.args, timeout)
subprocess.TimeoutExpired: Command '['/Users/ina.h/.wdm/drivers/chromedriver/mac64/129.0.6668.100/chromedriver-mac-arm64/chromedriver', '--port=54556']' timed out after 60 seconds
2024-10-24 07:30:18,190 - INFO - ====== WebDriver manager ======
2024-10-24 07:30:23,588 - INFO - Get LATEST chromedriver version for google-chrome
2024-10-24 07:30:23,832 - INFO - Get LATEST chromedriver version for google-chrome
2024-10-24 07:30:23,993 - INFO - There is no [mac64] chromedriver "130.0.6723.69" for browser google-chrome "130.0.6723" in cache
2024-10-24 07:30:24,012 - INFO - Get LATEST chromedriver version for google-chrome
2024-10-24 07:30:24,527 - INFO - WebDriver version 130.0.6723.69 selected
2024-10-24 07:30:24,531 - INFO - Modern chrome version https://storage.googleapis.com/chrome-for-testing-public/130.0.6723.69/mac-arm64/chromedriver-mac-arm64.zip
2024-10-24 07:30:24,531 - INFO - About to download new driver from https://storage.googleapis.com/chrome-for-testing-public/130.0.6723.69/mac-arm64/chromedriver-mac-arm64.zip
2024-10-24 07:30:24,859 - INFO - Driver downloading response is 200
2024-10-24 07:30:25,583 - INFO - Get LATEST chromedriver version for google-chrome
2024-10-24 07:30:25,922 - INFO - Driver has been saved in cache [/Users/ina.h/.wdm/drivers/chromedriver/mac64/130.0.6723.69]
2024-10-24 07:30:27,857 - INFO - 打开网址: https://myoa.omenow.com/Schedule/MySchedule/
2024-10-24 07:30:28,504 - INFO - 输入用户名和密码
2024-10-24 07:30:29,710 - INFO - 点击登录按钮
2024-10-24 07:30:50,015 - INFO - ---------------------------------------------------
2024-10-24 07:30:50,017 - INFO - 今天是工作日，执行签出签入流程。
2024-10-24 07:30:50,017 - INFO - 今天是星期3
2024-10-24 07:30:50,017 - INFO - 检查签出按钮状态
2024-10-24 07:30:50,085 - INFO - 签出 按钮已点击。
2024-10-24 07:30:55,168 - INFO - 签出 弹窗关闭按钮已点击。
2024-10-24 07:31:20,179 - INFO - 检查签入按钮状态
2024-10-24 07:31:20,211 - INFO - 检查签出按钮状态以决定是否点击签入按钮
2024-10-24 07:31:20,269 - INFO - 签入 按钮已点击。
2024-10-24 07:31:25,335 - INFO - 签入 弹窗关闭按钮已点击。
2024-10-24 07:31:35,346 - INFO - 关闭浏览器
2024-10-24 07:32:54,611 - ERROR - Service process refused to terminate gracefully with SIGTERM, escalating to SIGKILL.
Traceback (most recent call last):
  File "/opt/anaconda3/envs/oa/lib/python3.10/site-packages/selenium/webdriver/common/service.py", line 172, in _terminate_process
    self.process.wait(60)
  File "/opt/anaconda3/envs/oa/lib/python3.10/subprocess.py", line 1209, in wait
    return self._wait(timeout=timeout)
  File "/opt/anaconda3/envs/oa/lib/python3.10/subprocess.py", line 1951, in _wait
    raise TimeoutExpired(self.args, timeout)
subprocess.TimeoutExpired: Command '['/Users/ina.h/.wdm/drivers/chromedriver/mac64/130.0.6723.69/chromedriver-mac-arm64/chromedriver', '--port=60541']' timed out after 60 seconds
2024-10-24 12:00:18,736 - INFO - ====== WebDriver manager ======
2024-10-24 12:00:23,893 - INFO - Get LATEST chromedriver version for google-chrome
2024-10-24 12:02:51,070 - INFO - ====== WebDriver manager ======
2024-10-24 12:02:51,178 - INFO - Get LATEST chromedriver version for google-chrome
2024-10-24 12:02:51,420 - INFO - Get LATEST chromedriver version for google-chrome
2024-10-24 12:02:51,673 - INFO - Driver [/Users/ina.h/.wdm/drivers/chromedriver/mac64/130.0.6723.69/chromedriver-mac-arm64/chromedriver] found in cache
2024-10-24 12:02:53,271 - INFO - 打开网址: https://myoa.omenow.com/Schedule/MySchedule/
2024-10-24 12:02:55,323 - INFO - 输入用户名和密码
2024-10-24 12:02:55,412 - INFO - 点击登录按钮
2024-10-24 12:03:15,942 - INFO - ---------------------------------------------------
2024-10-24 12:03:15,944 - INFO - 今天是工作日，执行签出签入流程。
2024-10-24 12:03:15,944 - INFO - 今天是星期3
2024-10-24 12:03:15,944 - INFO - 检查签出按钮状态
2024-10-24 12:03:16,013 - INFO - 签出 按钮已点击。
2024-10-24 12:03:21,080 - INFO - 签出 弹窗关闭按钮已点击。
2024-10-24 12:03:46,087 - INFO - 检查签入按钮状态
2024-10-24 12:03:46,122 - INFO - 检查签出按钮状态以决定是否点击签入按钮
2024-10-24 12:03:46,179 - INFO - 签入 按钮已点击。
2024-10-24 12:03:51,243 - INFO - 签入 弹窗关闭按钮已点击。
2024-10-24 12:04:01,248 - INFO - 关闭浏览器
2024-10-24 12:05:13,143 - ERROR - Service process refused to terminate gracefully with SIGTERM, escalating to SIGKILL.
Traceback (most recent call last):
  File "/opt/anaconda3/envs/oa/lib/python3.10/site-packages/selenium/webdriver/common/service.py", line 172, in _terminate_process
    self.process.wait(60)
  File "/opt/anaconda3/envs/oa/lib/python3.10/subprocess.py", line 1209, in wait
    return self._wait(timeout=timeout)
  File "/opt/anaconda3/envs/oa/lib/python3.10/subprocess.py", line 1951, in _wait
    raise TimeoutExpired(self.args, timeout)
subprocess.TimeoutExpired: Command '['/Users/ina.h/.wdm/drivers/chromedriver/mac64/130.0.6723.69/chromedriver-mac-arm64/chromedriver', '--port=56590']' timed out after 60 seconds
2024-10-25 07:30:17,296 - INFO - ====== WebDriver manager ======
2024-10-25 07:30:22,756 - INFO - Get LATEST chromedriver version for google-chrome
2024-10-25 07:30:23,611 - INFO - Get LATEST chromedriver version for google-chrome
2024-10-25 07:30:24,382 - INFO - Get LATEST chromedriver version for google-chrome
2024-10-25 07:30:25,898 - INFO - WebDriver version 130.0.6723.69 selected
2024-10-25 07:30:25,900 - INFO - Modern chrome version https://storage.googleapis.com/chrome-for-testing-public/130.0.6723.69/mac-arm64/chromedriver-mac-arm64.zip
2024-10-25 07:30:25,900 - INFO - About to download new driver from https://storage.googleapis.com/chrome-for-testing-public/130.0.6723.69/mac-arm64/chromedriver-mac-arm64.zip
2024-10-25 07:30:26,430 - INFO - Driver downloading response is 200
2024-10-25 07:30:27,382 - INFO - Get LATEST chromedriver version for google-chrome
2024-10-25 07:30:27,831 - INFO - Driver has been saved in cache [/Users/ina.h/.wdm/drivers/chromedriver/mac64/130.0.6723.69]
2024-10-25 07:30:28,991 - INFO - 打开网址: https://myoa.omenow.com/Schedule/MySchedule/
2024-10-25 07:30:31,484 - INFO - 输入用户名和密码
2024-10-25 07:30:31,617 - INFO - 点击登录按钮
2024-10-25 07:30:53,039 - INFO - ---------------------------------------------------
2024-10-25 07:30:53,040 - INFO - 今天是工作日，执行签出签入流程。
2024-10-25 07:30:53,040 - INFO - 今天是星期4
2024-10-25 07:30:53,040 - INFO - 检查签出按钮状态
2024-10-25 07:30:54,119 - ERROR - 点击 签出 按钮时出现异常: Message: element click intercepted: Element <button type="button" class="btn btn-success" id="btnCheckOut" style="width: 80px;">...</button> is not clickable at point (628, 3). Other element would receive the click: <div class="k-window-titlebar k-header" style="margin-top: -33px;">...</div>
  (Session info: chrome=130.0.6723.69)
Stacktrace:
0   chromedriver                        0x0000000104eb3634 cxxbridge1$str$ptr + 3645404
1   chromedriver                        0x0000000104eabe94 cxxbridge1$str$ptr + 3614780
2   chromedriver                        0x0000000104918104 cxxbridge1$string$len + 88416
3   chromedriver                        0x000000010495fa74 cxxbridge1$string$len + 381648
4   chromedriver                        0x000000010495e0dc cxxbridge1$string$len + 375096
5   chromedriver                        0x000000010495c320 cxxbridge1$string$len + 367484
6   chromedriver                        0x000000010495b534 cxxbridge1$string$len + 363920
7   chromedriver                        0x0000000104950e14 cxxbridge1$string$len + 321136
8   chromedriver                        0x00000001049508b0 cxxbridge1$string$len + 319756
9   chromedriver                        0x0000000104993bd0 cxxbridge1$string$len + 594988
10  chromedriver                        0x000000010494ef54 cxxbridge1$string$len + 313264
11  chromedriver                        0x000000010494fba4 cxxbridge1$string$len + 316416
12  chromedriver                        0x0000000104e7e1d4 cxxbridge1$str$ptr + 3427196
13  chromedriver                        0x0000000104e81518 cxxbridge1$str$ptr + 3440320
14  chromedriver                        0x0000000104e655f8 cxxbridge1$str$ptr + 3325856
15  chromedriver                        0x0000000104e81ddc cxxbridge1$str$ptr + 3442564
16  chromedriver                        0x0000000104e5687c cxxbridge1$str$ptr + 3265060
17  chromedriver                        0x0000000104e9c884 cxxbridge1$str$ptr + 3551788
18  chromedriver                        0x0000000104e9ca00 cxxbridge1$str$ptr + 3552168
19  chromedriver                        0x0000000104eabb2c cxxbridge1$str$ptr + 3613908
20  libsystem_pthread.dylib             0x00000001960e3fa8 _pthread_start + 148
21  libsystem_pthread.dylib             0x00000001960deda0 thread_start + 8

2024-10-25 07:31:19,134 - INFO - 检查签入按钮状态
2024-10-25 07:31:19,169 - INFO - 检查签出按钮状态以决定是否点击签入按钮
2024-10-25 07:31:20,264 - ERROR - 点击 签出 按钮时出现异常: Message: element click intercepted: Element <button type="button" class="btn btn-success" id="btnCheckOut" style="width: 80px;">...</button> is not clickable at point (628, 3). Other element would receive the click: <div class="k-window-titlebar k-header" style="margin-top: -33px;">...</div>
  (Session info: chrome=130.0.6723.69)
Stacktrace:
0   chromedriver                        0x0000000104eb3634 cxxbridge1$str$ptr + 3645404
1   chromedriver                        0x0000000104eabe94 cxxbridge1$str$ptr + 3614780
2   chromedriver                        0x0000000104918104 cxxbridge1$string$len + 88416
3   chromedriver                        0x000000010495fa74 cxxbridge1$string$len + 381648
4   chromedriver                        0x000000010495e0dc cxxbridge1$string$len + 375096
5   chromedriver                        0x000000010495c320 cxxbridge1$string$len + 367484
6   chromedriver                        0x000000010495b534 cxxbridge1$string$len + 363920
7   chromedriver                        0x0000000104950e14 cxxbridge1$string$len + 321136
8   chromedriver                        0x00000001049508b0 cxxbridge1$string$len + 319756
9   chromedriver                        0x0000000104993bd0 cxxbridge1$string$len + 594988
10  chromedriver                        0x000000010494ef54 cxxbridge1$string$len + 313264
11  chromedriver                        0x000000010494fba4 cxxbridge1$string$len + 316416
12  chromedriver                        0x0000000104e7e1d4 cxxbridge1$str$ptr + 3427196
13  chromedriver                        0x0000000104e81518 cxxbridge1$str$ptr + 3440320
14  chromedriver                        0x0000000104e655f8 cxxbridge1$str$ptr + 3325856
15  chromedriver                        0x0000000104e81ddc cxxbridge1$str$ptr + 3442564
16  chromedriver                        0x0000000104e5687c cxxbridge1$str$ptr + 3265060
17  chromedriver                        0x0000000104e9c884 cxxbridge1$str$ptr + 3551788
18  chromedriver                        0x0000000104e9ca00 cxxbridge1$str$ptr + 3552168
19  chromedriver                        0x0000000104eabb2c cxxbridge1$str$ptr + 3613908
20  libsystem_pthread.dylib             0x00000001960e3fa8 _pthread_start + 148
21  libsystem_pthread.dylib             0x00000001960deda0 thread_start + 8

2024-10-25 07:31:41,345 - ERROR - 点击 签入 按钮时出现异常: Message: element click intercepted: Element <button type="button" class="btn btn-danger" id="btnCheckIn" style="width: 80px;">...</button> is not clickable at point (738, 3). Other element would receive the click: <div class="k-window-titlebar k-header" style="margin-top: -33px;">...</div>
  (Session info: chrome=130.0.6723.69)
Stacktrace:
0   chromedriver                        0x0000000104eb3634 cxxbridge1$str$ptr + 3645404
1   chromedriver                        0x0000000104eabe94 cxxbridge1$str$ptr + 3614780
2   chromedriver                        0x0000000104918104 cxxbridge1$string$len + 88416
3   chromedriver                        0x000000010495fa74 cxxbridge1$string$len + 381648
4   chromedriver                        0x000000010495e0dc cxxbridge1$string$len + 375096
5   chromedriver                        0x000000010495c320 cxxbridge1$string$len + 367484
6   chromedriver                        0x000000010495b534 cxxbridge1$string$len + 363920
7   chromedriver                        0x0000000104950e14 cxxbridge1$string$len + 321136
8   chromedriver                        0x00000001049508b0 cxxbridge1$string$len + 319756
9   chromedriver                        0x0000000104993bd0 cxxbridge1$string$len + 594988
10  chromedriver                        0x000000010494ef54 cxxbridge1$string$len + 313264
11  chromedriver                        0x000000010494fba4 cxxbridge1$string$len + 316416
12  chromedriver                        0x0000000104e7e1d4 cxxbridge1$str$ptr + 3427196
13  chromedriver                        0x0000000104e81518 cxxbridge1$str$ptr + 3440320
14  chromedriver                        0x0000000104e655f8 cxxbridge1$str$ptr + 3325856
15  chromedriver                        0x0000000104e81ddc cxxbridge1$str$ptr + 3442564
16  chromedriver                        0x0000000104e5687c cxxbridge1$str$ptr + 3265060
17  chromedriver                        0x0000000104e9c884 cxxbridge1$str$ptr + 3551788
18  chromedriver                        0x0000000104e9ca00 cxxbridge1$str$ptr + 3552168
19  chromedriver                        0x0000000104eabb2c cxxbridge1$str$ptr + 3613908
20  libsystem_pthread.dylib             0x00000001960e3fa8 _pthread_start + 148
21  libsystem_pthread.dylib             0x00000001960deda0 thread_start + 8

2024-10-25 07:31:51,347 - INFO - 关闭浏览器
2024-10-25 08:32:13,096 - INFO - ====== WebDriver manager ======
2024-10-25 08:32:18,085 - INFO - Get LATEST chromedriver version for google-chrome
2024-10-25 08:32:18,831 - INFO - Get LATEST chromedriver version for google-chrome
2024-10-25 08:32:22,166 - INFO - Driver [/Users/ina.h/.wdm/drivers/chromedriver/mac64/130.0.6723.69/chromedriver-mac-arm64/chromedriver] found in cache
2024-10-25 08:32:23,628 - INFO - 打开网址: https://myoa.omenow.com/Schedule/MySchedule/
2024-10-25 08:32:25,900 - INFO - 输入用户名和密码
2024-10-25 08:32:28,381 - INFO - 点击登录按钮
2024-10-25 08:32:52,626 - INFO - ---------------------------------------------------
2024-10-25 08:32:52,628 - INFO - 今天是工作日，执行签出签入流程。
2024-10-25 08:32:52,629 - INFO - 今天是星期4
2024-10-25 08:32:52,629 - INFO - 检查签出按钮状态
2024-10-25 08:32:52,697 - INFO - 签出 按钮已点击。
2024-10-25 08:32:57,768 - INFO - 签出 弹窗关闭按钮已点击。
2024-10-25 08:33:22,779 - INFO - 检查签入按钮状态
2024-10-25 08:33:22,803 - INFO - 检查签出按钮状态以决定是否点击签入按钮
2024-10-25 08:33:22,862 - INFO - 签入 按钮已点击。
2024-10-25 08:33:27,905 - INFO - 签入 弹窗关闭按钮已点击。
2024-10-25 08:33:37,912 - INFO - 关闭浏览器
2024-10-25 12:00:15,979 - INFO - ====== WebDriver manager ======
2024-10-25 12:00:21,381 - INFO - Get LATEST chromedriver version for google-chrome
2024-10-25 12:01:04,472 - INFO - ====== WebDriver manager ======
2024-10-25 12:01:04,570 - INFO - Get LATEST chromedriver version for google-chrome
2024-10-25 12:01:05,057 - INFO - Get LATEST chromedriver version for google-chrome
2024-10-25 12:01:05,366 - INFO - Driver [/Users/ina.h/.wdm/drivers/chromedriver/mac64/130.0.6723.69/chromedriver-mac-arm64/chromedriver] found in cache
2024-10-25 12:01:06,981 - INFO - 打开网址: https://myoa.omenow.com/Schedule/MySchedule/
2024-10-25 12:01:11,160 - INFO - 输入用户名和密码
2024-10-25 12:01:11,247 - INFO - 点击登录按钮
2024-10-25 12:01:34,106 - INFO - ---------------------------------------------------
2024-10-25 12:01:34,106 - INFO - 今天是工作日，执行签出签入流程。
2024-10-25 12:01:34,106 - INFO - 今天是星期4
2024-10-25 12:01:34,106 - INFO - 检查签出按钮状态
2024-10-25 12:01:35,214 - ERROR - 点击 签出 按钮时出现异常: Message: element click intercepted: Element <button type="button" class="btn btn-success" id="btnCheckOut" style="width: 80px;">...</button> is not clickable at point (528, 298). Other element would receive the click: <div class="k-overlay" style="display: block; z-index: 10002; opacity: 0.5;"></div>
  (Session info: chrome=130.0.6723.70)
Stacktrace:
0   chromedriver                        0x0000000104e6b634 cxxbridge1$str$ptr + 3645404
1   chromedriver                        0x0000000104e63e94 cxxbridge1$str$ptr + 3614780
2   chromedriver                        0x00000001048d0104 cxxbridge1$string$len + 88416
3   chromedriver                        0x0000000104917a74 cxxbridge1$string$len + 381648
4   chromedriver                        0x00000001049160dc cxxbridge1$string$len + 375096
5   chromedriver                        0x0000000104914320 cxxbridge1$string$len + 367484
6   chromedriver                        0x0000000104913534 cxxbridge1$string$len + 363920
7   chromedriver                        0x0000000104908e14 cxxbridge1$string$len + 321136
8   chromedriver                        0x00000001049088b0 cxxbridge1$string$len + 319756
9   chromedriver                        0x000000010494bbd0 cxxbridge1$string$len + 594988
10  chromedriver                        0x0000000104906f54 cxxbridge1$string$len + 313264
11  chromedriver                        0x0000000104907ba4 cxxbridge1$string$len + 316416
12  chromedriver                        0x0000000104e361d4 cxxbridge1$str$ptr + 3427196
13  chromedriver                        0x0000000104e39518 cxxbridge1$str$ptr + 3440320
14  chromedriver                        0x0000000104e1d5f8 cxxbridge1$str$ptr + 3325856
15  chromedriver                        0x0000000104e39ddc cxxbridge1$str$ptr + 3442564
16  chromedriver                        0x0000000104e0e87c cxxbridge1$str$ptr + 3265060
17  chromedriver                        0x0000000104e54884 cxxbridge1$str$ptr + 3551788
18  chromedriver                        0x0000000104e54a00 cxxbridge1$str$ptr + 3552168
19  chromedriver                        0x0000000104e63b2c cxxbridge1$str$ptr + 3613908
20  libsystem_pthread.dylib             0x00000001960e3fa8 _pthread_start + 148
21  libsystem_pthread.dylib             0x00000001960deda0 thread_start + 8

2024-10-25 12:02:00,223 - INFO - 检查签入按钮状态
2024-10-25 12:02:00,226 - ERROR - 发生异常: Message: no such window: target window already closed
from unknown error: web view not found
  (Session info: chrome=130.0.6723.70)
Stacktrace:
0   chromedriver                        0x0000000104e6b634 cxxbridge1$str$ptr + 3645404
1   chromedriver                        0x0000000104e63e94 cxxbridge1$str$ptr + 3614780
2   chromedriver                        0x00000001048d0104 cxxbridge1$string$len + 88416
3   chromedriver                        0x00000001048abb70 core::str::slice_error_fail::h1cab30ac4b13c655 + 3792
4   chromedriver                        0x000000010493866c cxxbridge1$string$len + 515784
5   chromedriver                        0x000000010494b638 cxxbridge1$string$len + 593556
6   chromedriver                        0x0000000104906f54 cxxbridge1$string$len + 313264
7   chromedriver                        0x0000000104907ba4 cxxbridge1$string$len + 316416
8   chromedriver                        0x0000000104e361d4 cxxbridge1$str$ptr + 3427196
9   chromedriver                        0x0000000104e39518 cxxbridge1$str$ptr + 3440320
10  chromedriver                        0x0000000104e1d5f8 cxxbridge1$str$ptr + 3325856
11  chromedriver                        0x0000000104e39ddc cxxbridge1$str$ptr + 3442564
12  chromedriver                        0x0000000104e0e87c cxxbridge1$str$ptr + 3265060
13  chromedriver                        0x0000000104e54884 cxxbridge1$str$ptr + 3551788
14  chromedriver                        0x0000000104e54a00 cxxbridge1$str$ptr + 3552168
15  chromedriver                        0x0000000104e63b2c cxxbridge1$str$ptr + 3613908
16  libsystem_pthread.dylib             0x00000001960e3fa8 _pthread_start + 148
17  libsystem_pthread.dylib             0x00000001960deda0 thread_start + 8

2024-10-25 12:02:00,226 - INFO - 关闭浏览器
2024-10-25 12:11:20,318 - INFO - ====== WebDriver manager ======
2024-10-25 12:11:20,469 - INFO - Get LATEST chromedriver version for google-chrome
2024-10-25 12:11:21,163 - INFO - Get LATEST chromedriver version for google-chrome
2024-10-25 12:11:21,644 - INFO - Driver [/Users/ina.h/.wdm/drivers/chromedriver/mac64/130.0.6723.69/chromedriver-mac-arm64/chromedriver] found in cache
2024-10-25 12:11:23,070 - INFO - 打开网址: https://myoa.omenow.com/Schedule/MySchedule/
2024-10-25 12:11:29,532 - INFO - 输入用户名和密码
2024-10-25 12:11:29,688 - INFO - 点击登录按钮
2024-10-25 12:11:52,220 - INFO - 弹窗已关闭
2024-10-25 12:11:52,220 - INFO - ---------------------------------------------------
2024-10-25 12:11:52,220 - INFO - 今天是工作日，执行签出签入流程。
2024-10-25 12:11:52,220 - INFO - 今天是星期4
2024-10-25 12:11:52,220 - INFO - 检查签出按钮状态
2024-10-25 12:11:52,268 - INFO - 签出 按钮已点击。
2024-10-25 12:11:57,335 - INFO - 签出 弹窗关闭按钮已点击。
2024-10-25 12:12:00,004 - INFO - 关闭浏览器
2024-10-25 12:12:26,811 - INFO - ====== WebDriver manager ======
2024-10-25 12:12:26,885 - INFO - Get LATEST chromedriver version for google-chrome
2024-10-25 12:12:30,372 - INFO - Get LATEST chromedriver version for google-chrome
2024-10-25 12:12:30,988 - INFO - Driver [/Users/ina.h/.wdm/drivers/chromedriver/mac64/130.0.6723.69/chromedriver-mac-arm64/chromedriver] found in cache
2024-10-25 12:12:31,857 - INFO - 打开网址: https://myoa.omenow.com/Schedule/MySchedule/
2024-10-25 12:12:34,928 - INFO - 输入用户名和密码
2024-10-25 12:12:35,027 - INFO - 点击登录按钮
2024-10-25 12:12:57,962 - INFO - 弹窗已关闭
2024-10-25 12:12:57,962 - INFO - ---------------------------------------------------
2024-10-25 12:12:57,962 - INFO - 今天是工作日，执行签出签入流程。
2024-10-25 12:12:57,962 - INFO - 今天是星期4
2024-10-25 12:12:57,962 - INFO - 检查签出按钮状态
2024-10-25 12:12:57,976 - INFO - 签出按钮当前处于禁用状态，无法点击。
2024-10-25 12:13:17,980 - INFO - 检查签入按钮状态
2024-10-25 12:13:18,011 - INFO - 检查签出按钮状态以决定是否点击签入按钮
2024-10-25 12:13:18,065 - INFO - 签入 按钮已点击。
2024-10-25 12:13:23,109 - INFO - 签入 弹窗关闭按钮已点击。
2024-10-25 12:13:33,111 - INFO - 关闭浏览器
2024-10-26 13:31:05,369 - INFO - Current time: 2024-10-26 13:31:05
2024-10-26 13:32:07,661 - ERROR - Service process refused to terminate gracefully with SIGTERM, escalating to SIGKILL.
Traceback (most recent call last):
  File "/opt/anaconda3/envs/oa/lib/python3.10/site-packages/selenium/webdriver/chromium/webdriver.py", line 66, in __init__
    super().__init__(command_executor=executor, options=options)
  File "/opt/anaconda3/envs/oa/lib/python3.10/site-packages/selenium/webdriver/remote/webdriver.py", line 212, in __init__
    self.start_session(capabilities)
  File "/opt/anaconda3/envs/oa/lib/python3.10/site-packages/selenium/webdriver/remote/webdriver.py", line 299, in start_session
    response = self.execute(Command.NEW_SESSION, caps)["value"]
  File "/opt/anaconda3/envs/oa/lib/python3.10/site-packages/selenium/webdriver/remote/webdriver.py", line 354, in execute
    self.error_handler.check_response(response)
  File "/opt/anaconda3/envs/oa/lib/python3.10/site-packages/selenium/webdriver/remote/errorhandler.py", line 229, in check_response
    raise exception_class(message, screen, stacktrace)
selenium.common.exceptions.SessionNotCreatedException: Message: session not created: This version of ChromeDriver only supports Chrome version 128
Current browser version is 130.0.6723.70 with binary path /Applications/Google Chrome.app/Contents/MacOS/Google Chrome
Stacktrace:
0   chromedriver                        0x000000010517b988 cxxbridge1$str$ptr + 1887096
1   chromedriver                        0x0000000105173df0 cxxbridge1$str$ptr + 1855456
2   chromedriver                        0x0000000104d78be0 cxxbridge1$string$len + 89508
3   chromedriver                        0x0000000104daea68 cxxbridge1$string$len + 310316
4   chromedriver                        0x0000000104dadcb4 cxxbridge1$string$len + 306808
5   chromedriver                        0x0000000104da99a0 cxxbridge1$string$len + 289636
6   chromedriver                        0x0000000104da5e58 cxxbridge1$string$len + 274460
7   chromedriver                        0x0000000104de69f4 cxxbridge1$string$len + 539576
8   chromedriver                        0x0000000104db1a08 cxxbridge1$string$len + 322508
9   chromedriver                        0x0000000104db266c cxxbridge1$string$len + 325680
10  chromedriver                        0x0000000105142048 cxxbridge1$str$ptr + 1651256
11  chromedriver                        0x000000010514697c cxxbridge1$str$ptr + 1669996
12  chromedriver                        0x00000001051271dc cxxbridge1$str$ptr + 1541068
13  chromedriver                        0x000000010514724c cxxbridge1$str$ptr + 1672252
14  chromedriver                        0x00000001051187f0 cxxbridge1$str$ptr + 1481184
15  chromedriver                        0x00000001051650e8 cxxbridge1$str$ptr + 1794776
16  chromedriver                        0x0000000105165264 cxxbridge1$str$ptr + 1795156
17  chromedriver                        0x0000000105173a8c cxxbridge1$str$ptr + 1854588
18  libsystem_pthread.dylib             0x00000001960e3fa8 _pthread_start + 148
19  libsystem_pthread.dylib             0x00000001960deda0 thread_start + 8


During handling of the above exception, another exception occurred:

Traceback (most recent call last):
  File "/opt/anaconda3/envs/oa/lib/python3.10/site-packages/selenium/webdriver/common/service.py", line 172, in _terminate_process
    self.process.wait(60)
  File "/opt/anaconda3/envs/oa/lib/python3.10/subprocess.py", line 1209, in wait
    return self._wait(timeout=timeout)
  File "/opt/anaconda3/envs/oa/lib/python3.10/subprocess.py", line 1951, in _wait
    raise TimeoutExpired(self.args, timeout)
subprocess.TimeoutExpired: Command '['/usr/local/bin/chromedriver', '--port=59223']' timed out after 60 seconds
2024-10-31 07:30:17,167 - INFO - ====== WebDriver manager ======
2024-10-31 07:30:22,639 - INFO - Get LATEST chromedriver version for google-chrome
2024-10-31 07:30:23,117 - INFO - Get LATEST chromedriver version for google-chrome
2024-10-31 07:30:23,598 - INFO - There is no [mac64] chromedriver "130.0.6723.91" for browser google-chrome "130.0.6723" in cache
2024-10-31 07:30:23,616 - INFO - Get LATEST chromedriver version for google-chrome
2024-10-31 07:30:24,709 - INFO - WebDriver version 130.0.6723.91 selected
2024-10-31 07:30:24,711 - INFO - Modern chrome version https://storage.googleapis.com/chrome-for-testing-public/130.0.6723.91/mac-arm64/chromedriver-mac-arm64.zip
2024-10-31 07:30:24,711 - INFO - About to download new driver from https://storage.googleapis.com/chrome-for-testing-public/130.0.6723.91/mac-arm64/chromedriver-mac-arm64.zip
2024-10-31 07:30:25,164 - INFO - Driver downloading response is 200
2024-10-31 07:30:26,189 - INFO - Get LATEST chromedriver version for google-chrome
2024-10-31 07:30:26,860 - INFO - Driver has been saved in cache [/Users/ina.h/.wdm/drivers/chromedriver/mac64/130.0.6723.91]
2024-10-31 07:30:31,284 - INFO - 打开网址: https://myoa.omenow.com/Schedule/MySchedule/
2024-10-31 07:30:35,276 - INFO - 输入用户名和密码
2024-10-31 07:30:35,385 - INFO - 点击登录按钮
2024-10-31 07:31:03,613 - INFO - 未找到弹窗或弹窗已经关闭
2024-10-31 07:31:03,613 - INFO - ---------------------------------------------------
2024-10-31 07:31:03,613 - INFO - 今天是工作日，执行签出签入流程。
2024-10-31 07:31:03,613 - INFO - 今天是星期3
2024-10-31 07:31:03,613 - INFO - 检查签出按钮状态
2024-10-31 07:31:03,687 - INFO - 签出 按钮已点击。
2024-10-31 07:31:08,757 - INFO - 签出 弹窗关闭按钮已点击。
2024-10-31 07:31:33,766 - INFO - 检查签入按钮状态
2024-10-31 07:31:33,812 - INFO - 检查签出按钮状态以决定是否点击签入按钮
2024-10-31 07:31:33,856 - INFO - 签入 按钮已点击。
2024-10-31 07:31:38,921 - INFO - 签入 弹窗关闭按钮已点击。
2024-10-31 07:31:48,922 - INFO - 关闭浏览器
2024-10-31 07:33:02,868 - ERROR - Service process refused to terminate gracefully with SIGTERM, escalating to SIGKILL.
Traceback (most recent call last):
  File "/opt/anaconda3/envs/oa/lib/python3.10/site-packages/selenium/webdriver/common/service.py", line 172, in _terminate_process
    self.process.wait(60)
  File "/opt/anaconda3/envs/oa/lib/python3.10/subprocess.py", line 1209, in wait
    return self._wait(timeout=timeout)
  File "/opt/anaconda3/envs/oa/lib/python3.10/subprocess.py", line 1951, in _wait
    raise TimeoutExpired(self.args, timeout)
subprocess.TimeoutExpired: Command '['/Users/ina.h/.wdm/drivers/chromedriver/mac64/130.0.6723.91/chromedriver-mac-arm64/chromedriver', '--port=58536']' timed out after 60 seconds
2024-10-31 12:00:16,743 - INFO - ====== WebDriver manager ======
2024-10-31 12:00:21,761 - INFO - Get LATEST chromedriver version for google-chrome
2024-10-31 12:00:22,149 - INFO - Get LATEST chromedriver version for google-chrome
2024-10-31 12:00:22,456 - INFO - Driver [/Users/ina.h/.wdm/drivers/chromedriver/mac64/130.0.6723.91/chromedriver-mac-arm64/chromedriver] found in cache
2024-10-31 12:00:23,879 - INFO - 打开网址: https://myoa.omenow.com/Schedule/MySchedule/
2024-10-31 12:00:31,138 - INFO - 输入用户名和密码
2024-10-31 12:00:31,229 - INFO - 点击登录按钮
2024-10-31 12:00:59,384 - INFO - 未找到弹窗或弹窗已经关闭
2024-10-31 12:00:59,385 - INFO - ---------------------------------------------------
2024-10-31 12:00:59,385 - INFO - 今天是工作日，执行签出签入流程。
2024-10-31 12:00:59,385 - INFO - 今天是星期3
2024-10-31 12:00:59,385 - INFO - 检查签出按钮状态
2024-10-31 12:00:59,472 - INFO - 签出 按钮已点击。
2024-10-31 12:01:04,535 - INFO - 签出 弹窗关闭按钮已点击。
2024-10-31 12:01:29,541 - INFO - 检查签入按钮状态
2024-10-31 12:01:29,578 - INFO - 检查签出按钮状态以决定是否点击签入按钮
2024-10-31 12:01:29,637 - INFO - 签入 按钮已点击。
2024-10-31 12:01:34,711 - INFO - 签入 弹窗关闭按钮已点击。
2024-10-31 12:01:44,716 - INFO - 关闭浏览器
2024-11-01 07:30:18,444 - INFO - ====== WebDriver manager ======
2024-11-01 07:30:18,975 - INFO - Get LATEST chromedriver version for google-chrome
2024-11-01 07:30:19,385 - INFO - Get LATEST chromedriver version for google-chrome
2024-11-01 07:30:19,751 - INFO - Get LATEST chromedriver version for google-chrome
2024-11-01 07:30:20,547 - INFO - WebDriver version 130.0.6723.91 selected
2024-11-01 07:30:20,549 - INFO - Modern chrome version https://storage.googleapis.com/chrome-for-testing-public/130.0.6723.91/mac-arm64/chromedriver-mac-arm64.zip
2024-11-01 07:30:20,549 - INFO - About to download new driver from https://storage.googleapis.com/chrome-for-testing-public/130.0.6723.91/mac-arm64/chromedriver-mac-arm64.zip
2024-11-01 07:30:22,082 - INFO - Driver downloading response is 200
2024-11-01 07:30:23,198 - INFO - Get LATEST chromedriver version for google-chrome
2024-11-01 07:30:23,641 - INFO - Driver has been saved in cache [/Users/ina.h/.wdm/drivers/chromedriver/mac64/130.0.6723.91]
2024-11-01 07:30:25,013 - INFO - 打开网址: https://myoa.omenow.com/Schedule/MySchedule/
2024-11-01 07:30:27,255 - INFO - 输入用户名和密码
2024-11-01 07:30:27,392 - INFO - 点击登录按钮
2024-11-01 07:30:51,759 - INFO - 弹窗已关闭
2024-11-01 07:30:51,759 - INFO - ---------------------------------------------------
2024-11-01 07:30:51,759 - INFO - 今天是工作日，执行签出签入流程。
2024-11-01 07:30:51,759 - INFO - 今天是星期4
2024-11-01 07:30:51,759 - INFO - 检查签出按钮状态
2024-11-01 07:30:51,804 - INFO - 签出 按钮已点击。
2024-11-01 07:30:56,862 - INFO - 签出 弹窗关闭按钮已点击。
2024-11-01 07:31:21,868 - INFO - 检查签入按钮状态
2024-11-01 07:31:21,903 - INFO - 检查签出按钮状态以决定是否点击签入按钮
2024-11-01 07:31:21,961 - INFO - 签入 按钮已点击。
2024-11-01 07:31:27,026 - INFO - 签入 弹窗关闭按钮已点击。
2024-11-01 07:31:37,032 - INFO - 关闭浏览器
2024-11-01 12:00:18,528 - INFO - ====== WebDriver manager ======
2024-11-01 12:00:23,772 - INFO - Get LATEST chromedriver version for google-chrome
2024-11-01 12:00:24,163 - INFO - Get LATEST chromedriver version for google-chrome
2024-11-01 12:00:24,602 - INFO - Driver [/Users/ina.h/.wdm/drivers/chromedriver/mac64/130.0.6723.91/chromedriver-mac-arm64/chromedriver] found in cache
2024-11-01 12:00:26,007 - INFO - 打开网址: https://myoa.omenow.com/Schedule/MySchedule/
2024-11-01 12:00:31,479 - INFO - 输入用户名和密码
2024-11-01 12:00:31,593 - INFO - 点击登录按钮
2024-11-01 12:00:53,750 - INFO - 弹窗已关闭
2024-11-01 12:00:53,751 - INFO - ---------------------------------------------------
2024-11-01 12:00:53,751 - INFO - 今天是工作日，执行签出签入流程。
2024-11-01 12:00:53,751 - INFO - 今天是星期4
2024-11-01 12:00:53,751 - INFO - 检查签出按钮状态
2024-11-01 12:00:53,797 - INFO - 签出 按钮已点击。
2024-11-01 12:00:58,871 - INFO - 签出 弹窗关闭按钮已点击。
2024-11-01 12:01:23,890 - INFO - 检查签入按钮状态
2024-11-01 12:01:23,922 - INFO - 检查签出按钮状态以决定是否点击签入按钮
2024-11-01 12:01:23,981 - INFO - 签入 按钮已点击。
2024-11-01 12:01:29,049 - INFO - 签入 弹窗关闭按钮已点击。
2024-11-01 12:01:39,051 - INFO - 关闭浏览器
2024-11-02 13:31:03,345 - INFO - Current time: 2024-11-02 13:31:03
2024-11-04 07:30:17,970 - INFO - ====== WebDriver manager ======
2024-11-04 07:30:24,399 - INFO - Get LATEST chromedriver version for google-chrome
2024-11-04 07:30:25,219 - INFO - Get LATEST chromedriver version for google-chrome
2024-11-04 07:30:25,733 - INFO - Get LATEST chromedriver version for google-chrome
2024-11-04 07:30:26,849 - INFO - WebDriver version 130.0.6723.91 selected
2024-11-04 07:30:26,851 - INFO - Modern chrome version https://storage.googleapis.com/chrome-for-testing-public/130.0.6723.91/mac-arm64/chromedriver-mac-arm64.zip
2024-11-04 07:30:26,851 - INFO - About to download new driver from https://storage.googleapis.com/chrome-for-testing-public/130.0.6723.91/mac-arm64/chromedriver-mac-arm64.zip
2024-11-04 07:30:27,336 - INFO - Driver downloading response is 200
2024-11-04 07:30:28,613 - INFO - Get LATEST chromedriver version for google-chrome
2024-11-04 07:30:29,370 - INFO - Driver has been saved in cache [/Users/ina.h/.wdm/drivers/chromedriver/mac64/130.0.6723.91]
2024-11-04 07:30:30,781 - INFO - 打开网址: https://myoa.omenow.com/Schedule/MySchedule/
2024-11-04 07:30:33,807 - INFO - 输入用户名和密码
2024-11-04 07:30:33,915 - INFO - 点击登录按钮
2024-11-04 07:31:01,073 - INFO - 未找到弹窗或弹窗已经关闭
2024-11-04 07:31:01,075 - INFO - ---------------------------------------------------
2024-11-04 07:31:01,075 - INFO - 今天是工作日，执行签出签入流程。
2024-11-04 07:31:01,075 - INFO - 今天是星期0
2024-11-04 07:31:01,075 - INFO - 检查签出按钮状态
2024-11-04 07:31:01,147 - INFO - 签出 按钮已点击。
2024-11-04 07:31:06,226 - INFO - 签出 弹窗关闭按钮已点击。
2024-11-04 07:31:31,229 - INFO - 检查签入按钮状态
2024-11-04 07:31:31,273 - INFO - 检查签出按钮状态以决定是否点击签入按钮
2024-11-04 07:31:31,318 - INFO - 签入 按钮已点击。
2024-11-04 07:31:36,370 - INFO - 签入 弹窗关闭按钮已点击。
2024-11-04 07:31:46,375 - INFO - 关闭浏览器
2024-11-04 07:33:01,781 - ERROR - Service process refused to terminate gracefully with SIGTERM, escalating to SIGKILL.
Traceback (most recent call last):
  File "/opt/anaconda3/envs/oa/lib/python3.10/site-packages/selenium/webdriver/common/service.py", line 172, in _terminate_process
    self.process.wait(60)
  File "/opt/anaconda3/envs/oa/lib/python3.10/subprocess.py", line 1209, in wait
    return self._wait(timeout=timeout)
  File "/opt/anaconda3/envs/oa/lib/python3.10/subprocess.py", line 1951, in _wait
    raise TimeoutExpired(self.args, timeout)
subprocess.TimeoutExpired: Command '['/Users/ina.h/.wdm/drivers/chromedriver/mac64/130.0.6723.91/chromedriver-mac-arm64/chromedriver', '--port=50106']' timed out after 60 seconds
2024-11-04 12:00:18,272 - INFO - ====== WebDriver manager ======
2024-11-04 12:00:23,412 - INFO - Get LATEST chromedriver version for google-chrome
2024-11-04 12:00:23,722 - INFO - Get LATEST chromedriver version for google-chrome
2024-11-04 12:00:24,060 - INFO - Driver [/Users/ina.h/.wdm/drivers/chromedriver/mac64/130.0.6723.91/chromedriver-mac-arm64/chromedriver] found in cache
2024-11-04 12:00:25,473 - INFO - 打开网址: https://myoa.omenow.com/Schedule/MySchedule/
2024-11-04 12:00:29,513 - INFO - 输入用户名和密码
2024-11-04 12:00:29,615 - INFO - 点击登录按钮
2024-11-04 12:00:57,169 - INFO - 未找到弹窗或弹窗已经关闭
2024-11-04 12:00:57,171 - INFO - ---------------------------------------------------
2024-11-04 12:00:57,171 - INFO - 今天是工作日，执行签出签入流程。
2024-11-04 12:00:57,172 - INFO - 今天是星期0
2024-11-04 12:00:57,172 - INFO - 检查签出按钮状态
2024-11-04 12:00:57,243 - INFO - 签出 按钮已点击。
2024-11-04 12:01:02,322 - INFO - 签出 弹窗关闭按钮已点击。
2024-11-04 12:01:27,347 - INFO - 检查签入按钮状态
2024-11-04 12:01:27,389 - INFO - 检查签出按钮状态以决定是否点击签入按钮
2024-11-04 12:01:27,428 - INFO - 签入 按钮已点击。
2024-11-04 12:01:32,495 - INFO - 签入 弹窗关闭按钮已点击。
2024-11-04 12:01:42,497 - INFO - 关闭浏览器
2024-11-05 07:30:18,674 - INFO - ====== WebDriver manager ======
2024-11-05 07:30:25,096 - INFO - Get LATEST chromedriver version for google-chrome
2024-11-05 07:30:25,579 - INFO - Get LATEST chromedriver version for google-chrome
2024-11-05 07:30:26,063 - INFO - Get LATEST chromedriver version for google-chrome
2024-11-05 07:30:27,253 - INFO - WebDriver version 130.0.6723.91 selected
2024-11-05 07:30:27,254 - INFO - Modern chrome version https://storage.googleapis.com/chrome-for-testing-public/130.0.6723.91/mac-arm64/chromedriver-mac-arm64.zip
2024-11-05 07:30:27,254 - INFO - About to download new driver from https://storage.googleapis.com/chrome-for-testing-public/130.0.6723.91/mac-arm64/chromedriver-mac-arm64.zip
2024-11-05 07:30:27,684 - INFO - Driver downloading response is 200
2024-11-05 07:30:29,053 - INFO - Get LATEST chromedriver version for google-chrome
2024-11-05 07:30:29,668 - INFO - Driver has been saved in cache [/Users/ina.h/.wdm/drivers/chromedriver/mac64/130.0.6723.91]
2024-11-05 07:30:31,105 - INFO - 打开网址: https://myoa.omenow.com/Schedule/MySchedule/
2024-11-05 07:30:34,910 - INFO - 输入用户名和密码
2024-11-05 07:30:35,042 - INFO - 点击登录按钮
2024-11-05 07:31:02,174 - INFO - 未找到弹窗或弹窗已经关闭
2024-11-05 07:31:02,175 - INFO - ---------------------------------------------------
2024-11-05 07:31:02,175 - INFO - 今天是工作日，执行签出签入流程。
2024-11-05 07:31:02,175 - INFO - 今天是星期1
2024-11-05 07:31:02,176 - INFO - 检查签出按钮状态
2024-11-05 07:31:02,251 - INFO - 签出 按钮已点击。
2024-11-05 07:31:08,384 - ERROR - 处理 签出 弹出窗口时出现异常: Message: element click intercepted: Element <input type="button" class="dialog_button confirm_no k-button" value="关闭" style="width: 70px"> is not clickable at point (752, 498). Other element would receive the click: <cite>...</cite>
  (Session info: chrome=130.0.6723.92)
Stacktrace:
0   chromedriver                        0x0000000104af7648 cxxbridge1$str$ptr + 3645404
1   chromedriver                        0x0000000104aefea8 cxxbridge1$str$ptr + 3614780
2   chromedriver                        0x000000010455c104 cxxbridge1$string$len + 88416
3   chromedriver                        0x00000001045a3a74 cxxbridge1$string$len + 381648
4   chromedriver                        0x00000001045a20dc cxxbridge1$string$len + 375096
5   chromedriver                        0x00000001045a0320 cxxbridge1$string$len + 367484
6   chromedriver                        0x000000010459f534 cxxbridge1$string$len + 363920
7   chromedriver                        0x0000000104594e14 cxxbridge1$string$len + 321136
8   chromedriver                        0x00000001045948b0 cxxbridge1$string$len + 319756
9   chromedriver                        0x00000001045d7bd0 cxxbridge1$string$len + 594988
10  chromedriver                        0x0000000104592f54 cxxbridge1$string$len + 313264
11  chromedriver                        0x0000000104593ba4 cxxbridge1$string$len + 316416
12  chromedriver                        0x0000000104ac21e8 cxxbridge1$str$ptr + 3427196
13  chromedriver                        0x0000000104ac552c cxxbridge1$str$ptr + 3440320
14  chromedriver                        0x0000000104aa960c cxxbridge1$str$ptr + 3325856
15  chromedriver                        0x0000000104ac5df0 cxxbridge1$str$ptr + 3442564
16  chromedriver                        0x0000000104a9a890 cxxbridge1$str$ptr + 3265060
17  chromedriver                        0x0000000104ae0898 cxxbridge1$str$ptr + 3551788
18  chromedriver                        0x0000000104ae0a14 cxxbridge1$str$ptr + 3552168
19  chromedriver                        0x0000000104aefb40 cxxbridge1$str$ptr + 3613908
20  libsystem_pthread.dylib             0x00000001960affa8 _pthread_start + 148
21  libsystem_pthread.dylib             0x00000001960aada0 thread_start + 8

2024-11-05 07:31:33,392 - INFO - 检查签入按钮状态
2024-11-05 07:31:33,431 - INFO - 检查签出按钮状态以决定是否点击签入按钮
2024-11-05 07:31:34,511 - ERROR - 点击 签入 按钮时出现异常: Message: element click intercepted: Element <button type="button" class="btn btn-danger" id="btnCheckIn" style="width: 80px;">...</button> is not clickable at point (738, 3). Other element would receive the click: <div class="k-overlay" style="display: block; z-index: 10002; opacity: 0.5;"></div>
  (Session info: chrome=130.0.6723.92)
Stacktrace:
0   chromedriver                        0x0000000104af7648 cxxbridge1$str$ptr + 3645404
1   chromedriver                        0x0000000104aefea8 cxxbridge1$str$ptr + 3614780
2   chromedriver                        0x000000010455c104 cxxbridge1$string$len + 88416
3   chromedriver                        0x00000001045a3a74 cxxbridge1$string$len + 381648
4   chromedriver                        0x00000001045a20dc cxxbridge1$string$len + 375096
5   chromedriver                        0x00000001045a0320 cxxbridge1$string$len + 367484
6   chromedriver                        0x000000010459f534 cxxbridge1$string$len + 363920
7   chromedriver                        0x0000000104594e14 cxxbridge1$string$len + 321136
8   chromedriver                        0x00000001045948b0 cxxbridge1$string$len + 319756
9   chromedriver                        0x00000001045d7bd0 cxxbridge1$string$len + 594988
10  chromedriver                        0x0000000104592f54 cxxbridge1$string$len + 313264
11  chromedriver                        0x0000000104593ba4 cxxbridge1$string$len + 316416
12  chromedriver                        0x0000000104ac21e8 cxxbridge1$str$ptr + 3427196
13  chromedriver                        0x0000000104ac552c cxxbridge1$str$ptr + 3440320
14  chromedriver                        0x0000000104aa960c cxxbridge1$str$ptr + 3325856
15  chromedriver                        0x0000000104ac5df0 cxxbridge1$str$ptr + 3442564
16  chromedriver                        0x0000000104a9a890 cxxbridge1$str$ptr + 3265060
17  chromedriver                        0x0000000104ae0898 cxxbridge1$str$ptr + 3551788
18  chromedriver                        0x0000000104ae0a14 cxxbridge1$str$ptr + 3552168
19  chromedriver                        0x0000000104aefb40 cxxbridge1$str$ptr + 3613908
20  libsystem_pthread.dylib             0x00000001960affa8 _pthread_start + 148
21  libsystem_pthread.dylib             0x00000001960aada0 thread_start + 8

2024-11-05 07:31:44,512 - INFO - 关闭浏览器
2024-11-05 07:32:59,480 - ERROR - Service process refused to terminate gracefully with SIGTERM, escalating to SIGKILL.
Traceback (most recent call last):
  File "/opt/anaconda3/envs/oa/lib/python3.10/site-packages/selenium/webdriver/common/service.py", line 172, in _terminate_process
    self.process.wait(60)
  File "/opt/anaconda3/envs/oa/lib/python3.10/subprocess.py", line 1209, in wait
    return self._wait(timeout=timeout)
  File "/opt/anaconda3/envs/oa/lib/python3.10/subprocess.py", line 1951, in _wait
    raise TimeoutExpired(self.args, timeout)
subprocess.TimeoutExpired: Command '['/Users/ina.h/.wdm/drivers/chromedriver/mac64/130.0.6723.91/chromedriver-mac-arm64/chromedriver', '--port=50119']' timed out after 60 seconds
2024-11-05 12:00:18,542 - INFO - ====== WebDriver manager ======
2024-11-05 12:00:19,343 - INFO - Get LATEST chromedriver version for google-chrome
2024-11-05 12:00:19,768 - INFO - Get LATEST chromedriver version for google-chrome
2024-11-06 07:30:16,245 - INFO - ====== WebDriver manager ======
2024-11-06 07:30:16,659 - INFO - Get LATEST chromedriver version for google-chrome
2024-11-06 07:30:16,995 - INFO - Get LATEST chromedriver version for google-chrome
2024-11-06 07:30:17,331 - INFO - There is no [mac64] chromedriver "130.0.6723.93" for browser google-chrome "130.0.6723" in cache
2024-11-06 07:30:17,350 - INFO - Get LATEST chromedriver version for google-chrome
2024-11-06 07:30:18,256 - INFO - WebDriver version 130.0.6723.93 selected
2024-11-06 07:30:18,258 - INFO - Modern chrome version https://storage.googleapis.com/chrome-for-testing-public/130.0.6723.93/mac-arm64/chromedriver-mac-arm64.zip
2024-11-06 07:30:18,258 - INFO - About to download new driver from https://storage.googleapis.com/chrome-for-testing-public/130.0.6723.93/mac-arm64/chromedriver-mac-arm64.zip
2024-11-06 07:30:18,582 - INFO - Driver downloading response is 200
2024-11-06 07:30:19,994 - INFO - Get LATEST chromedriver version for google-chrome
2024-11-06 07:30:20,496 - INFO - Driver has been saved in cache [/Users/ina.h/.wdm/drivers/chromedriver/mac64/130.0.6723.93]
2024-11-06 07:30:22,009 - INFO - 打开网址: https://myoa.omenow.com/Schedule/MySchedule/
2024-11-06 07:30:24,175 - INFO - 输入用户名和密码
2024-11-06 07:30:24,281 - INFO - 点击登录按钮
2024-11-06 07:30:53,071 - INFO - 未找到弹窗或弹窗已经关闭
2024-11-06 07:30:53,072 - INFO - ---------------------------------------------------
2024-11-06 07:30:53,073 - INFO - 今天是工作日，执行签出签入流程。
2024-11-06 07:30:53,074 - INFO - 今天是星期2
2024-11-06 07:30:53,075 - INFO - 检查签出按钮状态
2024-11-06 07:30:53,156 - INFO - 签出 按钮已点击。
2024-11-06 07:30:58,212 - INFO - 签出 弹窗关闭按钮已点击。
2024-11-06 07:31:23,213 - INFO - 检查签入按钮状态
2024-11-06 07:31:23,246 - INFO - 检查签出按钮状态以决定是否点击签入按钮
2024-11-06 07:31:23,303 - INFO - 签入 按钮已点击。
2024-11-06 07:31:28,373 - INFO - 签入 弹窗关闭按钮已点击。
2024-11-06 07:31:38,376 - INFO - 关闭浏览器
2024-11-06 12:00:16,557 - INFO - ====== WebDriver manager ======
2024-11-06 12:00:16,873 - INFO - Get LATEST chromedriver version for google-chrome
2024-11-06 12:00:17,298 - INFO - Get LATEST chromedriver version for google-chrome
2024-11-06 12:00:17,661 - INFO - Driver [/Users/ina.h/.wdm/drivers/chromedriver/mac64/130.0.6723.93/chromedriver-mac-arm64/chromedriver] found in cache
2024-11-06 12:00:19,092 - INFO - 打开网址: https://myoa.omenow.com/Schedule/MySchedule/
2024-11-06 12:00:24,568 - INFO - 输入用户名和密码
2024-11-06 12:00:24,698 - INFO - 点击登录按钮
2024-11-06 12:00:52,018 - INFO - 未找到弹窗或弹窗已经关闭
2024-11-06 12:00:52,025 - INFO - ---------------------------------------------------
2024-11-06 12:00:52,026 - INFO - 今天是工作日，执行签出签入流程。
2024-11-06 12:00:52,026 - INFO - 今天是星期2
2024-11-06 12:00:52,026 - INFO - 检查签出按钮状态
2024-11-06 12:00:52,095 - INFO - 签出 按钮已点击。
2024-11-06 12:00:57,171 - INFO - 签出 弹窗关闭按钮已点击。
2024-11-06 12:01:22,185 - INFO - 检查签入按钮状态
2024-11-06 12:01:22,238 - INFO - 检查签出按钮状态以决定是否点击签入按钮
2024-11-06 12:01:22,276 - INFO - 签入 按钮已点击。
2024-11-06 12:01:27,346 - INFO - 签入 弹窗关闭按钮已点击。
2024-11-06 12:01:37,347 - INFO - 关闭浏览器
2024-11-07 07:30:18,106 - INFO - ====== WebDriver manager ======
2024-11-07 07:30:23,382 - INFO - Get LATEST chromedriver version for google-chrome
2024-11-07 07:30:42,381 - INFO - ====== WebDriver manager ======
2024-11-07 07:30:42,481 - INFO - Get LATEST chromedriver version for google-chrome
2024-11-07 07:30:51,736 - INFO - ====== WebDriver manager ======
2024-11-07 07:30:51,818 - INFO - Get LATEST chromedriver version for google-chrome
2024-11-07 07:30:52,220 - INFO - Get LATEST chromedriver version for google-chrome
2024-11-07 07:30:52,604 - INFO - There is no [mac64] chromedriver "130.0.6723.116" for browser google-chrome "130.0.6723" in cache
2024-11-07 07:30:52,634 - INFO - Get LATEST chromedriver version for google-chrome
2024-11-07 07:30:53,346 - INFO - WebDriver version 130.0.6723.116 selected
2024-11-07 07:30:53,347 - INFO - Modern chrome version https://storage.googleapis.com/chrome-for-testing-public/130.0.6723.116/mac-arm64/chromedriver-mac-arm64.zip
2024-11-07 07:30:53,347 - INFO - About to download new driver from https://storage.googleapis.com/chrome-for-testing-public/130.0.6723.116/mac-arm64/chromedriver-mac-arm64.zip
2024-11-07 07:30:53,914 - INFO - Driver downloading response is 200
2024-11-07 07:30:54,670 - INFO - Get LATEST chromedriver version for google-chrome
2024-11-07 07:30:55,153 - INFO - Driver has been saved in cache [/Users/ina.h/.wdm/drivers/chromedriver/mac64/130.0.6723.116]
2024-11-07 07:30:56,789 - INFO - 打开网址: https://myoa.omenow.com/Schedule/MySchedule/
2024-11-07 07:30:58,880 - INFO - 输入用户名和密码
2024-11-07 07:30:58,965 - INFO - 点击登录按钮
2024-11-07 07:31:24,581 - INFO - 未找到弹窗或弹窗已经关闭
2024-11-07 07:31:24,583 - INFO - ---------------------------------------------------
2024-11-07 07:31:24,583 - INFO - 今天是工作日，执行签出签入流程。
2024-11-07 07:31:24,584 - INFO - 今天是星期3
2024-11-07 07:31:24,584 - INFO - 检查签出按钮状态
2024-11-07 07:31:24,656 - INFO - 签出 按钮已点击。
2024-11-07 07:31:29,718 - INFO - 签出 弹窗关闭按钮已点击。
2024-11-07 07:31:54,725 - INFO - 检查签入按钮状态
2024-11-07 07:31:54,772 - INFO - 检查签出按钮状态以决定是否点击签入按钮
2024-11-07 07:31:54,810 - INFO - 签入 按钮已点击。
2024-11-07 07:31:59,883 - INFO - 签入 弹窗关闭按钮已点击。
2024-11-07 07:32:09,889 - INFO - 关闭浏览器
2024-11-07 07:33:22,291 - ERROR - Service process refused to terminate gracefully with SIGTERM, escalating to SIGKILL.
Traceback (most recent call last):
  File "/opt/anaconda3/envs/oa/lib/python3.10/site-packages/selenium/webdriver/common/service.py", line 172, in _terminate_process
    self.process.wait(60)
  File "/opt/anaconda3/envs/oa/lib/python3.10/subprocess.py", line 1209, in wait
    return self._wait(timeout=timeout)
  File "/opt/anaconda3/envs/oa/lib/python3.10/subprocess.py", line 1951, in _wait
    raise TimeoutExpired(self.args, timeout)
subprocess.TimeoutExpired: Command '['/Users/ina.h/.wdm/drivers/chromedriver/mac64/130.0.6723.116/chromedriver-mac-arm64/chromedriver', '--port=58408']' timed out after 60 seconds
2024-11-07 12:00:19,662 - INFO - ====== WebDriver manager ======
2024-11-07 12:00:24,965 - INFO - Get LATEST chromedriver version for google-chrome
2024-11-07 12:01:34,148 - INFO - ====== WebDriver manager ======
2024-11-07 12:01:34,270 - INFO - Get LATEST chromedriver version for google-chrome
2024-11-07 12:01:34,510 - INFO - Get LATEST chromedriver version for google-chrome
2024-11-07 12:01:34,790 - INFO - Driver [/Users/ina.h/.wdm/drivers/chromedriver/mac64/130.0.6723.116/chromedriver-mac-arm64/chromedriver] found in cache
2024-11-07 12:01:36,429 - INFO - 打开网址: https://myoa.omenow.com/Schedule/MySchedule/
2024-11-07 12:01:42,953 - INFO - 输入用户名和密码
2024-11-07 12:01:43,083 - INFO - 点击登录按钮
2024-11-07 12:02:10,373 - INFO - 未找到弹窗或弹窗已经关闭
2024-11-07 12:02:10,376 - INFO - ---------------------------------------------------
2024-11-07 12:02:10,376 - INFO - 今天是工作日，执行签出签入流程。
2024-11-07 12:02:10,376 - INFO - 今天是星期3
2024-11-07 12:02:10,376 - INFO - 检查签出按钮状态
2024-11-07 12:02:10,441 - INFO - 签出 按钮已点击。
2024-11-07 12:02:15,513 - INFO - 签出 弹窗关闭按钮已点击。
2024-11-07 12:02:40,522 - INFO - 检查签入按钮状态
2024-11-07 12:02:40,573 - INFO - 检查签出按钮状态以决定是否点击签入按钮
2024-11-07 12:02:40,612 - INFO - 签入 按钮已点击。
2024-11-07 12:02:45,678 - INFO - 签入 弹窗关闭按钮已点击。
2024-11-07 12:02:55,680 - INFO - 关闭浏览器
2024-11-07 12:04:10,751 - ERROR - Service process refused to terminate gracefully with SIGTERM, escalating to SIGKILL.
Traceback (most recent call last):
  File "/opt/anaconda3/envs/oa/lib/python3.10/site-packages/selenium/webdriver/common/service.py", line 172, in _terminate_process
    self.process.wait(60)
  File "/opt/anaconda3/envs/oa/lib/python3.10/subprocess.py", line 1209, in wait
    return self._wait(timeout=timeout)
  File "/opt/anaconda3/envs/oa/lib/python3.10/subprocess.py", line 1951, in _wait
    raise TimeoutExpired(self.args, timeout)
subprocess.TimeoutExpired: Command '['/Users/ina.h/.wdm/drivers/chromedriver/mac64/130.0.6723.116/chromedriver-mac-arm64/chromedriver', '--port=59592']' timed out after 60 seconds
2024-11-08 07:30:19,455 - INFO - ====== WebDriver manager ======
2024-11-08 07:30:25,042 - INFO - Get LATEST chromedriver version for google-chrome
2024-11-08 07:30:25,313 - INFO - Get LATEST chromedriver version for google-chrome
2024-11-08 07:30:25,634 - INFO - Get LATEST chromedriver version for google-chrome
2024-11-08 07:30:26,275 - INFO - WebDriver version 130.0.6723.116 selected
2024-11-08 07:30:26,278 - INFO - Modern chrome version https://storage.googleapis.com/chrome-for-testing-public/130.0.6723.116/mac-arm64/chromedriver-mac-arm64.zip
2024-11-08 07:30:26,278 - INFO - About to download new driver from https://storage.googleapis.com/chrome-for-testing-public/130.0.6723.116/mac-arm64/chromedriver-mac-arm64.zip
2024-11-08 07:30:26,564 - INFO - Driver downloading response is 200
2024-11-08 07:30:27,452 - INFO - Get LATEST chromedriver version for google-chrome
2024-11-08 07:30:27,855 - INFO - Driver has been saved in cache [/Users/ina.h/.wdm/drivers/chromedriver/mac64/130.0.6723.116]
2024-11-08 07:30:29,285 - INFO - 打开网址: https://myoa.omenow.com/Schedule/MySchedule/
2024-11-08 07:30:34,662 - INFO - 输入用户名和密码
2024-11-08 07:30:34,798 - INFO - 点击登录按钮
2024-11-08 07:31:01,619 - INFO - 未找到弹窗或弹窗已经关闭
2024-11-08 07:31:01,622 - INFO - ---------------------------------------------------
2024-11-08 07:31:01,623 - INFO - 今天是工作日，执行签出签入流程。
2024-11-08 07:31:01,623 - INFO - 今天是星期4
2024-11-08 07:31:01,623 - INFO - 检查签出按钮状态
2024-11-08 07:31:01,695 - INFO - 签出 按钮已点击。
2024-11-08 07:31:06,773 - INFO - 签出 弹窗关闭按钮已点击。
2024-11-08 07:31:31,778 - INFO - 检查签入按钮状态
2024-11-08 07:31:31,825 - INFO - 检查签出按钮状态以决定是否点击签入按钮
2024-11-08 07:31:31,866 - INFO - 签入 按钮已点击。
2024-11-08 07:31:36,940 - INFO - 签入 弹窗关闭按钮已点击。
2024-11-08 07:31:46,941 - INFO - 关闭浏览器
2024-11-08 07:33:01,989 - ERROR - Service process refused to terminate gracefully with SIGTERM, escalating to SIGKILL.
Traceback (most recent call last):
  File "/opt/anaconda3/envs/oa/lib/python3.10/site-packages/selenium/webdriver/common/service.py", line 172, in _terminate_process
    self.process.wait(60)
  File "/opt/anaconda3/envs/oa/lib/python3.10/subprocess.py", line 1209, in wait
    return self._wait(timeout=timeout)
  File "/opt/anaconda3/envs/oa/lib/python3.10/subprocess.py", line 1951, in _wait
    raise TimeoutExpired(self.args, timeout)
subprocess.TimeoutExpired: Command '['/Users/ina.h/.wdm/drivers/chromedriver/mac64/130.0.6723.116/chromedriver-mac-arm64/chromedriver', '--port=54272']' timed out after 60 seconds
2024-11-08 12:00:18,468 - INFO - ====== WebDriver manager ======
2024-11-08 12:00:23,458 - INFO - Get LATEST chromedriver version for google-chrome
2024-11-08 12:00:23,751 - INFO - Get LATEST chromedriver version for google-chrome
2024-11-08 12:00:24,009 - INFO - Driver [/Users/ina.h/.wdm/drivers/chromedriver/mac64/130.0.6723.116/chromedriver-mac-arm64/chromedriver] found in cache
2024-11-08 12:00:25,558 - INFO - 打开网址: https://myoa.omenow.com/Schedule/MySchedule/
2024-11-08 12:01:25,699 - ERROR - 发生异常: Message: unknown error: net::ERR_CONNECTION_RESET
  (Session info: chrome=130.0.6723.117)
Stacktrace:
0   chromedriver                        0x0000000104de55dc cxxbridge1$str$ptr + 3653648
1   chromedriver                        0x0000000104ddde3c cxxbridge1$str$ptr + 3623024
2   chromedriver                        0x0000000104848100 cxxbridge1$string$len + 88404
3   chromedriver                        0x0000000104841514 cxxbridge1$string$len + 60776
4   chromedriver                        0x0000000104833920 cxxbridge1$string$len + 4468
5   chromedriver                        0x0000000104835300 cxxbridge1$string$len + 11092
6   chromedriver                        0x0000000104833ccc cxxbridge1$string$len + 5408
7   chromedriver                        0x0000000104833548 cxxbridge1$string$len + 3484
8   chromedriver                        0x0000000104833494 cxxbridge1$string$len + 3304
9   chromedriver                        0x0000000104831844 core::str::slice_error_fail::h1cab30ac4b13c655 + 60316
10  chromedriver                        0x0000000104831dd8 core::str::slice_error_fail::h1cab30ac4b13c655 + 61744
11  chromedriver                        0x000000010484a5c0 cxxbridge1$string$len + 97812
12  chromedriver                        0x00000001048c4550 cxxbridge1$string$len + 597412
13  chromedriver                        0x00000001048c3ba8 cxxbridge1$string$len + 594940
14  chromedriver                        0x000000010487f0fc cxxbridge1$string$len + 313680
15  chromedriver                        0x000000010487fd4c cxxbridge1$string$len + 316832
16  chromedriver                        0x0000000104db064c cxxbridge1$str$ptr + 3436672
17  chromedriver                        0x0000000104db3988 cxxbridge1$str$ptr + 3449788
18  chromedriver                        0x0000000104d97a5c cxxbridge1$str$ptr + 3335312
19  chromedriver                        0x0000000104db424c cxxbridge1$str$ptr + 3452032
20  chromedriver                        0x0000000104d88ce8 cxxbridge1$str$ptr + 3274524
21  chromedriver                        0x0000000104dce9dc cxxbridge1$str$ptr + 3560464
22  chromedriver                        0x0000000104dceb58 cxxbridge1$str$ptr + 3560844
23  chromedriver                        0x0000000104dddad4 cxxbridge1$str$ptr + 3622152
24  libsystem_pthread.dylib             0x00000001960affa8 _pthread_start + 148
25  libsystem_pthread.dylib             0x00000001960aada0 thread_start + 8

2024-11-08 12:01:25,699 - INFO - 关闭浏览器
2024-11-08 12:19:44,768 - INFO - ====== WebDriver manager ======
2024-11-08 12:19:44,863 - INFO - Get LATEST chromedriver version for google-chrome
2024-11-08 12:19:45,114 - INFO - Get LATEST chromedriver version for google-chrome
2024-11-08 12:19:45,385 - INFO - Driver [/Users/ina.h/.wdm/drivers/chromedriver/mac64/130.0.6723.116/chromedriver-mac-arm64/chromedriver] found in cache
2024-11-08 12:19:46,643 - INFO - 打开网址: https://myoa.omenow.com/Schedule/MySchedule/
2024-11-08 12:19:51,628 - INFO - 输入用户名和密码
2024-11-08 12:19:51,710 - INFO - 点击登录按钮
2024-11-08 12:20:18,765 - INFO - 未找到弹窗或弹窗已经关闭
2024-11-08 12:20:18,766 - INFO - ---------------------------------------------------
2024-11-08 12:20:18,766 - INFO - 今天是工作日，执行签出签入流程。
2024-11-08 12:20:18,766 - INFO - 今天是星期4
2024-11-08 12:20:18,766 - INFO - 检查签出按钮状态
2024-11-08 12:20:18,837 - INFO - 签出 按钮已点击。
2024-11-08 12:20:23,912 - INFO - 签出 弹窗关闭按钮已点击。
2024-11-08 12:20:48,922 - INFO - 检查签入按钮状态
2024-11-08 12:20:48,972 - INFO - 检查签出按钮状态以决定是否点击签入按钮
2024-11-08 12:20:49,013 - INFO - 签入 按钮已点击。
2024-11-08 12:20:54,091 - INFO - 签入 弹窗关闭按钮已点击。
2024-11-08 12:21:04,092 - INFO - 关闭浏览器
2024-11-08 12:22:18,013 - ERROR - Service process refused to terminate gracefully with SIGTERM, escalating to SIGKILL.
Traceback (most recent call last):
  File "/opt/anaconda3/envs/oa/lib/python3.10/site-packages/selenium/webdriver/common/service.py", line 172, in _terminate_process
    self.process.wait(60)
  File "/opt/anaconda3/envs/oa/lib/python3.10/subprocess.py", line 1209, in wait
    return self._wait(timeout=timeout)
  File "/opt/anaconda3/envs/oa/lib/python3.10/subprocess.py", line 1951, in _wait
    raise TimeoutExpired(self.args, timeout)
subprocess.TimeoutExpired: Command '['/Users/ina.h/.wdm/drivers/chromedriver/mac64/130.0.6723.116/chromedriver-mac-arm64/chromedriver', '--port=54303']' timed out after 60 seconds
2024-11-09 13:31:03,371 - INFO - Current time: 2024-11-09 13:31:03
2024-11-09 13:32:04,649 - ERROR - Service process refused to terminate gracefully with SIGTERM, escalating to SIGKILL.
Traceback (most recent call last):
  File "/opt/anaconda3/envs/oa/lib/python3.10/site-packages/selenium/webdriver/chromium/webdriver.py", line 66, in __init__
    super().__init__(command_executor=executor, options=options)
  File "/opt/anaconda3/envs/oa/lib/python3.10/site-packages/selenium/webdriver/remote/webdriver.py", line 212, in __init__
    self.start_session(capabilities)
  File "/opt/anaconda3/envs/oa/lib/python3.10/site-packages/selenium/webdriver/remote/webdriver.py", line 299, in start_session
    response = self.execute(Command.NEW_SESSION, caps)["value"]
  File "/opt/anaconda3/envs/oa/lib/python3.10/site-packages/selenium/webdriver/remote/webdriver.py", line 354, in execute
    self.error_handler.check_response(response)
  File "/opt/anaconda3/envs/oa/lib/python3.10/site-packages/selenium/webdriver/remote/errorhandler.py", line 229, in check_response
    raise exception_class(message, screen, stacktrace)
selenium.common.exceptions.SessionNotCreatedException: Message: session not created: This version of ChromeDriver only supports Chrome version 128
Current browser version is 130.0.6723.117 with binary path /Applications/Google Chrome.app/Contents/MacOS/Google Chrome
Stacktrace:
0   chromedriver                        0x0000000102587988 cxxbridge1$str$ptr + 1887096
1   chromedriver                        0x000000010257fdf0 cxxbridge1$str$ptr + 1855456
2   chromedriver                        0x0000000102184be0 cxxbridge1$string$len + 89508
3   chromedriver                        0x00000001021baa68 cxxbridge1$string$len + 310316
4   chromedriver                        0x00000001021b9cb4 cxxbridge1$string$len + 306808
5   chromedriver                        0x00000001021b59a0 cxxbridge1$string$len + 289636
6   chromedriver                        0x00000001021b1e58 cxxbridge1$string$len + 274460
7   chromedriver                        0x00000001021f29f4 cxxbridge1$string$len + 539576
8   chromedriver                        0x00000001021bda08 cxxbridge1$string$len + 322508
9   chromedriver                        0x00000001021be66c cxxbridge1$string$len + 325680
10  chromedriver                        0x000000010254e048 cxxbridge1$str$ptr + 1651256
11  chromedriver                        0x000000010255297c cxxbridge1$str$ptr + 1669996
12  chromedriver                        0x00000001025331dc cxxbridge1$str$ptr + 1541068
13  chromedriver                        0x000000010255324c cxxbridge1$str$ptr + 1672252
14  chromedriver                        0x00000001025247f0 cxxbridge1$str$ptr + 1481184
15  chromedriver                        0x00000001025710e8 cxxbridge1$str$ptr + 1794776
16  chromedriver                        0x0000000102571264 cxxbridge1$str$ptr + 1795156
17  chromedriver                        0x000000010257fa8c cxxbridge1$str$ptr + 1854588
18  libsystem_pthread.dylib             0x00000001960affa8 _pthread_start + 148
19  libsystem_pthread.dylib             0x00000001960aada0 thread_start + 8


During handling of the above exception, another exception occurred:

Traceback (most recent call last):
  File "/opt/anaconda3/envs/oa/lib/python3.10/site-packages/selenium/webdriver/common/service.py", line 172, in _terminate_process
    self.process.wait(60)
  File "/opt/anaconda3/envs/oa/lib/python3.10/subprocess.py", line 1209, in wait
    return self._wait(timeout=timeout)
  File "/opt/anaconda3/envs/oa/lib/python3.10/subprocess.py", line 1951, in _wait
    raise TimeoutExpired(self.args, timeout)
subprocess.TimeoutExpired: Command '['/usr/local/bin/chromedriver', '--port=60460']' timed out after 60 seconds
2024-11-11 07:30:19,812 - INFO - ====== WebDriver manager ======
2024-11-11 07:30:19,896 - INFO - Get LATEST chromedriver version for google-chrome
2024-11-11 07:30:20,247 - INFO - Get LATEST chromedriver version for google-chrome
2024-11-11 07:30:20,677 - INFO - Get LATEST chromedriver version for google-chrome
2024-11-11 07:30:21,622 - INFO - WebDriver version 130.0.6723.116 selected
2024-11-11 07:30:21,626 - INFO - Modern chrome version https://storage.googleapis.com/chrome-for-testing-public/130.0.6723.116/mac-arm64/chromedriver-mac-arm64.zip
2024-11-11 07:30:21,626 - INFO - About to download new driver from https://storage.googleapis.com/chrome-for-testing-public/130.0.6723.116/mac-arm64/chromedriver-mac-arm64.zip
2024-11-11 07:30:22,094 - INFO - Driver downloading response is 200
2024-11-11 07:30:25,061 - INFO - Get LATEST chromedriver version for google-chrome
2024-11-11 07:30:25,588 - INFO - Driver has been saved in cache [/Users/ina.h/.wdm/drivers/chromedriver/mac64/130.0.6723.116]
2024-11-11 07:30:47,771 - INFO - ====== WebDriver manager ======
2024-11-11 07:30:47,849 - INFO - Get LATEST chromedriver version for google-chrome
2024-11-11 07:30:48,265 - INFO - Get LATEST chromedriver version for google-chrome
2024-11-11 07:30:48,616 - INFO - Driver [/Users/ina.h/.wdm/drivers/chromedriver/mac64/130.0.6723.116/chromedriver-mac-arm64/chromedriver] found in cache
2024-11-11 07:31:07,130 - INFO - ====== WebDriver manager ======
2024-11-11 07:31:07,202 - INFO - Get LATEST chromedriver version for google-chrome
2024-11-11 07:31:07,559 - INFO - Get LATEST chromedriver version for google-chrome
2024-11-11 07:31:07,967 - INFO - Driver [/Users/ina.h/.wdm/drivers/chromedriver/mac64/130.0.6723.116/chromedriver-mac-arm64/chromedriver] found in cache
2024-11-11 07:31:13,522 - INFO - ====== WebDriver manager ======
2024-11-11 07:31:13,595 - INFO - Get LATEST chromedriver version for google-chrome
2024-11-11 07:31:13,914 - INFO - Get LATEST chromedriver version for google-chrome
2024-11-11 07:31:14,387 - INFO - Driver [/Users/ina.h/.wdm/drivers/chromedriver/mac64/130.0.6723.116/chromedriver-mac-arm64/chromedriver] found in cache
2024-11-11 09:25:16,706 - INFO - ====== WebDriver manager ======
2024-11-11 09:25:16,789 - INFO - Get LATEST chromedriver version for google-chrome
2024-11-11 09:25:17,217 - INFO - Get LATEST chromedriver version for google-chrome
2024-11-11 09:25:17,695 - INFO - Driver [/Users/ina.h/.wdm/drivers/chromedriver/mac64/130.0.6723.116/chromedriver-mac-arm64/chromedriver] found in cache
2024-11-11 12:00:18,864 - INFO - ====== WebDriver manager ======
2024-11-11 12:00:18,934 - INFO - Get LATEST chromedriver version for google-chrome
2024-11-11 12:00:19,350 - INFO - Get LATEST chromedriver version for google-chrome
2024-11-11 12:00:19,839 - INFO - Driver [/Users/ina.h/.wdm/drivers/chromedriver/mac64/130.0.6723.116/chromedriver-mac-arm64/chromedriver] found in cache
2024-11-11 12:01:49,649 - INFO - ====== WebDriver manager ======
2024-11-11 12:01:49,722 - INFO - Get LATEST chromedriver version for google-chrome
2024-11-11 12:01:49,994 - INFO - Get LATEST chromedriver version for google-chrome
2024-11-11 12:01:50,278 - INFO - Driver [/Users/ina.h/.wdm/drivers/chromedriver/mac64/130.0.6723.116/chromedriver-mac-arm64/chromedriver] found in cache
2024-11-12 07:30:16,214 - INFO - ====== WebDriver manager ======
2024-11-12 07:30:16,339 - INFO - Get LATEST chromedriver version for google-chrome
2024-11-12 07:30:16,742 - INFO - Get LATEST chromedriver version for google-chrome
2024-11-12 07:30:17,149 - INFO - Get LATEST chromedriver version for google-chrome
2024-11-12 07:30:17,794 - INFO - WebDriver version 130.0.6723.116 selected
2024-11-12 07:30:17,796 - INFO - Modern chrome version https://storage.googleapis.com/chrome-for-testing-public/130.0.6723.116/mac-arm64/chromedriver-mac-arm64.zip
2024-11-12 07:30:17,796 - INFO - About to download new driver from https://storage.googleapis.com/chrome-for-testing-public/130.0.6723.116/mac-arm64/chromedriver-mac-arm64.zip
2024-11-12 07:30:18,491 - INFO - Driver downloading response is 200
2024-11-12 07:30:19,508 - INFO - Get LATEST chromedriver version for google-chrome
2024-11-12 07:30:20,107 - INFO - Driver has been saved in cache [/Users/ina.h/.wdm/drivers/chromedriver/mac64/130.0.6723.116]
2024-11-12 07:30:21,207 - INFO - 打开网址: https://myoa.omenow.com/Schedule/MySchedule/
2024-11-12 07:30:23,748 - INFO - 输入用户名和密码
2024-11-12 07:30:23,828 - INFO - 点击登录按钮
2024-11-12 07:30:50,807 - INFO - 未找到弹窗或弹窗已经关闭
2024-11-12 07:30:50,808 - INFO - ---------------------------------------------------
2024-11-12 07:30:50,808 - INFO - 今天是工作日，执行签出签入流程。
2024-11-12 07:30:50,809 - INFO - 今天是星期1
2024-11-12 07:30:50,809 - INFO - 检查签出按钮状态
2024-11-12 07:30:50,872 - INFO - 签出 按钮已点击。
2024-11-12 07:30:55,945 - INFO - 签出 弹窗关闭按钮已点击。
2024-11-12 07:31:20,954 - INFO - 检查签入按钮状态
2024-11-12 07:31:21,002 - INFO - 检查签出按钮状态以决定是否点击签入按钮
2024-11-12 07:31:21,041 - INFO - 签入 按钮已点击。
2024-11-12 07:31:26,111 - INFO - 签入 弹窗关闭按钮已点击。
2024-11-12 07:31:36,113 - INFO - 关闭浏览器
2024-11-12 12:00:16,053 - INFO - ====== WebDriver manager ======
2024-11-12 12:00:16,126 - INFO - Get LATEST chromedriver version for google-chrome
2024-11-12 12:00:16,596 - INFO - Get LATEST chromedriver version for google-chrome
2024-11-12 12:00:17,082 - INFO - Driver [/Users/ina.h/.wdm/drivers/chromedriver/mac64/130.0.6723.116/chromedriver-mac-arm64/chromedriver] found in cache
2024-11-12 12:00:18,226 - INFO - 打开网址: https://myoa.omenow.com/Schedule/MySchedule/
2024-11-12 12:00:23,515 - INFO - 输入用户名和密码
2024-11-12 12:00:23,622 - INFO - 点击登录按钮
2024-11-12 12:00:51,348 - INFO - 未找到弹窗或弹窗已经关闭
2024-11-12 12:00:51,353 - INFO - ---------------------------------------------------
2024-11-12 12:00:51,353 - INFO - 今天是工作日，执行签出签入流程。
2024-11-12 12:00:51,353 - INFO - 今天是星期1
2024-11-12 12:00:51,353 - INFO - 检查签出按钮状态
2024-11-12 12:00:51,421 - INFO - 签出 按钮已点击。
2024-11-12 12:00:56,501 - INFO - 签出 弹窗关闭按钮已点击。
2024-11-12 12:01:21,520 - INFO - 检查签入按钮状态
2024-11-12 12:01:21,559 - INFO - 检查签出按钮状态以决定是否点击签入按钮
2024-11-12 12:01:21,616 - INFO - 签入 按钮已点击。
2024-11-12 12:01:26,692 - INFO - 签入 弹窗关闭按钮已点击。
2024-11-12 12:01:36,704 - INFO - 关闭浏览器
2024-11-12 12:02:50,090 - ERROR - Service process refused to terminate gracefully with SIGTERM, escalating to SIGKILL.
Traceback (most recent call last):
  File "/opt/anaconda3/envs/oa/lib/python3.10/site-packages/selenium/webdriver/common/service.py", line 172, in _terminate_process
    self.process.wait(60)
  File "/opt/anaconda3/envs/oa/lib/python3.10/subprocess.py", line 1209, in wait
    return self._wait(timeout=timeout)
  File "/opt/anaconda3/envs/oa/lib/python3.10/subprocess.py", line 1951, in _wait
    raise TimeoutExpired(self.args, timeout)
subprocess.TimeoutExpired: Command '['/Users/ina.h/.wdm/drivers/chromedriver/mac64/130.0.6723.116/chromedriver-mac-arm64/chromedriver', '--port=53782']' timed out after 60 seconds
2024-11-13 07:30:16,742 - INFO - ====== WebDriver manager ======
2024-11-13 07:30:16,820 - INFO - Get LATEST chromedriver version for google-chrome
2024-11-13 07:30:17,597 - INFO - Get LATEST chromedriver version for google-chrome
2024-11-13 07:30:18,454 - INFO - Get LATEST chromedriver version for google-chrome
2024-11-13 07:30:20,428 - INFO - WebDriver version 130.0.6723.116 selected
2024-11-13 07:30:20,431 - INFO - Modern chrome version https://storage.googleapis.com/chrome-for-testing-public/130.0.6723.116/mac-arm64/chromedriver-mac-arm64.zip
2024-11-13 07:30:20,431 - INFO - About to download new driver from https://storage.googleapis.com/chrome-for-testing-public/130.0.6723.116/mac-arm64/chromedriver-mac-arm64.zip
2024-11-13 07:30:21,625 - INFO - Driver downloading response is 200
2024-11-13 07:30:23,410 - INFO - Get LATEST chromedriver version for google-chrome
2024-11-13 07:30:24,548 - INFO - Driver has been saved in cache [/Users/ina.h/.wdm/drivers/chromedriver/mac64/130.0.6723.116]
2024-11-13 07:30:25,693 - INFO - 打开网址: https://myoa.omenow.com/Schedule/MySchedule/
2024-11-13 07:30:30,109 - INFO - 输入用户名和密码
2024-11-13 07:30:30,214 - INFO - 点击登录按钮
2024-11-13 07:30:57,912 - INFO - 未找到弹窗或弹窗已经关闭
2024-11-13 07:30:57,912 - INFO - ---------------------------------------------------
2024-11-13 07:30:57,912 - INFO - 今天是工作日，执行签出签入流程。
2024-11-13 07:30:57,913 - INFO - 今天是星期2
2024-11-13 07:30:57,913 - INFO - 检查签出按钮状态
2024-11-13 07:30:57,975 - INFO - 签出 按钮已点击。
2024-11-13 07:31:03,049 - INFO - 签出 弹窗关闭按钮已点击。
2024-11-13 07:31:28,066 - INFO - 检查签入按钮状态
2024-11-13 07:31:28,087 - INFO - 检查签出按钮状态以决定是否点击签入按钮
2024-11-13 07:31:28,143 - INFO - 签入 按钮已点击。
2024-11-13 07:31:33,214 - INFO - 签入 弹窗关闭按钮已点击。
2024-11-13 07:31:43,222 - INFO - 关闭浏览器
2024-11-13 07:32:57,239 - ERROR - Service process refused to terminate gracefully with SIGTERM, escalating to SIGKILL.
Traceback (most recent call last):
  File "/opt/anaconda3/envs/oa/lib/python3.10/site-packages/selenium/webdriver/common/service.py", line 172, in _terminate_process
    self.process.wait(60)
  File "/opt/anaconda3/envs/oa/lib/python3.10/subprocess.py", line 1209, in wait
    return self._wait(timeout=timeout)
  File "/opt/anaconda3/envs/oa/lib/python3.10/subprocess.py", line 1951, in _wait
    raise TimeoutExpired(self.args, timeout)
subprocess.TimeoutExpired: Command '['/Users/ina.h/.wdm/drivers/chromedriver/mac64/130.0.6723.116/chromedriver-mac-arm64/chromedriver', '--port=51035']' timed out after 60 seconds
2024-11-13 12:00:17,863 - INFO - ====== WebDriver manager ======
2024-11-13 12:00:17,939 - INFO - Get LATEST chromedriver version for google-chrome
2024-11-13 12:05:14,283 - INFO - ====== WebDriver manager ======
2024-11-13 12:05:14,357 - INFO - Get LATEST chromedriver version for google-chrome
2024-11-13 12:05:15,011 - INFO - Get LATEST chromedriver version for google-chrome
2024-11-13 12:05:15,610 - INFO - Driver [/Users/ina.h/.wdm/drivers/chromedriver/mac64/130.0.6723.116/chromedriver-mac-arm64/chromedriver] found in cache
2024-11-13 12:05:16,767 - INFO - 打开网址: https://myoa.omenow.com/Schedule/MySchedule/
2024-11-13 12:05:19,907 - INFO - 输入用户名和密码
2024-11-13 12:05:19,986 - INFO - 点击登录按钮
2024-11-13 12:05:47,732 - INFO - 未找到弹窗或弹窗已经关闭
2024-11-13 12:05:47,734 - INFO - ---------------------------------------------------
2024-11-13 12:05:47,735 - INFO - 今天是工作日，执行签出签入流程。
2024-11-13 12:05:47,735 - INFO - 今天是星期2
2024-11-13 12:05:47,735 - INFO - 检查签出按钮状态
2024-11-13 12:05:47,804 - INFO - 签出 按钮已点击。
2024-11-13 12:05:52,891 - INFO - 签出 弹窗关闭按钮已点击。
2024-11-13 12:06:17,901 - INFO - 检查签入按钮状态
2024-11-13 12:06:17,937 - INFO - 检查签出按钮状态以决定是否点击签入按钮
2024-11-13 12:06:17,995 - INFO - 签入 按钮已点击。
2024-11-13 12:06:23,061 - INFO - 签入 弹窗关闭按钮已点击。
2024-11-13 12:06:33,067 - INFO - 关闭浏览器
2024-11-13 12:07:48,132 - ERROR - Service process refused to terminate gracefully with SIGTERM, escalating to SIGKILL.
Traceback (most recent call last):
  File "/opt/anaconda3/envs/oa/lib/python3.10/site-packages/selenium/webdriver/common/service.py", line 172, in _terminate_process
    self.process.wait(60)
  File "/opt/anaconda3/envs/oa/lib/python3.10/subprocess.py", line 1209, in wait
    return self._wait(timeout=timeout)
  File "/opt/anaconda3/envs/oa/lib/python3.10/subprocess.py", line 1951, in _wait
    raise TimeoutExpired(self.args, timeout)
subprocess.TimeoutExpired: Command '['/Users/ina.h/.wdm/drivers/chromedriver/mac64/130.0.6723.116/chromedriver-mac-arm64/chromedriver', '--port=62054']' timed out after 60 seconds
2024-11-14 07:30:19,294 - INFO - ====== WebDriver manager ======
2024-11-14 07:30:19,391 - INFO - Get LATEST chromedriver version for google-chrome
2024-11-14 07:30:42,648 - INFO - ====== WebDriver manager ======
2024-11-14 07:30:42,721 - INFO - Get LATEST chromedriver version for google-chrome
2024-11-14 07:30:43,192 - INFO - Get LATEST chromedriver version for google-chrome
2024-11-14 07:30:43,615 - INFO - Get LATEST chromedriver version for google-chrome
2024-11-14 07:30:44,726 - INFO - WebDriver version 130.0.6723.116 selected
2024-11-14 07:30:44,728 - INFO - Modern chrome version https://storage.googleapis.com/chrome-for-testing-public/130.0.6723.116/mac-arm64/chromedriver-mac-arm64.zip
2024-11-14 07:30:44,728 - INFO - About to download new driver from https://storage.googleapis.com/chrome-for-testing-public/130.0.6723.116/mac-arm64/chromedriver-mac-arm64.zip
2024-11-14 07:30:45,749 - INFO - Driver downloading response is 200
2024-11-14 07:30:49,516 - INFO - Get LATEST chromedriver version for google-chrome
2024-11-14 07:30:50,090 - INFO - Driver has been saved in cache [/Users/ina.h/.wdm/drivers/chromedriver/mac64/130.0.6723.116]
2024-11-14 07:30:51,429 - INFO - 打开网址: https://myoa.omenow.com/Schedule/MySchedule/
2024-11-14 07:30:53,482 - INFO - 输入用户名和密码
2024-11-14 07:30:53,587 - INFO - 点击登录按钮
2024-11-14 07:31:21,243 - INFO - 未找到弹窗或弹窗已经关闭
2024-11-14 07:31:21,244 - INFO - ---------------------------------------------------
2024-11-14 07:31:21,244 - INFO - 今天是工作日，执行签出签入流程。
2024-11-14 07:31:21,244 - INFO - 今天是星期3
2024-11-14 07:31:21,244 - INFO - 检查签出按钮状态
2024-11-14 07:31:21,316 - INFO - 签出 按钮已点击。
2024-11-14 07:31:26,391 - INFO - 签出 弹窗关闭按钮已点击。
2024-11-14 07:31:51,400 - INFO - 检查签入按钮状态
2024-11-14 07:31:51,437 - INFO - 检查签出按钮状态以决定是否点击签入按钮
2024-11-14 07:31:51,480 - INFO - 签入 按钮已点击。
2024-11-14 07:31:56,540 - INFO - 签入 弹窗关闭按钮已点击。
2024-11-14 07:32:06,546 - INFO - 关闭浏览器
2024-11-14 07:33:21,602 - ERROR - Service process refused to terminate gracefully with SIGTERM, escalating to SIGKILL.
Traceback (most recent call last):
  File "/opt/anaconda3/envs/oa/lib/python3.10/site-packages/selenium/webdriver/common/service.py", line 172, in _terminate_process
    self.process.wait(60)
  File "/opt/anaconda3/envs/oa/lib/python3.10/subprocess.py", line 1209, in wait
    return self._wait(timeout=timeout)
  File "/opt/anaconda3/envs/oa/lib/python3.10/subprocess.py", line 1951, in _wait
    raise TimeoutExpired(self.args, timeout)
subprocess.TimeoutExpired: Command '['/Users/ina.h/.wdm/drivers/chromedriver/mac64/130.0.6723.116/chromedriver-mac-arm64/chromedriver', '--port=62633']' timed out after 60 seconds
2024-11-14 12:00:18,624 - INFO - ====== WebDriver manager ======
2024-11-14 12:00:18,703 - INFO - Get LATEST chromedriver version for google-chrome
2024-11-14 12:00:19,021 - INFO - Get LATEST chromedriver version for google-chrome
2024-11-14 12:00:19,273 - INFO - Driver [/Users/ina.h/.wdm/drivers/chromedriver/mac64/130.0.6723.116/chromedriver-mac-arm64/chromedriver] found in cache
2024-11-14 12:00:20,428 - INFO - 打开网址: https://myoa.omenow.com/Schedule/MySchedule/
2024-11-14 12:00:23,282 - INFO - 输入用户名和密码
2024-11-14 12:00:23,380 - INFO - 点击登录按钮
2024-11-14 12:00:51,071 - INFO - 未找到弹窗或弹窗已经关闭
2024-11-14 12:00:51,073 - INFO - ---------------------------------------------------
2024-11-14 12:00:51,073 - INFO - 今天是工作日，执行签出签入流程。
2024-11-14 12:00:51,073 - INFO - 今天是星期3
2024-11-14 12:00:51,074 - INFO - 检查签出按钮状态
2024-11-14 12:00:51,145 - INFO - 签出 按钮已点击。
2024-11-14 12:00:56,224 - INFO - 签出 弹窗关闭按钮已点击。
2024-11-14 12:01:21,244 - INFO - 检查签入按钮状态
2024-11-14 12:01:21,267 - INFO - 检查签出按钮状态以决定是否点击签入按钮
2024-11-14 12:01:21,326 - INFO - 签入 按钮已点击。
2024-11-14 12:01:26,401 - INFO - 签入 弹窗关闭按钮已点击。
2024-11-14 12:01:36,404 - INFO - 关闭浏览器
2024-11-14 12:02:51,769 - ERROR - Service process refused to terminate gracefully with SIGTERM, escalating to SIGKILL.
Traceback (most recent call last):
  File "/opt/anaconda3/envs/oa/lib/python3.10/site-packages/selenium/webdriver/common/service.py", line 172, in _terminate_process
    self.process.wait(60)
  File "/opt/anaconda3/envs/oa/lib/python3.10/subprocess.py", line 1209, in wait
    return self._wait(timeout=timeout)
  File "/opt/anaconda3/envs/oa/lib/python3.10/subprocess.py", line 1951, in _wait
    raise TimeoutExpired(self.args, timeout)
subprocess.TimeoutExpired: Command '['/Users/ina.h/.wdm/drivers/chromedriver/mac64/130.0.6723.116/chromedriver-mac-arm64/chromedriver', '--port=51598']' timed out after 60 seconds
2024-11-15 07:30:17,329 - INFO - ====== WebDriver manager ======
2024-11-15 07:30:17,408 - INFO - Get LATEST chromedriver version for google-chrome
2024-11-15 07:30:17,710 - INFO - Get LATEST chromedriver version for google-chrome
2024-11-15 07:30:18,039 - INFO - Get LATEST chromedriver version for google-chrome
2024-11-15 07:30:18,863 - INFO - WebDriver version 130.0.6723.116 selected
2024-11-15 07:30:18,865 - INFO - Modern chrome version https://storage.googleapis.com/chrome-for-testing-public/130.0.6723.116/mac-arm64/chromedriver-mac-arm64.zip
2024-11-15 07:30:18,865 - INFO - About to download new driver from https://storage.googleapis.com/chrome-for-testing-public/130.0.6723.116/mac-arm64/chromedriver-mac-arm64.zip
2024-11-15 07:30:19,191 - INFO - Driver downloading response is 200
2024-11-15 07:30:20,281 - INFO - Get LATEST chromedriver version for google-chrome
2024-11-15 07:30:20,703 - INFO - Driver has been saved in cache [/Users/ina.h/.wdm/drivers/chromedriver/mac64/130.0.6723.116]
2024-11-15 07:30:21,730 - INFO - 打开网址: https://myoa.omenow.com/Schedule/MySchedule/
2024-11-15 07:30:23,748 - INFO - 输入用户名和密码
2024-11-15 07:30:23,860 - INFO - 点击登录按钮
2024-11-15 07:30:51,725 - INFO - 未找到弹窗或弹窗已经关闭
2024-11-15 07:30:51,727 - INFO - ---------------------------------------------------
2024-11-15 07:30:51,727 - INFO - 今天是工作日，执行签出签入流程。
2024-11-15 07:30:51,729 - INFO - 今天是星期4
2024-11-15 07:30:51,729 - INFO - 检查签出按钮状态
2024-11-15 07:30:51,800 - INFO - 签出 按钮已点击。
2024-11-15 07:30:56,872 - INFO - 签出 弹窗关闭按钮已点击。
2024-11-15 07:31:21,894 - INFO - 检查签入按钮状态
2024-11-15 07:31:21,927 - INFO - 检查签出按钮状态以决定是否点击签入按钮
2024-11-15 07:31:21,988 - INFO - 签入 按钮已点击。
2024-11-15 07:31:27,042 - INFO - 签入 弹窗关闭按钮已点击。
2024-11-15 07:31:37,048 - INFO - 关闭浏览器
2024-11-15 07:32:51,894 - ERROR - Service process refused to terminate gracefully with SIGTERM, escalating to SIGKILL.
Traceback (most recent call last):
  File "/opt/anaconda3/envs/oa/lib/python3.10/site-packages/selenium/webdriver/common/service.py", line 172, in _terminate_process
    self.process.wait(60)
  File "/opt/anaconda3/envs/oa/lib/python3.10/subprocess.py", line 1209, in wait
    return self._wait(timeout=timeout)
  File "/opt/anaconda3/envs/oa/lib/python3.10/subprocess.py", line 1951, in _wait
    raise TimeoutExpired(self.args, timeout)
subprocess.TimeoutExpired: Command '['/Users/ina.h/.wdm/drivers/chromedriver/mac64/130.0.6723.116/chromedriver-mac-arm64/chromedriver', '--port=61616']' timed out after 60 seconds
2024-11-15 12:00:19,765 - INFO - ====== WebDriver manager ======
2024-11-15 12:00:25,090 - INFO - Get LATEST chromedriver version for google-chrome
2024-11-15 12:00:25,430 - INFO - Get LATEST chromedriver version for google-chrome
2024-11-15 12:00:25,751 - INFO - Driver [/Users/ina.h/.wdm/drivers/chromedriver/mac64/130.0.6723.116/chromedriver-mac-arm64/chromedriver] found in cache
2024-11-15 12:00:27,170 - INFO - 打开网址: https://myoa.omenow.com/Schedule/MySchedule/
2024-11-15 12:00:31,421 - INFO - 输入用户名和密码
2024-11-15 12:00:31,533 - INFO - 点击登录按钮
2024-11-15 12:00:59,091 - INFO - 未找到弹窗或弹窗已经关闭
2024-11-15 12:00:59,092 - INFO - ---------------------------------------------------
2024-11-15 12:00:59,092 - INFO - 今天是工作日，执行签出签入流程。
2024-11-15 12:00:59,092 - INFO - 今天是星期4
2024-11-15 12:00:59,092 - INFO - 检查签出按钮状态
2024-11-15 12:00:59,160 - INFO - 签出 按钮已点击。
2024-11-15 12:01:04,243 - INFO - 签出 弹窗关闭按钮已点击。
2024-11-15 12:01:29,266 - INFO - 检查签入按钮状态
2024-11-15 12:01:29,302 - INFO - 检查签出按钮状态以决定是否点击签入按钮
2024-11-15 12:01:29,359 - INFO - 签入 按钮已点击。
2024-11-15 12:01:34,422 - INFO - 签入 弹窗关闭按钮已点击。
2024-11-15 12:01:44,429 - INFO - 关闭浏览器
2024-11-15 12:03:01,545 - ERROR - Service process refused to terminate gracefully with SIGTERM, escalating to SIGKILL.
Traceback (most recent call last):
  File "/opt/anaconda3/envs/oa/lib/python3.10/site-packages/selenium/webdriver/common/service.py", line 172, in _terminate_process
    self.process.wait(60)
  File "/opt/anaconda3/envs/oa/lib/python3.10/subprocess.py", line 1209, in wait
    return self._wait(timeout=timeout)
  File "/opt/anaconda3/envs/oa/lib/python3.10/subprocess.py", line 1951, in _wait
    raise TimeoutExpired(self.args, timeout)
subprocess.TimeoutExpired: Command '['/Users/ina.h/.wdm/drivers/chromedriver/mac64/130.0.6723.116/chromedriver-mac-arm64/chromedriver', '--port=55732']' timed out after 60 seconds
2024-11-16 13:31:06,875 - INFO - Current time: 2024-11-16 13:31:06
2024-11-16 13:32:14,709 - ERROR - Service process refused to terminate gracefully with SIGTERM, escalating to SIGKILL.
Traceback (most recent call last):
  File "/opt/anaconda3/envs/oa/lib/python3.10/site-packages/selenium/webdriver/chromium/webdriver.py", line 66, in __init__
    super().__init__(command_executor=executor, options=options)
  File "/opt/anaconda3/envs/oa/lib/python3.10/site-packages/selenium/webdriver/remote/webdriver.py", line 212, in __init__
    self.start_session(capabilities)
  File "/opt/anaconda3/envs/oa/lib/python3.10/site-packages/selenium/webdriver/remote/webdriver.py", line 299, in start_session
    response = self.execute(Command.NEW_SESSION, caps)["value"]
  File "/opt/anaconda3/envs/oa/lib/python3.10/site-packages/selenium/webdriver/remote/webdriver.py", line 354, in execute
    self.error_handler.check_response(response)
  File "/opt/anaconda3/envs/oa/lib/python3.10/site-packages/selenium/webdriver/remote/errorhandler.py", line 229, in check_response
    raise exception_class(message, screen, stacktrace)
selenium.common.exceptions.SessionNotCreatedException: Message: session not created: This version of ChromeDriver only supports Chrome version 128
Current browser version is 130.0.6723.119 with binary path /Applications/Google Chrome.app/Contents/MacOS/Google Chrome
Stacktrace:
0   chromedriver                        0x0000000104baf988 cxxbridge1$str$ptr + 1887096
1   chromedriver                        0x0000000104ba7df0 cxxbridge1$str$ptr + 1855456
2   chromedriver                        0x00000001047acbe0 cxxbridge1$string$len + 89508
3   chromedriver                        0x00000001047e2a68 cxxbridge1$string$len + 310316
4   chromedriver                        0x00000001047e1cb4 cxxbridge1$string$len + 306808
5   chromedriver                        0x00000001047dd9a0 cxxbridge1$string$len + 289636
6   chromedriver                        0x00000001047d9e58 cxxbridge1$string$len + 274460
7   chromedriver                        0x000000010481a9f4 cxxbridge1$string$len + 539576
8   chromedriver                        0x00000001047e5a08 cxxbridge1$string$len + 322508
9   chromedriver                        0x00000001047e666c cxxbridge1$string$len + 325680
10  chromedriver                        0x0000000104b76048 cxxbridge1$str$ptr + 1651256
11  chromedriver                        0x0000000104b7a97c cxxbridge1$str$ptr + 1669996
12  chromedriver                        0x0000000104b5b1dc cxxbridge1$str$ptr + 1541068
13  chromedriver                        0x0000000104b7b24c cxxbridge1$str$ptr + 1672252
14  chromedriver                        0x0000000104b4c7f0 cxxbridge1$str$ptr + 1481184
15  chromedriver                        0x0000000104b990e8 cxxbridge1$str$ptr + 1794776
16  chromedriver                        0x0000000104b99264 cxxbridge1$str$ptr + 1795156
17  chromedriver                        0x0000000104ba7a8c cxxbridge1$str$ptr + 1854588
18  libsystem_pthread.dylib             0x0000000195c5bfa8 _pthread_start + 148
19  libsystem_pthread.dylib             0x0000000195c56da0 thread_start + 8


During handling of the above exception, another exception occurred:

Traceback (most recent call last):
  File "/opt/anaconda3/envs/oa/lib/python3.10/site-packages/selenium/webdriver/common/service.py", line 172, in _terminate_process
    self.process.wait(60)
  File "/opt/anaconda3/envs/oa/lib/python3.10/subprocess.py", line 1209, in wait
    return self._wait(timeout=timeout)
  File "/opt/anaconda3/envs/oa/lib/python3.10/subprocess.py", line 1951, in _wait
    raise TimeoutExpired(self.args, timeout)
subprocess.TimeoutExpired: Command '['/usr/local/bin/chromedriver', '--port=58525']' timed out after 60 seconds
2024-11-18 07:30:20,434 - INFO - ====== WebDriver manager ======
2024-11-18 07:30:25,885 - INFO - Get LATEST chromedriver version for google-chrome
2024-11-18 07:30:26,203 - INFO - Get LATEST chromedriver version for google-chrome
2024-11-18 07:30:26,637 - INFO - Get LATEST chromedriver version for google-chrome
2024-11-18 07:30:27,462 - INFO - WebDriver version 130.0.6723.116 selected
2024-11-18 07:30:27,464 - INFO - Modern chrome version https://storage.googleapis.com/chrome-for-testing-public/130.0.6723.116/mac-arm64/chromedriver-mac-arm64.zip
2024-11-18 07:30:27,465 - INFO - About to download new driver from https://storage.googleapis.com/chrome-for-testing-public/130.0.6723.116/mac-arm64/chromedriver-mac-arm64.zip
2024-11-18 07:30:27,831 - INFO - Driver downloading response is 200
2024-11-18 07:30:28,712 - INFO - Get LATEST chromedriver version for google-chrome
2024-11-18 07:30:29,176 - INFO - Driver has been saved in cache [/Users/ina.h/.wdm/drivers/chromedriver/mac64/130.0.6723.116]
2024-11-18 07:30:31,050 - INFO - 打开网址: https://myoa.omenow.com/Schedule/MySchedule/
2024-11-18 07:30:34,379 - INFO - 输入用户名和密码
2024-11-18 07:30:34,461 - INFO - 点击登录按钮
2024-11-18 07:31:01,997 - INFO - 未找到弹窗或弹窗已经关闭
2024-11-18 07:31:01,998 - INFO - ---------------------------------------------------
2024-11-18 07:31:01,998 - INFO - 今天是工作日，执行签出签入流程。
2024-11-18 07:31:01,998 - INFO - 今天是星期0
2024-11-18 07:31:01,998 - INFO - 检查签出按钮状态
2024-11-18 07:31:02,070 - INFO - 签出 按钮已点击。
2024-11-18 07:31:07,137 - INFO - 签出 弹窗关闭按钮已点击。
2024-11-18 07:31:32,146 - INFO - 检查签入按钮状态
2024-11-18 07:31:32,186 - INFO - 检查签出按钮状态以决定是否点击签入按钮
2024-11-18 07:31:32,225 - INFO - 签入 按钮已点击。
2024-11-18 07:31:37,296 - INFO - 签入 弹窗关闭按钮已点击。
2024-11-18 07:31:47,306 - INFO - 关闭浏览器
2024-11-18 07:33:01,372 - ERROR - Service process refused to terminate gracefully with SIGTERM, escalating to SIGKILL.
Traceback (most recent call last):
  File "/opt/anaconda3/envs/oa/lib/python3.10/site-packages/selenium/webdriver/common/service.py", line 172, in _terminate_process
    self.process.wait(60)
  File "/opt/anaconda3/envs/oa/lib/python3.10/subprocess.py", line 1209, in wait
    return self._wait(timeout=timeout)
  File "/opt/anaconda3/envs/oa/lib/python3.10/subprocess.py", line 1951, in _wait
    raise TimeoutExpired(self.args, timeout)
subprocess.TimeoutExpired: Command '['/Users/ina.h/.wdm/drivers/chromedriver/mac64/130.0.6723.116/chromedriver-mac-arm64/chromedriver', '--port=53906']' timed out after 60 seconds
2024-11-18 12:00:19,989 - INFO - ====== WebDriver manager ======
2024-11-18 12:00:25,509 - INFO - Get LATEST chromedriver version for google-chrome
2024-11-18 12:00:25,843 - INFO - Get LATEST chromedriver version for google-chrome
2024-11-18 12:00:26,193 - INFO - Driver [/Users/ina.h/.wdm/drivers/chromedriver/mac64/130.0.6723.116/chromedriver-mac-arm64/chromedriver] found in cache
2024-11-18 12:00:27,596 - INFO - 打开网址: https://myoa.omenow.com/Schedule/MySchedule/
2024-11-18 12:00:31,830 - INFO - 输入用户名和密码
2024-11-18 12:00:31,950 - INFO - 点击登录按钮
2024-11-18 12:00:59,613 - INFO - 未找到弹窗或弹窗已经关闭
2024-11-18 12:00:59,614 - INFO - ---------------------------------------------------
2024-11-18 12:00:59,614 - INFO - 今天是工作日，执行签出签入流程。
2024-11-18 12:00:59,614 - INFO - 今天是星期0
2024-11-18 12:00:59,614 - INFO - 检查签出按钮状态
2024-11-18 12:00:59,683 - INFO - 签出 按钮已点击。
2024-11-18 12:01:04,757 - INFO - 签出 弹窗关闭按钮已点击。
2024-11-18 12:01:29,767 - INFO - 检查签入按钮状态
2024-11-18 12:01:29,803 - INFO - 检查签出按钮状态以决定是否点击签入按钮
2024-11-18 12:01:29,862 - INFO - 签入 按钮已点击。
2024-11-18 12:01:34,923 - INFO - 签入 弹窗关闭按钮已点击。
2024-11-18 12:01:44,928 - INFO - 关闭浏览器
2024-11-18 12:02:59,496 - ERROR - Service process refused to terminate gracefully with SIGTERM, escalating to SIGKILL.
Traceback (most recent call last):
  File "/opt/anaconda3/envs/oa/lib/python3.10/site-packages/selenium/webdriver/common/service.py", line 172, in _terminate_process
    self.process.wait(60)
  File "/opt/anaconda3/envs/oa/lib/python3.10/subprocess.py", line 1209, in wait
    return self._wait(timeout=timeout)
  File "/opt/anaconda3/envs/oa/lib/python3.10/subprocess.py", line 1951, in _wait
    raise TimeoutExpired(self.args, timeout)
subprocess.TimeoutExpired: Command '['/Users/ina.h/.wdm/drivers/chromedriver/mac64/130.0.6723.116/chromedriver-mac-arm64/chromedriver', '--port=65089']' timed out after 60 seconds
2024-11-19 07:30:17,954 - INFO - ====== WebDriver manager ======
2024-11-19 07:30:18,727 - INFO - Get LATEST chromedriver version for google-chrome
2024-11-19 07:30:19,037 - INFO - Get LATEST chromedriver version for google-chrome
2024-11-19 07:30:19,361 - INFO - Get LATEST chromedriver version for google-chrome
2024-11-19 07:30:20,093 - INFO - WebDriver version 130.0.6723.116 selected
2024-11-19 07:30:20,095 - INFO - Modern chrome version https://storage.googleapis.com/chrome-for-testing-public/130.0.6723.116/mac-arm64/chromedriver-mac-arm64.zip
2024-11-19 07:30:20,095 - INFO - About to download new driver from https://storage.googleapis.com/chrome-for-testing-public/130.0.6723.116/mac-arm64/chromedriver-mac-arm64.zip
2024-11-19 07:30:20,652 - INFO - Driver downloading response is 200
2024-11-19 07:30:21,974 - INFO - Get LATEST chromedriver version for google-chrome
2024-11-19 07:30:22,423 - INFO - Driver has been saved in cache [/Users/ina.h/.wdm/drivers/chromedriver/mac64/130.0.6723.116]
2024-11-19 07:30:23,810 - INFO - 打开网址: https://myoa.omenow.com/Schedule/MySchedule/
2024-11-19 07:30:25,850 - INFO - 输入用户名和密码
2024-11-19 07:30:25,966 - INFO - 点击登录按钮
2024-11-19 07:30:52,324 - INFO - 未找到弹窗或弹窗已经关闭
2024-11-19 07:30:52,325 - INFO - ---------------------------------------------------
2024-11-19 07:30:52,325 - INFO - 今天是工作日，执行签出签入流程。
2024-11-19 07:30:52,326 - INFO - 今天是星期1
2024-11-19 07:30:52,326 - INFO - 检查签出按钮状态
2024-11-19 07:30:52,399 - INFO - 签出 按钮已点击。
2024-11-19 07:30:57,463 - INFO - 签出 弹窗关闭按钮已点击。
2024-11-19 07:31:22,466 - INFO - 检查签入按钮状态
2024-11-19 07:31:22,511 - INFO - 检查签出按钮状态以决定是否点击签入按钮
2024-11-19 07:31:22,557 - INFO - 签入 按钮已点击。
2024-11-19 07:31:27,621 - INFO - 签入 弹窗关闭按钮已点击。
2024-11-19 07:31:37,627 - INFO - 关闭浏览器
2024-11-19 07:32:52,388 - ERROR - Service process refused to terminate gracefully with SIGTERM, escalating to SIGKILL.
Traceback (most recent call last):
  File "/opt/anaconda3/envs/oa/lib/python3.10/site-packages/selenium/webdriver/common/service.py", line 172, in _terminate_process
    self.process.wait(60)
  File "/opt/anaconda3/envs/oa/lib/python3.10/subprocess.py", line 1209, in wait
    return self._wait(timeout=timeout)
  File "/opt/anaconda3/envs/oa/lib/python3.10/subprocess.py", line 1951, in _wait
    raise TimeoutExpired(self.args, timeout)
subprocess.TimeoutExpired: Command '['/Users/ina.h/.wdm/drivers/chromedriver/mac64/130.0.6723.116/chromedriver-mac-arm64/chromedriver', '--port=55711']' timed out after 60 seconds
2024-11-19 12:00:15,813 - INFO - ====== WebDriver manager ======
2024-11-19 12:00:20,793 - INFO - Get LATEST chromedriver version for google-chrome
2024-11-19 12:00:21,109 - INFO - Get LATEST chromedriver version for google-chrome
2024-11-19 12:00:21,515 - INFO - There is no [mac64] chromedriver "131.0.6778.69" for browser google-chrome "131.0.6778" in cache
2024-11-19 12:00:21,532 - INFO - Get LATEST chromedriver version for google-chrome
2024-11-19 12:00:22,236 - INFO - WebDriver version 131.0.6778.69 selected
2024-11-19 12:00:22,239 - INFO - Modern chrome version https://storage.googleapis.com/chrome-for-testing-public/131.0.6778.69/mac-arm64/chromedriver-mac-arm64.zip
2024-11-19 12:00:22,239 - INFO - About to download new driver from https://storage.googleapis.com/chrome-for-testing-public/131.0.6778.69/mac-arm64/chromedriver-mac-arm64.zip
2024-11-19 12:00:22,516 - INFO - Driver downloading response is 200
2024-11-19 12:00:23,649 - INFO - Get LATEST chromedriver version for google-chrome
2024-11-19 12:00:24,130 - INFO - Driver has been saved in cache [/Users/ina.h/.wdm/drivers/chromedriver/mac64/131.0.6778.69]
2024-11-19 12:00:25,816 - INFO - 打开网址: https://myoa.omenow.com/Schedule/MySchedule/
2024-11-19 12:00:29,016 - INFO - 输入用户名和密码
2024-11-19 12:00:29,100 - INFO - 点击登录按钮
2024-11-19 12:00:56,246 - INFO - 未找到弹窗或弹窗已经关闭
2024-11-19 12:00:56,247 - INFO - ---------------------------------------------------
2024-11-19 12:00:56,247 - INFO - 今天是工作日，执行签出签入流程。
2024-11-19 12:00:56,247 - INFO - 今天是星期1
2024-11-19 12:00:56,247 - INFO - 检查签出按钮状态
2024-11-19 12:00:56,327 - INFO - 签出 按钮已点击。
2024-11-19 12:01:01,407 - INFO - 签出 弹窗关闭按钮已点击。
2024-11-19 12:01:26,429 - INFO - 检查签入按钮状态
2024-11-19 12:01:26,473 - INFO - 检查签出按钮状态以决定是否点击签入按钮
2024-11-19 12:01:26,524 - INFO - 签入 按钮已点击。
2024-11-19 12:01:31,608 - INFO - 签入 弹窗关闭按钮已点击。
2024-11-19 12:01:41,619 - INFO - 关闭浏览器
2024-11-19 12:02:55,189 - ERROR - Service process refused to terminate gracefully with SIGTERM, escalating to SIGKILL.
Traceback (most recent call last):
  File "/opt/anaconda3/envs/oa/lib/python3.10/site-packages/selenium/webdriver/common/service.py", line 172, in _terminate_process
    self.process.wait(60)
  File "/opt/anaconda3/envs/oa/lib/python3.10/subprocess.py", line 1209, in wait
    return self._wait(timeout=timeout)
  File "/opt/anaconda3/envs/oa/lib/python3.10/subprocess.py", line 1951, in _wait
    raise TimeoutExpired(self.args, timeout)
subprocess.TimeoutExpired: Command '['/Users/ina.h/.wdm/drivers/chromedriver/mac64/131.0.6778.69/chromedriver-mac-arm64/chromedriver', '--port=60309']' timed out after 60 seconds
2024-11-20 07:30:18,904 - INFO - ====== WebDriver manager ======
2024-11-20 07:30:24,001 - INFO - Get LATEST chromedriver version for google-chrome
2024-11-20 07:30:24,437 - INFO - Get LATEST chromedriver version for google-chrome
2024-11-20 07:30:24,923 - INFO - There is no [mac64] chromedriver "131.0.6778.85" for browser google-chrome "131.0.6778" in cache
2024-11-20 07:30:24,953 - INFO - Get LATEST chromedriver version for google-chrome
2024-11-20 07:30:25,885 - INFO - WebDriver version 131.0.6778.85 selected
2024-11-20 07:30:25,887 - INFO - Modern chrome version https://storage.googleapis.com/chrome-for-testing-public/131.0.6778.85/mac-arm64/chromedriver-mac-arm64.zip
2024-11-20 07:30:25,887 - INFO - About to download new driver from https://storage.googleapis.com/chrome-for-testing-public/131.0.6778.85/mac-arm64/chromedriver-mac-arm64.zip
2024-11-20 07:30:26,672 - INFO - Driver downloading response is 200
2024-11-20 07:30:27,554 - INFO - Get LATEST chromedriver version for google-chrome
2024-11-20 07:30:28,070 - INFO - Driver has been saved in cache [/Users/ina.h/.wdm/drivers/chromedriver/mac64/131.0.6778.85]
2024-11-20 07:30:31,712 - INFO - 打开网址: https://myoa.omenow.com/Schedule/MySchedule/
2024-11-20 07:30:34,000 - INFO - 输入用户名和密码
2024-11-20 07:30:34,111 - INFO - 点击登录按钮
2024-11-20 07:31:01,640 - INFO - 未找到弹窗或弹窗已经关闭
2024-11-20 07:31:01,652 - INFO - ---------------------------------------------------
2024-11-20 07:31:01,653 - INFO - 今天是工作日，执行签出签入流程。
2024-11-20 07:31:01,653 - INFO - 今天是星期2
2024-11-20 07:31:01,653 - INFO - 检查签出按钮状态
2024-11-20 07:31:01,725 - INFO - 签出 按钮已点击。
2024-11-20 07:31:06,803 - INFO - 签出 弹窗关闭按钮已点击。
2024-11-20 07:31:31,813 - INFO - 检查签入按钮状态
2024-11-20 07:31:31,863 - INFO - 检查签出按钮状态以决定是否点击签入按钮
2024-11-20 07:31:31,911 - INFO - 签入 按钮已点击。
2024-11-20 07:31:36,993 - INFO - 签入 弹窗关闭按钮已点击。
2024-11-20 07:31:46,998 - INFO - 关闭浏览器
2024-11-20 12:00:18,681 - INFO - ====== WebDriver manager ======
2024-11-20 12:00:23,738 - INFO - Get LATEST chromedriver version for google-chrome
2024-11-20 12:00:24,106 - INFO - Get LATEST chromedriver version for google-chrome
2024-11-20 12:00:24,379 - INFO - Driver [/Users/ina.h/.wdm/drivers/chromedriver/mac64/131.0.6778.85/chromedriver-mac-arm64/chromedriver] found in cache
2024-11-20 12:00:25,904 - INFO - 打开网址: https://myoa.omenow.com/Schedule/MySchedule/
2024-11-20 12:00:28,240 - INFO - 输入用户名和密码
2024-11-20 12:00:29,498 - INFO - 点击登录按钮
2024-11-20 12:00:55,209 - INFO - 未找到弹窗或弹窗已经关闭
2024-11-20 12:00:55,211 - INFO - ---------------------------------------------------
2024-11-20 12:00:55,212 - INFO - 今天是工作日，执行签出签入流程。
2024-11-20 12:00:55,212 - INFO - 今天是星期2
2024-11-20 12:00:55,212 - INFO - 检查签出按钮状态
2024-11-20 12:00:55,296 - INFO - 签出 按钮已点击。
2024-11-20 12:01:00,383 - INFO - 签出 弹窗关闭按钮已点击。
2024-11-20 12:01:25,394 - INFO - 检查签入按钮状态
2024-11-20 12:01:25,444 - INFO - 检查签出按钮状态以决定是否点击签入按钮
2024-11-20 12:01:25,491 - INFO - 签入 按钮已点击。
2024-11-20 12:01:30,568 - INFO - 签入 弹窗关闭按钮已点击。
2024-11-20 12:01:40,573 - INFO - 关闭浏览器
2024-11-20 12:02:53,791 - ERROR - Service process refused to terminate gracefully with SIGTERM, escalating to SIGKILL.
Traceback (most recent call last):
  File "/opt/anaconda3/envs/oa/lib/python3.10/site-packages/selenium/webdriver/common/service.py", line 172, in _terminate_process
    self.process.wait(60)
  File "/opt/anaconda3/envs/oa/lib/python3.10/subprocess.py", line 1209, in wait
    return self._wait(timeout=timeout)
  File "/opt/anaconda3/envs/oa/lib/python3.10/subprocess.py", line 1951, in _wait
    raise TimeoutExpired(self.args, timeout)
subprocess.TimeoutExpired: Command '['/Users/ina.h/.wdm/drivers/chromedriver/mac64/131.0.6778.85/chromedriver-mac-arm64/chromedriver', '--port=65372']' timed out after 60 seconds
2024-11-21 07:30:18,586 - INFO - ====== WebDriver manager ======
2024-11-21 07:30:18,685 - INFO - Get LATEST chromedriver version for google-chrome
2024-11-21 07:30:18,999 - INFO - Get LATEST chromedriver version for google-chrome
2024-11-21 07:30:19,350 - INFO - Get LATEST chromedriver version for google-chrome
2024-11-21 07:30:20,131 - INFO - WebDriver version 131.0.6778.85 selected
2024-11-21 07:30:20,134 - INFO - Modern chrome version https://storage.googleapis.com/chrome-for-testing-public/131.0.6778.85/mac-arm64/chromedriver-mac-arm64.zip
2024-11-21 07:30:20,134 - INFO - About to download new driver from https://storage.googleapis.com/chrome-for-testing-public/131.0.6778.85/mac-arm64/chromedriver-mac-arm64.zip
2024-11-21 07:30:21,600 - INFO - Driver downloading response is 200
2024-11-21 07:30:23,353 - INFO - Get LATEST chromedriver version for google-chrome
2024-11-21 07:30:23,864 - INFO - Driver has been saved in cache [/Users/ina.h/.wdm/drivers/chromedriver/mac64/131.0.6778.85]
2024-11-21 07:30:25,337 - INFO - 打开网址: https://myoa.omenow.com/Schedule/MySchedule/
2024-11-21 07:30:26,868 - INFO - 输入用户名和密码
2024-11-21 07:30:27,432 - INFO - 点击登录按钮
2024-11-21 07:30:53,718 - INFO - 未找到弹窗或弹窗已经关闭
2024-11-21 07:30:53,719 - INFO - ---------------------------------------------------
2024-11-21 07:30:53,719 - INFO - 今天是工作日，执行签出签入流程。
2024-11-21 07:30:53,719 - INFO - 今天是星期3
2024-11-21 07:30:53,719 - INFO - 检查签出按钮状态
2024-11-21 07:30:53,800 - INFO - 签出 按钮已点击。
2024-11-21 07:30:58,884 - INFO - 签出 弹窗关闭按钮已点击。
2024-11-21 07:31:23,895 - INFO - 检查签入按钮状态
2024-11-21 07:31:23,945 - INFO - 检查签出按钮状态以决定是否点击签入按钮
2024-11-21 07:31:23,992 - INFO - 签入 按钮已点击。
2024-11-21 07:31:29,060 - INFO - 签入 弹窗关闭按钮已点击。
2024-11-21 07:31:39,065 - INFO - 关闭浏览器
2024-11-21 07:32:52,186 - ERROR - Service process refused to terminate gracefully with SIGTERM, escalating to SIGKILL.
Traceback (most recent call last):
  File "/opt/anaconda3/envs/oa/lib/python3.10/site-packages/selenium/webdriver/common/service.py", line 172, in _terminate_process
    self.process.wait(60)
  File "/opt/anaconda3/envs/oa/lib/python3.10/subprocess.py", line 1209, in wait
    return self._wait(timeout=timeout)
  File "/opt/anaconda3/envs/oa/lib/python3.10/subprocess.py", line 1951, in _wait
    raise TimeoutExpired(self.args, timeout)
subprocess.TimeoutExpired: Command '['/Users/ina.h/.wdm/drivers/chromedriver/mac64/131.0.6778.85/chromedriver-mac-arm64/chromedriver', '--port=58220']' timed out after 60 seconds
2024-11-21 12:00:16,960 - INFO - ====== WebDriver manager ======
2024-11-21 12:00:17,094 - INFO - Get LATEST chromedriver version for google-chrome
2024-11-21 12:00:17,360 - INFO - Get LATEST chromedriver version for google-chrome
2024-11-21 12:00:17,631 - INFO - Driver [/Users/ina.h/.wdm/drivers/chromedriver/mac64/131.0.6778.85/chromedriver-mac-arm64/chromedriver] found in cache
2024-11-21 12:00:18,752 - INFO - 打开网址: https://myoa.omenow.com/Schedule/MySchedule/
2024-11-21 12:00:20,692 - INFO - 输入用户名和密码
2024-11-21 12:00:21,972 - INFO - 点击登录按钮
2024-11-21 12:00:48,609 - INFO - 未找到弹窗或弹窗已经关闭
2024-11-21 12:00:48,610 - INFO - ---------------------------------------------------
2024-11-21 12:00:48,610 - INFO - 今天是工作日，执行签出签入流程。
2024-11-21 12:00:48,610 - INFO - 今天是星期3
2024-11-21 12:00:48,610 - INFO - 检查签出按钮状态
2024-11-21 12:00:48,689 - INFO - 签出 按钮已点击。
2024-11-21 12:00:53,771 - INFO - 签出 弹窗关闭按钮已点击。
2024-11-21 12:01:18,787 - INFO - 检查签入按钮状态
2024-11-21 12:01:18,829 - INFO - 检查签出按钮状态以决定是否点击签入按钮
2024-11-21 12:01:18,880 - INFO - 签入 按钮已点击。
2024-11-21 12:01:23,940 - INFO - 签入 弹窗关闭按钮已点击。
2024-11-21 12:01:33,945 - INFO - 关闭浏览器
2024-11-21 12:02:49,530 - ERROR - Service process refused to terminate gracefully with SIGTERM, escalating to SIGKILL.
Traceback (most recent call last):
  File "/opt/anaconda3/envs/oa/lib/python3.10/site-packages/selenium/webdriver/common/service.py", line 172, in _terminate_process
    self.process.wait(60)
  File "/opt/anaconda3/envs/oa/lib/python3.10/subprocess.py", line 1209, in wait
    return self._wait(timeout=timeout)
  File "/opt/anaconda3/envs/oa/lib/python3.10/subprocess.py", line 1951, in _wait
    raise TimeoutExpired(self.args, timeout)
subprocess.TimeoutExpired: Command '['/Users/ina.h/.wdm/drivers/chromedriver/mac64/131.0.6778.85/chromedriver-mac-arm64/chromedriver', '--port=55074']' timed out after 60 seconds
2024-11-22 07:30:17,061 - INFO - ====== WebDriver manager ======
2024-11-22 07:30:17,149 - INFO - Get LATEST chromedriver version for google-chrome
2024-11-22 07:30:17,485 - INFO - Get LATEST chromedriver version for google-chrome
2024-11-22 07:30:17,818 - INFO - Get LATEST chromedriver version for google-chrome
2024-11-22 07:30:18,671 - INFO - WebDriver version 131.0.6778.85 selected
2024-11-22 07:30:18,673 - INFO - Modern chrome version https://storage.googleapis.com/chrome-for-testing-public/131.0.6778.85/mac-arm64/chromedriver-mac-arm64.zip
2024-11-22 07:30:18,673 - INFO - About to download new driver from https://storage.googleapis.com/chrome-for-testing-public/131.0.6778.85/mac-arm64/chromedriver-mac-arm64.zip
2024-11-22 07:30:19,286 - INFO - Driver downloading response is 200
2024-11-22 07:30:20,918 - INFO - Get LATEST chromedriver version for google-chrome
2024-11-22 07:30:22,057 - INFO - Driver has been saved in cache [/Users/ina.h/.wdm/drivers/chromedriver/mac64/131.0.6778.85]
2024-11-22 07:30:23,177 - INFO - 打开网址: https://myoa.omenow.com/Schedule/MySchedule/
2024-11-22 07:30:25,477 - INFO - 输入用户名和密码
2024-11-22 07:30:25,590 - INFO - 点击登录按钮
2024-11-22 07:30:52,340 - INFO - 未找到弹窗或弹窗已经关闭
2024-11-22 07:30:52,341 - INFO - ---------------------------------------------------
2024-11-22 07:30:52,341 - INFO - 今天是工作日，执行签出签入流程。
2024-11-22 07:30:52,341 - INFO - 今天是星期4
2024-11-22 07:30:52,341 - INFO - 检查签出按钮状态
2024-11-22 07:30:52,416 - INFO - 签出 按钮已点击。
2024-11-22 07:30:57,494 - INFO - 签出 弹窗关闭按钮已点击。
2024-11-22 07:31:22,479 - INFO - 检查签入按钮状态
2024-11-22 07:31:22,516 - INFO - 检查签出按钮状态以决定是否点击签入按钮
2024-11-22 07:31:22,564 - INFO - 签入 按钮已点击。
2024-11-22 07:31:27,642 - INFO - 签入 弹窗关闭按钮已点击。
2024-11-22 07:31:37,644 - INFO - 关闭浏览器
2024-11-22 07:32:51,836 - ERROR - Service process refused to terminate gracefully with SIGTERM, escalating to SIGKILL.
Traceback (most recent call last):
  File "/opt/anaconda3/envs/oa/lib/python3.10/site-packages/selenium/webdriver/common/service.py", line 172, in _terminate_process
    self.process.wait(60)
  File "/opt/anaconda3/envs/oa/lib/python3.10/subprocess.py", line 1209, in wait
    return self._wait(timeout=timeout)
  File "/opt/anaconda3/envs/oa/lib/python3.10/subprocess.py", line 1951, in _wait
    raise TimeoutExpired(self.args, timeout)
subprocess.TimeoutExpired: Command '['/Users/ina.h/.wdm/drivers/chromedriver/mac64/131.0.6778.85/chromedriver-mac-arm64/chromedriver', '--port=50555']' timed out after 60 seconds
2024-11-22 12:00:18,510 - INFO - ====== WebDriver manager ======
2024-11-22 12:00:26,690 - INFO - Get LATEST chromedriver version for google-chrome
2024-11-22 12:00:27,145 - INFO - Get LATEST chromedriver version for google-chrome
2024-11-22 12:00:27,850 - INFO - Driver [/Users/ina.h/.wdm/drivers/chromedriver/mac64/131.0.6778.85/chromedriver-mac-arm64/chromedriver] found in cache
2024-11-22 12:00:29,288 - INFO - 打开网址: https://myoa.omenow.com/Schedule/MySchedule/
2024-11-22 12:00:33,931 - INFO - 输入用户名和密码
2024-11-22 12:00:34,045 - INFO - 点击登录按钮
2024-11-22 12:01:01,536 - INFO - 未找到弹窗或弹窗已经关闭
2024-11-22 12:01:01,537 - INFO - ---------------------------------------------------
2024-11-22 12:01:01,537 - INFO - 今天是工作日，执行签出签入流程。
2024-11-22 12:01:01,537 - INFO - 今天是星期4
2024-11-22 12:01:01,537 - INFO - 检查签出按钮状态
2024-11-22 12:01:01,626 - INFO - 签出 按钮已点击。
2024-11-22 12:01:06,711 - INFO - 签出 弹窗关闭按钮已点击。
2024-11-22 12:01:31,720 - INFO - 检查签入按钮状态
2024-11-22 12:01:31,756 - INFO - 检查签出按钮状态以决定是否点击签入按钮
2024-11-22 12:01:31,824 - INFO - 签入 按钮已点击。
2024-11-22 12:01:36,890 - INFO - 签入 弹窗关闭按钮已点击。
2024-11-22 12:01:46,895 - INFO - 关闭浏览器
2024-11-22 12:03:00,517 - ERROR - Service process refused to terminate gracefully with SIGTERM, escalating to SIGKILL.
Traceback (most recent call last):
  File "/opt/anaconda3/envs/oa/lib/python3.10/site-packages/selenium/webdriver/common/service.py", line 172, in _terminate_process
    self.process.wait(60)
  File "/opt/anaconda3/envs/oa/lib/python3.10/subprocess.py", line 1209, in wait
    return self._wait(timeout=timeout)
  File "/opt/anaconda3/envs/oa/lib/python3.10/subprocess.py", line 1951, in _wait
    raise TimeoutExpired(self.args, timeout)
subprocess.TimeoutExpired: Command '['/Users/ina.h/.wdm/drivers/chromedriver/mac64/131.0.6778.85/chromedriver-mac-arm64/chromedriver', '--port=62520']' timed out after 60 seconds
2024-11-22 15:26:34,635 - INFO - 打开网址: https://myoa.omenow.com/Schedule/MySchedule/
2024-11-22 15:26:39,756 - INFO - 输入用户名和密码
2024-11-22 15:26:40,668 - INFO - 点击登录按钮
2024-11-22 15:27:17,374 - INFO - 未找到弹窗或弹窗已经关闭
2024-11-22 15:27:17,375 - INFO - ---------------------------------------------------
2024-11-22 15:27:17,375 - INFO - 今天是工作日，执行签出签入流程。
2024-11-22 15:27:17,375 - INFO - 今天是星期4
2024-11-22 15:27:17,375 - INFO - 检查签出按钮状态
2024-11-22 15:27:17,590 - INFO - 签出按钮当前处于禁用状态，无法点击。
2024-11-22 15:27:37,592 - INFO - 检查签入按钮状态
2024-11-22 15:27:37,667 - INFO - 签入按钮当前处于禁用状态，无法点击。
2024-11-22 15:27:57,673 - INFO - 关闭浏览器
2024-11-22 15:31:58,129 - INFO - Current time: 2024-11-22 15:31:58
2024-11-22 15:32:02,687 - INFO - 打开网址: https://myoa.omenow.com/Schedule/MySchedule/
2024-11-22 15:32:06,751 - INFO - 输入用户名和密码
2024-11-22 15:32:07,698 - INFO - 点击登录按钮
2024-11-22 15:32:10,688 - INFO - 关闭浏览器
2024-11-22 15:32:10,692 - WARNING - Retrying (Retry(total=2, connect=None, read=None, redirect=None, status=None)) after connection broken by 'NewConnectionError('<urllib3.connection.HTTPConnection object at 0x103c1e9e0>: Failed to establish a new connection: [Errno 61] Connection refused')': /session/c64c1b7fdc6624851a90b9717ca9f13b/url
2024-11-22 15:32:10,693 - WARNING - Retrying (Retry(total=1, connect=None, read=None, redirect=None, status=None)) after connection broken by 'NewConnectionError('<urllib3.connection.HTTPConnection object at 0x103c1ed70>: Failed to establish a new connection: [Errno 61] Connection refused')': /session/c64c1b7fdc6624851a90b9717ca9f13b/url
2024-11-22 15:32:10,693 - WARNING - Retrying (Retry(total=0, connect=None, read=None, redirect=None, status=None)) after connection broken by 'NewConnectionError('<urllib3.connection.HTTPConnection object at 0x103c1ef20>: Failed to establish a new connection: [Errno 61] Connection refused')': /session/c64c1b7fdc6624851a90b9717ca9f13b/url
2024-11-22 15:32:28,251 - INFO - Current time: 2024-11-22 15:32:28
2024-11-22 15:32:32,836 - INFO - 打开网址: https://myoa.omenow.com/Schedule/MySchedule/
2024-11-22 15:32:37,009 - INFO - 输入用户名和密码
2024-11-22 15:32:37,825 - INFO - 点击登录按钮
2024-11-22 15:33:27,176 - INFO - 周六才需要移动办公签出
2024-11-22 15:33:27,177 - INFO - 关闭浏览器
2024-11-23 13:31:03,941 - INFO - Current time: 2024-11-23 13:31:03
2024-11-23 13:31:08,804 - INFO - 打开网址: https://myoa.omenow.com/Schedule/MySchedule/
2024-11-23 13:31:11,526 - INFO - 输入用户名和密码
2024-11-23 13:31:12,383 - INFO - 点击登录按钮
2024-11-23 13:31:33,184 - INFO - ---------------------------------------------------
2024-11-23 13:31:33,184 - INFO - 周六移动办公签出
2024-11-23 13:31:47,695 - INFO - 周六移动办公签出 按钮已点击。
2024-11-23 13:31:53,671 - INFO - 周六移动办公签出 弹窗关闭按钮已点击。
2024-11-23 13:31:58,682 - INFO - 关闭浏览器
2024-11-25 07:30:24,247 - INFO - 打开网址: https://myoa.omenow.com/Schedule/MySchedule/
2024-11-25 07:30:26,862 - INFO - 输入用户名和密码
2024-11-25 07:30:27,748 - INFO - 点击登录按钮
2024-11-25 07:31:01,378 - INFO - 未找到弹窗或弹窗已经关闭
2024-11-25 07:31:01,379 - INFO - ---------------------------------------------------
2024-11-25 07:31:01,379 - INFO - 今天是工作日，执行签出签入流程。
2024-11-25 07:31:01,379 - INFO - 今天是星期0
2024-11-25 07:31:01,379 - INFO - 检查签出按钮状态
2024-11-25 07:31:03,952 - INFO - 签出 按钮已点击。
2024-11-25 07:31:09,633 - INFO - 签出 弹窗关闭按钮已点击。
2024-11-25 07:31:34,643 - INFO - 检查签入按钮状态
2024-11-25 07:31:34,755 - INFO - 检查签出按钮状态以决定是否点击签入按钮
2024-11-25 07:31:35,090 - INFO - 签入 按钮已点击。
2024-11-25 07:31:40,593 - INFO - 签入 弹窗关闭按钮已点击。
2024-11-25 07:31:50,594 - INFO - 关闭浏览器
2024-11-25 12:00:22,791 - INFO - 打开网址: https://myoa.omenow.com/Schedule/MySchedule/
2024-11-25 12:00:28,676 - INFO - 输入用户名和密码
2024-11-25 12:00:29,607 - INFO - 点击登录按钮
2024-11-25 12:01:07,707 - INFO - 未找到弹窗或弹窗已经关闭
2024-11-25 12:01:07,708 - INFO - ---------------------------------------------------
2024-11-25 12:01:07,708 - INFO - 今天是工作日，执行签出签入流程。
2024-11-25 12:01:07,708 - INFO - 今天是星期0
2024-11-25 12:01:07,708 - INFO - 检查签出按钮状态
2024-11-25 12:01:10,593 - INFO - 签出 按钮已点击。
2024-11-25 12:01:16,331 - INFO - 签出 弹窗关闭按钮已点击。
2024-11-25 12:01:41,345 - INFO - 检查签入按钮状态
2024-11-25 12:01:41,414 - INFO - 检查签出按钮状态以决定是否点击签入按钮
2024-11-25 12:01:42,494 - INFO - 签入 按钮已点击。
2024-11-25 12:01:48,468 - INFO - 签入 弹窗关闭按钮已点击。
2024-11-25 12:01:58,474 - INFO - 关闭浏览器
2024-11-25 12:03:21,166 - ERROR - Service process refused to terminate gracefully with SIGTERM, escalating to SIGKILL.
Traceback (most recent call last):
  File "/opt/anaconda3/envs/oa/lib/python3.10/site-packages/selenium/webdriver/common/service.py", line 172, in _terminate_process
    self.process.wait(60)
  File "/opt/anaconda3/envs/oa/lib/python3.10/subprocess.py", line 1209, in wait
    return self._wait(timeout=timeout)
  File "/opt/anaconda3/envs/oa/lib/python3.10/subprocess.py", line 1951, in _wait
    raise TimeoutExpired(self.args, timeout)
subprocess.TimeoutExpired: Command '['/usr/local/bin/chromedriver', '--port=49259']' timed out after 60 seconds
2024-11-26 07:30:23,715 - INFO - 打开网址: https://myoa.omenow.com/Schedule/MySchedule/
2024-11-26 07:30:27,186 - INFO - 输入用户名和密码
2024-11-26 07:30:28,076 - INFO - 点击登录按钮
2024-11-26 07:31:21,261 - INFO - 未找到弹窗或弹窗已经关闭
2024-11-26 07:31:21,262 - INFO - ---------------------------------------------------
2024-11-26 07:31:21,262 - INFO - 今天是工作日，执行签出签入流程。
2024-11-26 07:31:21,262 - INFO - 今天是星期1
2024-11-26 07:31:21,262 - INFO - 检查签出按钮状态
2024-11-26 07:31:22,475 - INFO - 签出 按钮已点击。
2024-11-26 07:31:28,296 - INFO - 签出 弹窗关闭按钮已点击。
2024-11-26 07:31:53,306 - INFO - 检查签入按钮状态
2024-11-26 07:31:53,378 - INFO - 检查签出按钮状态以决定是否点击签入按钮
2024-11-26 07:31:53,769 - INFO - 签入 按钮已点击。
2024-11-26 07:31:59,318 - INFO - 签入 弹窗关闭按钮已点击。
2024-11-26 07:32:09,323 - INFO - 关闭浏览器
2024-11-26 07:33:31,977 - ERROR - Service process refused to terminate gracefully with SIGTERM, escalating to SIGKILL.
Traceback (most recent call last):
  File "/opt/anaconda3/envs/oa/lib/python3.10/site-packages/selenium/webdriver/common/service.py", line 172, in _terminate_process
    self.process.wait(60)
  File "/opt/anaconda3/envs/oa/lib/python3.10/subprocess.py", line 1209, in wait
    return self._wait(timeout=timeout)
  File "/opt/anaconda3/envs/oa/lib/python3.10/subprocess.py", line 1951, in _wait
    raise TimeoutExpired(self.args, timeout)
subprocess.TimeoutExpired: Command '['/usr/local/bin/chromedriver', '--port=57467']' timed out after 60 seconds
2024-11-26 12:00:23,560 - INFO - 打开网址: https://myoa.omenow.com/Schedule/MySchedule/
2024-11-26 12:00:29,246 - INFO - 输入用户名和密码
2024-11-26 12:00:30,187 - INFO - 点击登录按钮
2024-11-26 12:01:09,827 - INFO - 未找到弹窗或弹窗已经关闭
2024-11-26 12:01:09,828 - INFO - ---------------------------------------------------
2024-11-26 12:01:09,828 - INFO - 今天是工作日，执行签出签入流程。
2024-11-26 12:01:09,828 - INFO - 今天是星期1
2024-11-26 12:01:09,828 - INFO - 检查签出按钮状态
2024-11-26 12:01:11,318 - INFO - 签出 按钮已点击。
2024-11-26 12:01:17,405 - INFO - 签出 弹窗关闭按钮已点击。
2024-11-26 12:01:42,413 - INFO - 检查签入按钮状态
2024-11-26 12:01:42,490 - INFO - 检查签出按钮状态以决定是否点击签入按钮
2024-11-26 12:01:42,834 - INFO - 签入 按钮已点击。
2024-11-26 12:01:48,303 - INFO - 签入 弹窗关闭按钮已点击。
2024-11-26 12:01:58,316 - INFO - 关闭浏览器
2024-11-26 12:03:22,417 - ERROR - Service process refused to terminate gracefully with SIGTERM, escalating to SIGKILL.
Traceback (most recent call last):
  File "/opt/anaconda3/envs/oa/lib/python3.10/site-packages/selenium/webdriver/common/service.py", line 172, in _terminate_process
    self.process.wait(60)
  File "/opt/anaconda3/envs/oa/lib/python3.10/subprocess.py", line 1209, in wait
    return self._wait(timeout=timeout)
  File "/opt/anaconda3/envs/oa/lib/python3.10/subprocess.py", line 1951, in _wait
    raise TimeoutExpired(self.args, timeout)
subprocess.TimeoutExpired: Command '['/usr/local/bin/chromedriver', '--port=54054']' timed out after 60 seconds
2024-11-27 07:30:23,284 - INFO - 打开网址: https://myoa.omenow.com/Schedule/MySchedule/
2024-11-27 07:30:26,972 - INFO - 输入用户名和密码
2024-11-27 07:30:27,868 - INFO - 点击登录按钮
2024-11-27 07:31:21,318 - INFO - 未找到弹窗或弹窗已经关闭
2024-11-27 07:31:21,318 - INFO - ---------------------------------------------------
2024-11-27 07:31:21,318 - INFO - 今天是工作日，执行签出签入流程。
2024-11-27 07:31:21,318 - INFO - 今天是星期2
2024-11-27 07:31:21,318 - INFO - 检查签出按钮状态
2024-11-27 07:31:22,348 - INFO - 签出 按钮已点击。
2024-11-27 07:31:28,063 - INFO - 签出 弹窗关闭按钮已点击。
2024-11-27 07:31:53,068 - INFO - 检查签入按钮状态
2024-11-27 07:31:53,147 - INFO - 检查签出按钮状态以决定是否点击签入按钮
2024-11-27 07:31:53,646 - INFO - 签入 按钮已点击。
2024-11-27 07:31:59,288 - INFO - 签入 弹窗关闭按钮已点击。
2024-11-27 07:32:09,294 - INFO - 关闭浏览器
2024-11-27 07:33:34,546 - ERROR - Service process refused to terminate gracefully with SIGTERM, escalating to SIGKILL.
Traceback (most recent call last):
  File "/opt/anaconda3/envs/oa/lib/python3.10/site-packages/selenium/webdriver/common/service.py", line 172, in _terminate_process
    self.process.wait(60)
  File "/opt/anaconda3/envs/oa/lib/python3.10/subprocess.py", line 1209, in wait
    return self._wait(timeout=timeout)
  File "/opt/anaconda3/envs/oa/lib/python3.10/subprocess.py", line 1951, in _wait
    raise TimeoutExpired(self.args, timeout)
subprocess.TimeoutExpired: Command '['/usr/local/bin/chromedriver', '--port=49989']' timed out after 60 seconds
2024-11-27 12:00:21,984 - INFO - 打开网址: https://myoa.omenow.com/Schedule/MySchedule/
2024-11-27 12:00:27,206 - INFO - 输入用户名和密码
2024-11-27 12:00:28,105 - INFO - 点击登录按钮
2024-11-27 12:01:06,776 - INFO - 未找到弹窗或弹窗已经关闭
2024-11-27 12:01:06,777 - INFO - ---------------------------------------------------
2024-11-27 12:01:06,777 - INFO - 今天是工作日，执行签出签入流程。
2024-11-27 12:01:06,777 - INFO - 今天是星期2
2024-11-27 12:01:06,783 - INFO - 检查签出按钮状态
2024-11-27 12:01:09,485 - INFO - 签出 按钮已点击。
2024-11-27 12:01:15,150 - INFO - 签出 弹窗关闭按钮已点击。
2024-11-27 12:01:40,153 - INFO - 检查签入按钮状态
2024-11-27 12:01:40,219 - INFO - 检查签出按钮状态以决定是否点击签入按钮
2024-11-27 12:01:40,609 - INFO - 签入 按钮已点击。
2024-11-27 12:01:47,147 - INFO - 签入 弹窗关闭按钮已点击。
2024-11-27 12:01:57,157 - INFO - 关闭浏览器
2024-11-27 12:03:21,503 - ERROR - Service process refused to terminate gracefully with SIGTERM, escalating to SIGKILL.
Traceback (most recent call last):
  File "/opt/anaconda3/envs/oa/lib/python3.10/site-packages/selenium/webdriver/common/service.py", line 172, in _terminate_process
    self.process.wait(60)
  File "/opt/anaconda3/envs/oa/lib/python3.10/subprocess.py", line 1209, in wait
    return self._wait(timeout=timeout)
  File "/opt/anaconda3/envs/oa/lib/python3.10/subprocess.py", line 1951, in _wait
    raise TimeoutExpired(self.args, timeout)
subprocess.TimeoutExpired: Command '['/usr/local/bin/chromedriver', '--port=52105']' timed out after 60 seconds
2024-11-28 07:30:22,643 - INFO - 打开网址: https://myoa.omenow.com/Schedule/MySchedule/
2024-11-28 07:30:26,446 - INFO - 输入用户名和密码
2024-11-28 07:30:27,364 - INFO - 点击登录按钮
2024-11-28 07:31:01,507 - INFO - 未找到弹窗或弹窗已经关闭
2024-11-28 07:31:01,508 - INFO - ---------------------------------------------------
2024-11-28 07:31:01,508 - INFO - 今天是工作日，执行签出签入流程。
2024-11-28 07:31:01,508 - INFO - 今天是星期3
2024-11-28 07:31:01,508 - INFO - 检查签出按钮状态
2024-11-28 07:31:02,916 - INFO - 签出 按钮已点击。
2024-11-28 07:31:09,962 - INFO - 签出 弹窗关闭按钮已点击。
2024-11-28 07:31:34,973 - INFO - 检查签入按钮状态
2024-11-28 07:31:35,047 - INFO - 检查签出按钮状态以决定是否点击签入按钮
2024-11-28 07:31:35,406 - INFO - 签入 按钮已点击。
2024-11-28 07:31:40,908 - INFO - 签入 弹窗关闭按钮已点击。
2024-11-28 07:31:50,914 - INFO - 关闭浏览器
2024-11-28 12:00:23,860 - INFO - 打开网址: https://myoa.omenow.com/Schedule/MySchedule/
2024-11-28 12:00:29,015 - INFO - 输入用户名和密码
2024-11-28 12:00:29,948 - INFO - 点击登录按钮
2024-11-28 12:01:02,048 - INFO - 未找到弹窗或弹窗已经关闭
2024-11-28 12:01:02,049 - INFO - ---------------------------------------------------
2024-11-28 12:01:02,049 - INFO - 今天是工作日，执行签出签入流程。
2024-11-28 12:01:02,049 - INFO - 今天是星期3
2024-11-28 12:01:02,050 - INFO - 检查签出按钮状态
2024-11-28 12:01:04,505 - INFO - 签出 按钮已点击。
2024-11-28 12:01:12,580 - INFO - 签出 弹窗关闭按钮已点击。
2024-11-28 12:01:37,600 - INFO - 检查签入按钮状态
2024-11-28 12:01:37,666 - INFO - 检查签出按钮状态以决定是否点击签入按钮
2024-11-28 12:01:37,993 - INFO - 签入 按钮已点击。
2024-11-28 12:01:44,289 - INFO - 签入 弹窗关闭按钮已点击。
2024-11-28 12:01:54,290 - INFO - 关闭浏览器
2024-11-29 07:30:22,231 - INFO - 打开网址: https://myoa.omenow.com/Schedule/MySchedule/
2024-11-29 07:30:25,789 - INFO - 输入用户名和密码
2024-11-29 07:30:26,691 - INFO - 点击登录按钮
2024-11-29 07:31:07,862 - INFO - 未找到弹窗或弹窗已经关闭
2024-11-29 07:31:07,863 - INFO - ---------------------------------------------------
2024-11-29 07:31:07,863 - INFO - 今天是工作日，执行签出签入流程。
2024-11-29 07:31:07,863 - INFO - 今天是星期4
2024-11-29 07:31:07,863 - INFO - 检查签出按钮状态
2024-11-29 07:31:09,983 - INFO - 签出 按钮已点击。
2024-11-29 07:31:15,899 - INFO - 签出 弹窗关闭按钮已点击。
2024-11-29 07:31:40,918 - INFO - 检查签入按钮状态
2024-11-29 07:31:40,993 - INFO - 检查签出按钮状态以决定是否点击签入按钮
2024-11-29 07:31:41,600 - INFO - 签入 按钮已点击。
2024-11-29 07:31:47,090 - INFO - 签入 弹窗关闭按钮已点击。
2024-11-29 07:31:57,101 - INFO - 关闭浏览器
2024-11-29 07:33:22,729 - ERROR - Service process refused to terminate gracefully with SIGTERM, escalating to SIGKILL.
Traceback (most recent call last):
  File "/opt/anaconda3/envs/oa/lib/python3.10/site-packages/selenium/webdriver/common/service.py", line 172, in _terminate_process
    self.process.wait(60)
  File "/opt/anaconda3/envs/oa/lib/python3.10/subprocess.py", line 1209, in wait
    return self._wait(timeout=timeout)
  File "/opt/anaconda3/envs/oa/lib/python3.10/subprocess.py", line 1951, in _wait
    raise TimeoutExpired(self.args, timeout)
subprocess.TimeoutExpired: Command '['/usr/local/bin/chromedriver', '--port=58176']' timed out after 60 seconds
2024-11-29 12:00:22,621 - INFO - 打开网址: https://myoa.omenow.com/Schedule/MySchedule/
2024-11-29 12:00:25,637 - INFO - 输入用户名和密码
2024-11-29 12:00:26,544 - INFO - 点击登录按钮
2024-11-29 12:00:58,995 - INFO - 未找到弹窗或弹窗已经关闭
2024-11-29 12:00:58,995 - INFO - ---------------------------------------------------
2024-11-29 12:00:58,995 - INFO - 今天是工作日，执行签出签入流程。
2024-11-29 12:00:58,995 - INFO - 今天是星期4
2024-11-29 12:00:58,995 - INFO - 检查签出按钮状态
2024-11-29 12:01:01,499 - INFO - 签出 按钮已点击。
2024-11-29 12:01:07,586 - INFO - 签出 弹窗关闭按钮已点击。
2024-11-29 12:01:32,598 - INFO - 检查签入按钮状态
2024-11-29 12:01:32,672 - INFO - 检查签出按钮状态以决定是否点击签入按钮
2024-11-29 12:01:32,970 - INFO - 签入 按钮已点击。
2024-11-29 12:01:38,525 - INFO - 签入 弹窗关闭按钮已点击。
2024-11-29 12:01:48,530 - INFO - 关闭浏览器
2024-11-30 13:31:04,609 - INFO - Current time: 2024-11-30 13:31:04
2024-11-30 13:31:09,506 - INFO - 打开网址: https://myoa.omenow.com/Schedule/MySchedule/
2024-11-30 13:31:12,220 - INFO - 输入用户名和密码
2024-11-30 13:31:13,137 - INFO - 点击登录按钮
2024-11-30 13:31:33,879 - INFO - ---------------------------------------------------
2024-11-30 13:31:33,880 - INFO - 周六移动办公签出
2024-11-30 13:31:49,217 - INFO - 周六移动办公签出 按钮已点击。
2024-11-30 13:31:55,220 - INFO - 周六移动办公签出 弹窗关闭按钮已点击。
2024-11-30 13:32:00,231 - INFO - 关闭浏览器
2024-12-02 07:30:23,755 - INFO - 打开网址: https://myoa.omenow.com/Schedule/MySchedule/
2024-12-02 07:30:26,479 - INFO - 输入用户名和密码
2024-12-02 07:30:27,473 - INFO - 点击登录按钮
2024-12-02 07:31:02,737 - INFO - 未找到弹窗或弹窗已经关闭
2024-12-02 07:31:02,738 - INFO - ---------------------------------------------------
2024-12-02 07:31:02,738 - INFO - 今天是工作日，执行签出签入流程。
2024-12-02 07:31:02,738 - INFO - 今天是星期0
2024-12-02 07:31:02,738 - INFO - 检查签出按钮状态
2024-12-02 07:31:04,286 - INFO - 签出 按钮已点击。
2024-12-02 07:31:10,117 - INFO - 签出 弹窗关闭按钮已点击。
2024-12-02 07:31:35,133 - INFO - 检查签入按钮状态
2024-12-02 07:31:35,223 - INFO - 检查签出按钮状态以决定是否点击签入按钮
2024-12-02 07:31:35,588 - INFO - 签入 按钮已点击。
2024-12-02 07:31:41,275 - INFO - 签入 弹窗关闭按钮已点击。
2024-12-02 07:31:51,276 - INFO - 关闭浏览器
2024-12-02 12:00:23,367 - INFO - 打开网址: https://myoa.omenow.com/Schedule/MySchedule/
2024-12-02 12:00:29,628 - INFO - 输入用户名和密码
2024-12-02 12:00:30,554 - INFO - 点击登录按钮
2024-12-02 12:01:08,602 - INFO - 未找到弹窗或弹窗已经关闭
2024-12-02 12:01:08,604 - INFO - ---------------------------------------------------
2024-12-02 12:01:08,604 - INFO - 今天是工作日，执行签出签入流程。
2024-12-02 12:01:08,604 - INFO - 今天是星期0
2024-12-02 12:01:08,604 - INFO - 检查签出按钮状态
2024-12-02 12:01:09,542 - INFO - 签出 按钮已点击。
2024-12-02 12:01:15,484 - INFO - 签出 弹窗关闭按钮已点击。
2024-12-02 12:01:40,495 - INFO - 检查签入按钮状态
2024-12-02 12:01:40,580 - INFO - 检查签出按钮状态以决定是否点击签入按钮
2024-12-02 12:01:40,899 - INFO - 签入 按钮已点击。
2024-12-02 12:01:46,451 - INFO - 签入 弹窗关闭按钮已点击。
2024-12-02 12:01:56,457 - INFO - 关闭浏览器
2024-12-02 12:03:23,513 - ERROR - Service process refused to terminate gracefully with SIGTERM, escalating to SIGKILL.
Traceback (most recent call last):
  File "/opt/anaconda3/envs/oa/lib/python3.10/site-packages/selenium/webdriver/common/service.py", line 172, in _terminate_process
    self.process.wait(60)
  File "/opt/anaconda3/envs/oa/lib/python3.10/subprocess.py", line 1209, in wait
    return self._wait(timeout=timeout)
  File "/opt/anaconda3/envs/oa/lib/python3.10/subprocess.py", line 1951, in _wait
    raise TimeoutExpired(self.args, timeout)
subprocess.TimeoutExpired: Command '['/usr/local/bin/chromedriver', '--port=57641']' timed out after 60 seconds
2024-12-03 07:30:22,719 - INFO - 打开网址: https://myoa.omenow.com/Schedule/MySchedule/
2024-12-03 07:30:30,381 - INFO - 输入用户名和密码
2024-12-03 07:30:31,266 - INFO - 点击登录按钮
2024-12-03 07:31:09,076 - INFO - 未找到弹窗或弹窗已经关闭
2024-12-03 07:31:09,078 - INFO - ---------------------------------------------------
2024-12-03 07:31:09,078 - INFO - 今天是工作日，执行签出签入流程。
2024-12-03 07:31:09,078 - INFO - 今天是星期1
2024-12-03 07:31:09,078 - INFO - 检查签出按钮状态
2024-12-03 07:31:10,529 - INFO - 签出 按钮已点击。
2024-12-03 07:31:16,602 - INFO - 签出 弹窗关闭按钮已点击。
2024-12-03 07:31:41,620 - INFO - 检查签入按钮状态
2024-12-03 07:31:41,713 - INFO - 检查签出按钮状态以决定是否点击签入按钮
2024-12-03 07:31:42,934 - INFO - 签入 按钮已点击。
2024-12-03 07:31:49,356 - INFO - 签入 弹窗关闭按钮已点击。
2024-12-03 07:31:59,359 - INFO - 关闭浏览器
2024-12-03 07:33:24,323 - ERROR - Service process refused to terminate gracefully with SIGTERM, escalating to SIGKILL.
Traceback (most recent call last):
  File "/opt/anaconda3/envs/oa/lib/python3.10/site-packages/selenium/webdriver/common/service.py", line 172, in _terminate_process
    self.process.wait(60)
  File "/opt/anaconda3/envs/oa/lib/python3.10/subprocess.py", line 1209, in wait
    return self._wait(timeout=timeout)
  File "/opt/anaconda3/envs/oa/lib/python3.10/subprocess.py", line 1951, in _wait
    raise TimeoutExpired(self.args, timeout)
subprocess.TimeoutExpired: Command '['/usr/local/bin/chromedriver', '--port=55074']' timed out after 60 seconds
2024-12-03 12:00:22,007 - INFO - 打开网址: https://myoa.omenow.com/Schedule/MySchedule/
2024-12-03 12:00:27,451 - INFO - 输入用户名和密码
2024-12-03 12:00:28,357 - INFO - 点击登录按钮
2024-12-03 12:01:01,108 - INFO - 未找到弹窗或弹窗已经关闭
2024-12-03 12:01:01,109 - INFO - ---------------------------------------------------
2024-12-03 12:01:01,109 - INFO - 今天是工作日，执行签出签入流程。
2024-12-03 12:01:01,109 - INFO - 今天是星期1
2024-12-03 12:01:01,109 - INFO - 检查签出按钮状态
2024-12-03 12:01:03,752 - INFO - 签出 按钮已点击。
2024-12-03 12:01:10,514 - INFO - 签出 弹窗关闭按钮已点击。
2024-12-03 12:01:35,526 - INFO - 检查签入按钮状态
2024-12-03 12:01:35,599 - INFO - 检查签出按钮状态以决定是否点击签入按钮
2024-12-03 12:01:35,907 - INFO - 签入 按钮已点击。
2024-12-03 12:01:41,520 - INFO - 签入 弹窗关闭按钮已点击。
2024-12-03 12:01:51,528 - INFO - 关闭浏览器
2024-12-04 12:00:24,829 - INFO - 打开网址: https://myoa.omenow.com/Schedule/MySchedule/
2024-12-04 12:00:29,324 - INFO - 输入用户名和密码
2024-12-04 12:00:30,257 - INFO - 点击登录按钮
2024-12-04 12:01:23,336 - INFO - 未找到弹窗或弹窗已经关闭
2024-12-04 12:01:23,337 - INFO - ---------------------------------------------------
2024-12-04 12:01:23,338 - INFO - 今天是工作日，执行签出签入流程。
2024-12-04 12:01:23,338 - INFO - 今天是星期2
2024-12-04 12:01:23,338 - INFO - 检查签出按钮状态
2024-12-04 12:01:24,379 - INFO - 签出 按钮已点击。
2024-12-04 12:01:30,135 - INFO - 签出 弹窗关闭按钮已点击。
2024-12-04 12:01:55,146 - INFO - 检查签入按钮状态
2024-12-04 12:01:55,236 - INFO - 检查签出按钮状态以决定是否点击签入按钮
2024-12-04 12:01:56,118 - INFO - 签入 按钮已点击。
2024-12-04 12:02:01,779 - INFO - 签入 弹窗关闭按钮已点击。
2024-12-04 12:02:11,787 - INFO - 关闭浏览器
2024-12-04 12:03:33,721 - ERROR - Service process refused to terminate gracefully with SIGTERM, escalating to SIGKILL.
Traceback (most recent call last):
  File "/opt/anaconda3/envs/oa/lib/python3.10/site-packages/selenium/webdriver/common/service.py", line 172, in _terminate_process
    self.process.wait(60)
  File "/opt/anaconda3/envs/oa/lib/python3.10/subprocess.py", line 1209, in wait
    return self._wait(timeout=timeout)
  File "/opt/anaconda3/envs/oa/lib/python3.10/subprocess.py", line 1951, in _wait
    raise TimeoutExpired(self.args, timeout)
subprocess.TimeoutExpired: Command '['/usr/local/bin/chromedriver', '--port=54841']' timed out after 60 seconds
2024-12-05 07:30:23,382 - INFO - 打开网址: https://myoa.omenow.com/Schedule/MySchedule/
2024-12-05 07:30:28,108 - INFO - 输入用户名和密码
2024-12-05 07:30:29,000 - INFO - 点击登录按钮
2024-12-05 07:31:04,531 - INFO - 未找到弹窗或弹窗已经关闭
2024-12-05 07:31:04,531 - INFO - ---------------------------------------------------
2024-12-05 07:31:04,531 - INFO - 今天是工作日，执行签出签入流程。
2024-12-05 07:31:04,532 - INFO - 今天是星期3
2024-12-05 07:31:04,532 - INFO - 检查签出按钮状态
2024-12-05 07:31:07,281 - INFO - 签出 按钮已点击。
2024-12-05 07:31:13,116 - INFO - 签出 弹窗关闭按钮已点击。
2024-12-05 07:31:38,131 - INFO - 检查签入按钮状态
2024-12-05 07:31:38,200 - INFO - 检查签出按钮状态以决定是否点击签入按钮
2024-12-05 07:31:38,595 - INFO - 签入 按钮已点击。
2024-12-05 07:31:44,681 - INFO - 签入 弹窗关闭按钮已点击。
2024-12-05 07:31:54,682 - INFO - 关闭浏览器
2024-12-05 12:00:22,947 - INFO - 打开网址: https://myoa.omenow.com/Schedule/MySchedule/
2024-12-05 12:00:32,379 - INFO - 输入用户名和密码
2024-12-05 12:00:33,292 - INFO - 点击登录按钮
2024-12-05 12:01:12,121 - INFO - 未找到弹窗或弹窗已经关闭
2024-12-05 12:01:12,123 - INFO - ---------------------------------------------------
2024-12-05 12:01:12,123 - INFO - 今天是工作日，执行签出签入流程。
2024-12-05 12:01:12,125 - INFO - 今天是星期3
2024-12-05 12:01:12,125 - INFO - 检查签出按钮状态
2024-12-05 12:01:13,121 - INFO - 签出 按钮已点击。
2024-12-05 12:01:18,963 - INFO - 签出 弹窗关闭按钮已点击。
2024-12-05 12:01:43,974 - INFO - 检查签入按钮状态
2024-12-05 12:01:44,338 - INFO - 检查签出按钮状态以决定是否点击签入按钮
2024-12-05 12:01:44,963 - INFO - 签入 按钮已点击。
2024-12-05 12:01:50,620 - INFO - 签入 弹窗关闭按钮已点击。
2024-12-05 12:02:00,636 - INFO - 关闭浏览器
2024-12-05 12:03:33,306 - ERROR - Service process refused to terminate gracefully with SIGTERM, escalating to SIGKILL.
Traceback (most recent call last):
  File "/opt/anaconda3/envs/oa/lib/python3.10/site-packages/selenium/webdriver/common/service.py", line 172, in _terminate_process
    self.process.wait(60)
  File "/opt/anaconda3/envs/oa/lib/python3.10/subprocess.py", line 1209, in wait
    return self._wait(timeout=timeout)
  File "/opt/anaconda3/envs/oa/lib/python3.10/subprocess.py", line 1951, in _wait
    raise TimeoutExpired(self.args, timeout)
subprocess.TimeoutExpired: Command '['/usr/local/bin/chromedriver', '--port=55500']' timed out after 60 seconds
2024-12-06 07:30:50,747 - INFO - 打开网址: https://myoa.omenow.com/Schedule/MySchedule/
2024-12-06 07:30:54,894 - INFO - 输入用户名和密码
2024-12-06 07:30:55,747 - INFO - 点击登录按钮
2024-12-06 07:31:35,211 - INFO - 未找到弹窗或弹窗已经关闭
2024-12-06 07:31:35,212 - INFO - ---------------------------------------------------
2024-12-06 07:31:35,212 - INFO - 今天是工作日，执行签出签入流程。
2024-12-06 07:31:35,212 - INFO - 今天是星期4
2024-12-06 07:31:35,212 - INFO - 检查签出按钮状态
2024-12-06 07:31:36,403 - INFO - 签出 按钮已点击。
2024-12-06 07:31:42,582 - INFO - 签出 弹窗关闭按钮已点击。
2024-12-06 07:32:07,600 - INFO - 检查签入按钮状态
2024-12-06 07:32:07,774 - INFO - 检查签出按钮状态以决定是否点击签入按钮
2024-12-06 07:32:09,523 - INFO - 签入 按钮已点击。
2024-12-06 07:32:15,148 - INFO - 签入 弹窗关闭按钮已点击。
2024-12-06 07:32:25,159 - INFO - 关闭浏览器
2024-12-06 12:00:49,150 - INFO - 打开网址: https://myoa.omenow.com/Schedule/MySchedule/
2024-12-06 12:00:55,176 - INFO - 输入用户名和密码
2024-12-06 12:00:56,085 - INFO - 点击登录按钮
2024-12-06 12:01:34,041 - INFO - 未找到弹窗或弹窗已经关闭
2024-12-06 12:01:34,042 - INFO - ---------------------------------------------------
2024-12-06 12:01:34,042 - INFO - 今天是工作日，执行签出签入流程。
2024-12-06 12:01:34,042 - INFO - 今天是星期4
2024-12-06 12:01:34,042 - INFO - 检查签出按钮状态
2024-12-06 12:01:34,972 - INFO - 签出 按钮已点击。
2024-12-06 12:01:40,860 - INFO - 签出 弹窗关闭按钮已点击。
2024-12-06 12:02:05,866 - INFO - 检查签入按钮状态
2024-12-06 12:02:05,941 - INFO - 检查签出按钮状态以决定是否点击签入按钮
2024-12-06 12:02:06,346 - INFO - 签入 按钮已点击。
2024-12-06 12:02:11,969 - INFO - 签入 弹窗关闭按钮已点击。
2024-12-06 12:02:21,971 - INFO - 关闭浏览器
2024-12-06 12:03:45,082 - ERROR - Service process refused to terminate gracefully with SIGTERM, escalating to SIGKILL.
Traceback (most recent call last):
  File "/opt/anaconda3/envs/oa/lib/python3.10/site-packages/selenium/webdriver/common/service.py", line 172, in _terminate_process
    self.process.wait(60)
  File "/opt/anaconda3/envs/oa/lib/python3.10/subprocess.py", line 1209, in wait
    return self._wait(timeout=timeout)
  File "/opt/anaconda3/envs/oa/lib/python3.10/subprocess.py", line 1951, in _wait
    raise TimeoutExpired(self.args, timeout)
subprocess.TimeoutExpired: Command '['/usr/local/bin/chromedriver', '--port=49440']' timed out after 60 seconds
2024-12-07 10:53:00,029 - INFO - 打开网址: https://myoa.omenow.com/Schedule/MySchedule/
2024-12-07 10:53:02,835 - INFO - 输入用户名和密码
2024-12-07 10:53:03,774 - INFO - 点击登录按钮
2024-12-07 10:53:38,069 - INFO - 未找到弹窗或弹窗已经关闭
2024-12-07 10:53:38,069 - INFO - ---------------------------------------------------
2024-12-07 10:53:38,069 - INFO - 今天是周六，执行移动办公的流程
2024-12-07 10:53:43,750 - INFO - 关闭浏览器
2024-12-09 12:00:22,854 - INFO - 打开网址: https://myoa.omenow.com/Schedule/MySchedule/
2024-12-09 12:00:27,820 - INFO - 输入用户名和密码
2024-12-09 12:00:28,836 - INFO - 点击登录按钮
2024-12-09 12:01:06,642 - INFO - 未找到弹窗或弹窗已经关闭
2024-12-09 12:01:06,645 - INFO - ---------------------------------------------------
2024-12-09 12:01:06,645 - INFO - 今天是工作日，执行签出签入流程。
2024-12-09 12:01:06,646 - INFO - 今天是星期0
2024-12-09 12:01:06,646 - INFO - 检查签出按钮状态
2024-12-09 12:01:07,771 - INFO - 签出 按钮已点击。
2024-12-09 12:01:14,898 - INFO - 签出 弹窗关闭按钮已点击。
2024-12-09 12:01:39,918 - INFO - 检查签入按钮状态
2024-12-09 12:01:39,995 - INFO - 检查签出按钮状态以决定是否点击签入按钮
2024-12-09 12:01:40,484 - INFO - 签入 按钮已点击。
2024-12-09 12:01:45,958 - INFO - 签入 弹窗关闭按钮已点击。
2024-12-09 12:01:55,963 - INFO - 关闭浏览器
2024-12-09 12:03:17,663 - ERROR - Service process refused to terminate gracefully with SIGTERM, escalating to SIGKILL.
Traceback (most recent call last):
  File "/opt/anaconda3/envs/oa/lib/python3.10/site-packages/selenium/webdriver/common/service.py", line 172, in _terminate_process
    self.process.wait(60)
  File "/opt/anaconda3/envs/oa/lib/python3.10/subprocess.py", line 1209, in wait
    return self._wait(timeout=timeout)
  File "/opt/anaconda3/envs/oa/lib/python3.10/subprocess.py", line 1951, in _wait
    raise TimeoutExpired(self.args, timeout)
subprocess.TimeoutExpired: Command '['/usr/local/bin/chromedriver', '--port=63136']' timed out after 60 seconds
2024-12-10 07:30:23,273 - INFO - 打开网址: https://myoa.omenow.com/Schedule/MySchedule/
2024-12-10 07:30:29,919 - INFO - 输入用户名和密码
2024-12-10 07:30:30,780 - INFO - 点击登录按钮
2024-12-10 07:31:12,447 - INFO - 未找到弹窗或弹窗已经关闭
2024-12-10 07:31:12,448 - INFO - ---------------------------------------------------
2024-12-10 07:31:12,448 - INFO - 今天是工作日，执行签出签入流程。
2024-12-10 07:31:12,449 - INFO - 今天是星期1
2024-12-10 07:31:12,449 - INFO - 检查签出按钮状态
2024-12-10 07:31:13,458 - INFO - 签出 按钮已点击。
2024-12-10 07:31:19,422 - INFO - 签出 弹窗关闭按钮已点击。
2024-12-10 07:31:44,428 - INFO - 检查签入按钮状态
2024-12-10 07:31:44,502 - INFO - 检查签出按钮状态以决定是否点击签入按钮
2024-12-10 07:31:44,918 - INFO - 签入 按钮已点击。
2024-12-10 07:31:50,310 - INFO - 签入 弹窗关闭按钮已点击。
2024-12-10 07:32:00,316 - INFO - 关闭浏览器
2024-12-10 12:00:23,373 - INFO - 打开网址: https://myoa.omenow.com/Schedule/MySchedule/
2024-12-10 12:00:28,431 - INFO - 输入用户名和密码
2024-12-10 12:00:29,359 - INFO - 点击登录按钮
2024-12-10 12:01:00,445 - INFO - 未找到弹窗或弹窗已经关闭
2024-12-10 12:01:00,445 - INFO - ---------------------------------------------------
2024-12-10 12:01:00,445 - INFO - 今天是工作日，执行签出签入流程。
2024-12-10 12:01:00,445 - INFO - 今天是星期1
2024-12-10 12:01:00,445 - INFO - 检查签出按钮状态
2024-12-10 12:01:02,912 - INFO - 签出 按钮已点击。
2024-12-10 12:01:10,265 - INFO - 签出 弹窗关闭按钮已点击。
2024-12-10 12:01:35,284 - INFO - 检查签入按钮状态
2024-12-10 12:01:35,395 - INFO - 检查签出按钮状态以决定是否点击签入按钮
2024-12-10 12:01:35,735 - INFO - 签入 按钮已点击。
2024-12-10 12:01:41,357 - INFO - 签入 弹窗关闭按钮已点击。
2024-12-10 12:01:51,362 - INFO - 关闭浏览器
2024-12-11 07:30:23,390 - INFO - 打开网址: https://myoa.omenow.com/Schedule/MySchedule/
2024-12-11 07:30:28,903 - INFO - 输入用户名和密码
2024-12-11 07:30:29,767 - INFO - 点击登录按钮
2024-12-11 07:31:07,867 - INFO - 未找到弹窗或弹窗已经关闭
2024-12-11 07:31:07,867 - INFO - ---------------------------------------------------
2024-12-11 07:31:07,867 - INFO - 今天是工作日，执行签出签入流程。
2024-12-11 07:31:07,867 - INFO - 今天是星期2
2024-12-11 07:31:07,867 - INFO - 检查签出按钮状态
2024-12-11 07:31:10,243 - INFO - 签出 按钮已点击。
2024-12-11 07:31:16,063 - INFO - 签出 弹窗关闭按钮已点击。
2024-12-11 07:31:41,066 - INFO - 检查签入按钮状态
2024-12-11 07:31:41,132 - INFO - 检查签出按钮状态以决定是否点击签入按钮
2024-12-11 07:31:42,105 - INFO - 签入 按钮已点击。
2024-12-11 07:31:47,848 - INFO - 签入 弹窗关闭按钮已点击。
2024-12-11 07:31:57,853 - INFO - 关闭浏览器
2024-12-11 07:33:20,873 - ERROR - Service process refused to terminate gracefully with SIGTERM, escalating to SIGKILL.
Traceback (most recent call last):
  File "/opt/anaconda3/envs/oa/lib/python3.10/site-packages/selenium/webdriver/common/service.py", line 172, in _terminate_process
    self.process.wait(60)
  File "/opt/anaconda3/envs/oa/lib/python3.10/subprocess.py", line 1209, in wait
    return self._wait(timeout=timeout)
  File "/opt/anaconda3/envs/oa/lib/python3.10/subprocess.py", line 1951, in _wait
    raise TimeoutExpired(self.args, timeout)
subprocess.TimeoutExpired: Command '['/usr/local/bin/chromedriver', '--port=63448']' timed out after 60 seconds
2024-12-11 12:00:23,124 - INFO - 打开网址: https://myoa.omenow.com/Schedule/MySchedule/
2024-12-11 12:00:28,041 - INFO - 输入用户名和密码
2024-12-11 12:00:28,916 - INFO - 点击登录按钮
2024-12-11 12:01:20,816 - INFO - 未找到弹窗或弹窗已经关闭
2024-12-11 12:01:20,819 - INFO - ---------------------------------------------------
2024-12-11 12:01:20,819 - INFO - 今天是工作日，执行签出签入流程。
2024-12-11 12:01:20,819 - INFO - 今天是星期2
2024-12-11 12:01:20,819 - INFO - 检查签出按钮状态
2024-12-11 12:01:21,807 - INFO - 签出 按钮已点击。
2024-12-11 12:01:27,416 - INFO - 签出 弹窗关闭按钮已点击。
2024-12-11 12:01:52,424 - INFO - 检查签入按钮状态
2024-12-11 12:01:52,507 - INFO - 检查签出按钮状态以决定是否点击签入按钮
2024-12-11 12:01:53,618 - INFO - 签入 按钮已点击。
2024-12-11 12:01:59,140 - INFO - 签入 弹窗关闭按钮已点击。
2024-12-11 12:02:09,144 - INFO - 关闭浏览器
2024-12-12 07:30:50,024 - INFO - 打开网址: https://myoa.omenow.com/Schedule/MySchedule/
2024-12-12 07:30:52,963 - INFO - 输入用户名和密码
2024-12-12 07:30:53,780 - INFO - 点击登录按钮
2024-12-12 07:31:26,665 - INFO - 未找到弹窗或弹窗已经关闭
2024-12-12 07:31:26,665 - INFO - ---------------------------------------------------
2024-12-12 07:31:26,665 - INFO - 今天是工作日，执行签出签入流程。
2024-12-12 07:31:26,665 - INFO - 今天是星期3
2024-12-12 07:31:26,665 - INFO - 检查签出按钮状态
2024-12-12 07:31:29,512 - INFO - 签出 按钮已点击。
2024-12-12 07:31:35,434 - INFO - 签出 弹窗关闭按钮已点击。
2024-12-12 07:32:00,451 - INFO - 检查签入按钮状态
2024-12-12 07:32:00,507 - INFO - 检查签出按钮状态以决定是否点击签入按钮
2024-12-12 07:32:00,822 - INFO - 签入 按钮已点击。
2024-12-12 07:32:06,263 - INFO - 签入 弹窗关闭按钮已点击。
2024-12-12 07:32:16,264 - INFO - 关闭浏览器
2024-12-12 12:00:29,793 - INFO - 打开网址: https://myoa.omenow.com/Schedule/MySchedule/
2024-12-12 12:00:36,068 - INFO - 输入用户名和密码
2024-12-12 12:00:36,956 - INFO - 点击登录按钮
2024-12-12 12:01:15,830 - INFO - 未找到弹窗或弹窗已经关闭
2024-12-12 12:01:15,830 - INFO - ---------------------------------------------------
2024-12-12 12:01:15,830 - INFO - 今天是工作日，执行签出签入流程。
2024-12-12 12:01:15,830 - INFO - 今天是星期3
2024-12-12 12:01:15,830 - INFO - 检查签出按钮状态
2024-12-12 12:01:16,666 - INFO - 签出 按钮已点击。
2024-12-12 12:01:22,411 - INFO - 签出 弹窗关闭按钮已点击。
2024-12-12 12:01:47,421 - INFO - 检查签入按钮状态
2024-12-12 12:01:47,506 - INFO - 检查签出按钮状态以决定是否点击签入按钮
2024-12-12 12:01:48,043 - INFO - 签入 按钮已点击。
2024-12-12 12:01:53,640 - INFO - 签入 弹窗关闭按钮已点击。
2024-12-12 12:02:03,651 - INFO - 关闭浏览器
2024-12-13 07:30:51,842 - INFO - 打开网址: https://myoa.omenow.com/Schedule/MySchedule/
2024-12-13 07:30:56,781 - INFO - 输入用户名和密码
2024-12-13 07:30:57,895 - INFO - 点击登录按钮
2024-12-13 07:31:41,923 - INFO - 未找到弹窗或弹窗已经关闭
2024-12-13 07:31:41,923 - INFO - ---------------------------------------------------
2024-12-13 07:31:41,923 - INFO - 今天是工作日，执行签出签入流程。
2024-12-13 07:31:41,924 - INFO - 今天是星期4
2024-12-13 07:31:41,924 - INFO - 检查签出按钮状态
2024-12-13 07:31:44,246 - INFO - 签出 按钮已点击。
2024-12-13 07:31:52,029 - INFO - 签出 弹窗关闭按钮已点击。
2024-12-13 07:32:17,042 - INFO - 检查签入按钮状态
2024-12-13 07:32:17,135 - INFO - 检查签出按钮状态以决定是否点击签入按钮
2024-12-13 07:32:17,726 - INFO - 签入 按钮已点击。
2024-12-13 07:32:23,284 - INFO - 签入 弹窗关闭按钮已点击。
2024-12-13 07:32:33,294 - INFO - 关闭浏览器
2024-12-13 12:00:29,022 - INFO - 打开网址: https://myoa.omenow.com/Schedule/MySchedule/
2024-12-13 12:00:37,170 - INFO - 输入用户名和密码
2024-12-13 12:00:38,323 - INFO - 点击登录按钮
2024-12-13 12:01:33,633 - INFO - 未找到弹窗或弹窗已经关闭
2024-12-13 12:01:33,634 - INFO - ---------------------------------------------------
2024-12-13 12:01:33,634 - INFO - 今天是工作日，执行签出签入流程。
2024-12-13 12:01:33,634 - INFO - 今天是星期4
2024-12-13 12:01:33,634 - INFO - 检查签出按钮状态
2024-12-13 12:01:35,880 - INFO - 签出 按钮已点击。
2024-12-13 12:01:41,736 - INFO - 签出 弹窗关闭按钮已点击。
2024-12-13 12:02:06,744 - INFO - 检查签入按钮状态
2024-12-13 12:02:06,822 - INFO - 检查签出按钮状态以决定是否点击签入按钮
2024-12-13 12:02:07,836 - INFO - 签入 按钮已点击。
2024-12-13 12:02:13,661 - INFO - 签入 弹窗关闭按钮已点击。
2024-12-13 12:02:23,672 - INFO - 关闭浏览器
2024-12-16 07:39:44,408 - INFO - 打开网址: https://myoa.omenow.com/Schedule/MySchedule/
2024-12-16 07:39:48,406 - INFO - 输入用户名和密码
2024-12-16 07:39:49,541 - INFO - 点击登录按钮
2024-12-16 07:40:29,258 - INFO - 未找到弹窗或弹窗已经关闭
2024-12-16 07:40:29,258 - INFO - ---------------------------------------------------
2024-12-16 07:40:29,258 - INFO - 今天是工作日，执行签出签入流程。
2024-12-16 07:40:29,258 - INFO - 今天是星期0
2024-12-16 07:40:29,258 - INFO - 检查签出按钮状态
2024-12-16 07:40:33,033 - INFO - 签出 按钮已点击。
2024-12-16 07:40:39,440 - INFO - 签出 弹窗关闭按钮已点击。
2024-12-16 07:41:04,444 - INFO - 检查签入按钮状态
2024-12-16 07:41:04,519 - INFO - 检查签出按钮状态以决定是否点击签入按钮
2024-12-16 07:41:04,909 - INFO - 签入 按钮已点击。
2024-12-16 07:41:10,368 - INFO - 签入 弹窗关闭按钮已点击。
2024-12-16 07:41:20,369 - INFO - 关闭浏览器
2024-12-16 12:00:23,681 - INFO - 打开网址: https://myoa.omenow.com/Schedule/MySchedule/
2024-12-16 12:00:29,089 - INFO - 输入用户名和密码
2024-12-16 12:00:30,294 - INFO - 点击登录按钮
2024-12-16 12:01:09,981 - INFO - 未找到弹窗或弹窗已经关闭
2024-12-16 12:01:09,981 - INFO - ---------------------------------------------------
2024-12-16 12:01:09,981 - INFO - 今天是工作日，执行签出签入流程。
2024-12-16 12:01:09,981 - INFO - 今天是星期0
2024-12-16 12:01:09,981 - INFO - 检查签出按钮状态
2024-12-16 12:01:13,356 - INFO - 签出 按钮已点击。
2024-12-16 12:01:20,731 - INFO - 签出 弹窗关闭按钮已点击。
2024-12-16 12:01:45,751 - INFO - 检查签入按钮状态
2024-12-16 12:01:45,893 - INFO - 检查签出按钮状态以决定是否点击签入按钮
2024-12-16 12:01:46,414 - INFO - 签入 按钮已点击。
2024-12-16 12:01:52,057 - INFO - 签入 弹窗关闭按钮已点击。
2024-12-16 12:02:02,064 - INFO - 关闭浏览器
2024-12-17 07:30:21,421 - INFO - 打开网址: https://myoa.omenow.com/Schedule/MySchedule/
2024-12-17 07:30:24,761 - INFO - 输入用户名和密码
2024-12-17 07:30:25,800 - INFO - 点击登录按钮
2024-12-17 07:31:25,166 - INFO - 未找到弹窗或弹窗已经关闭
2024-12-17 07:31:25,166 - INFO - ---------------------------------------------------
2024-12-17 07:31:25,166 - INFO - 今天是工作日，执行签出签入流程。
2024-12-17 07:31:25,166 - INFO - 今天是星期1
2024-12-17 07:31:25,166 - INFO - 检查签出按钮状态
2024-12-17 07:31:30,767 - INFO - 签出 按钮已点击。
2024-12-17 07:31:37,056 - INFO - 签出 弹窗关闭按钮已点击。
2024-12-17 07:32:02,066 - INFO - 检查签入按钮状态
2024-12-17 07:32:02,145 - INFO - 检查签出按钮状态以决定是否点击签入按钮
2024-12-17 07:32:02,754 - INFO - 签入 按钮已点击。
2024-12-17 07:32:08,192 - INFO - 签入 弹窗关闭按钮已点击。
2024-12-17 07:32:18,193 - INFO - 关闭浏览器
2024-12-17 12:00:23,345 - INFO - 打开网址: https://myoa.omenow.com/Schedule/MySchedule/
2024-12-17 12:00:35,216 - INFO - 输入用户名和密码
2024-12-17 12:00:36,456 - INFO - 点击登录按钮
2024-12-17 12:01:38,616 - INFO - 未找到弹窗或弹窗已经关闭
2024-12-17 12:01:38,617 - INFO - ---------------------------------------------------
2024-12-17 12:01:38,617 - INFO - 今天是工作日，执行签出签入流程。
2024-12-17 12:01:38,617 - INFO - 今天是星期1
2024-12-17 12:01:38,617 - INFO - 检查签出按钮状态
2024-12-17 12:01:40,044 - INFO - 签出 按钮已点击。
2024-12-17 12:01:46,131 - INFO - 签出 弹窗关闭按钮已点击。
2024-12-17 12:02:11,140 - INFO - 检查签入按钮状态
2024-12-17 12:02:11,224 - INFO - 检查签出按钮状态以决定是否点击签入按钮
2024-12-17 12:02:11,664 - INFO - 签入 按钮已点击。
2024-12-17 12:02:17,337 - INFO - 签入 弹窗关闭按钮已点击。
2024-12-17 12:02:27,342 - INFO - 关闭浏览器
2024-12-18 07:30:21,601 - INFO - 打开网址: https://myoa.omenow.com/Schedule/MySchedule/
2024-12-18 07:30:29,332 - INFO - 输入用户名和密码
2024-12-18 07:30:30,328 - INFO - 点击登录按钮
2024-12-18 07:43:01,704 - INFO - 未找到弹窗或弹窗已经关闭
2024-12-18 07:43:01,705 - INFO - ---------------------------------------------------
2024-12-18 07:43:01,705 - INFO - 今天是工作日，执行签出签入流程。
2024-12-18 07:43:01,705 - INFO - 今天是星期2
2024-12-18 07:43:01,705 - INFO - 检查签出按钮状态
2024-12-18 07:43:05,290 - INFO - 签出 按钮已点击。
2024-12-18 07:43:11,234 - INFO - 签出 弹窗关闭按钮已点击。
2024-12-18 07:43:36,242 - INFO - 检查签入按钮状态
2024-12-18 07:43:36,333 - INFO - 检查签出按钮状态以决定是否点击签入按钮
2024-12-18 07:43:36,852 - INFO - 签入 按钮已点击。
2024-12-18 07:43:42,587 - INFO - 签入 弹窗关闭按钮已点击。
2024-12-18 07:43:52,589 - INFO - 关闭浏览器
2024-12-18 12:00:24,143 - INFO - 打开网址: https://myoa.omenow.com/Schedule/MySchedule/
2024-12-18 12:00:28,659 - INFO - 输入用户名和密码
2024-12-18 12:00:29,807 - INFO - 点击登录按钮
2024-12-18 12:01:10,741 - INFO - 未找到弹窗或弹窗已经关闭
2024-12-18 12:01:10,741 - INFO - ---------------------------------------------------
2024-12-18 12:01:10,741 - INFO - 今天是工作日，执行签出签入流程。
2024-12-18 12:01:10,741 - INFO - 今天是星期2
2024-12-18 12:01:10,741 - INFO - 检查签出按钮状态
2024-12-18 12:01:13,724 - INFO - 签出 按钮已点击。
2024-12-18 12:01:23,062 - INFO - 签出 弹窗关闭按钮已点击。
2024-12-18 12:01:48,076 - INFO - 检查签入按钮状态
2024-12-18 12:01:48,182 - INFO - 检查签出按钮状态以决定是否点击签入按钮
2024-12-18 12:01:48,624 - INFO - 签入 按钮已点击。
2024-12-18 12:01:54,391 - INFO - 签入 弹窗关闭按钮已点击。
2024-12-18 12:02:04,403 - INFO - 关闭浏览器
2024-12-19 07:30:23,077 - INFO - 打开网址: https://myoa.omenow.com/Schedule/MySchedule/
2024-12-19 07:30:26,452 - INFO - 输入用户名和密码
2024-12-19 07:30:27,541 - INFO - 点击登录按钮
2024-12-19 07:31:10,476 - INFO - 未找到弹窗或弹窗已经关闭
2024-12-19 07:31:10,477 - INFO - ---------------------------------------------------
2024-12-19 07:31:10,477 - INFO - 今天是工作日，执行签出签入流程。
2024-12-19 07:31:10,477 - INFO - 今天是星期3
2024-12-19 07:31:10,477 - INFO - 检查签出按钮状态
2024-12-19 07:31:12,916 - INFO - 签出 按钮已点击。
2024-12-19 07:31:18,961 - INFO - 签出 弹窗关闭按钮已点击。
2024-12-19 07:31:43,975 - INFO - 检查签入按钮状态
2024-12-19 07:31:44,122 - INFO - 检查签出按钮状态以决定是否点击签入按钮
2024-12-19 07:31:44,554 - INFO - 签入 按钮已点击。
2024-12-19 07:31:50,093 - INFO - 签入 弹窗关闭按钮已点击。
2024-12-19 07:32:00,104 - INFO - 关闭浏览器
2024-12-19 12:00:25,713 - INFO - 打开网址: https://myoa.omenow.com/Schedule/MySchedule/
2024-12-19 12:00:34,759 - INFO - 输入用户名和密码
2024-12-19 12:00:35,959 - INFO - 点击登录按钮
2024-12-19 12:01:34,738 - INFO - 未找到弹窗或弹窗已经关闭
2024-12-19 12:01:34,739 - INFO - ---------------------------------------------------
2024-12-19 12:01:34,739 - INFO - 今天是工作日，执行签出签入流程。
2024-12-19 12:01:34,739 - INFO - 今天是星期3
2024-12-19 12:01:34,739 - INFO - 检查签出按钮状态
2024-12-19 12:01:35,976 - INFO - 签出 按钮已点击。
2024-12-19 12:01:41,881 - INFO - 签出 弹窗关闭按钮已点击。
2024-12-19 12:02:06,900 - INFO - 检查签入按钮状态
2024-12-19 12:02:07,085 - INFO - 检查签出按钮状态以决定是否点击签入按钮
2024-12-19 12:02:07,531 - INFO - 签入 按钮已点击。
2024-12-19 12:02:13,162 - INFO - 签入 弹窗关闭按钮已点击。
2024-12-19 12:02:23,173 - INFO - 关闭浏览器
2024-12-20 07:30:24,975 - INFO - 打开网址: https://myoa.omenow.com/Schedule/MySchedule/
2024-12-20 07:30:29,699 - INFO - 输入用户名和密码
2024-12-20 07:30:30,990 - INFO - 点击登录按钮
2024-12-20 07:31:30,667 - INFO - 未找到弹窗或弹窗已经关闭
2024-12-20 07:31:30,670 - INFO - ---------------------------------------------------
2024-12-20 07:31:30,670 - INFO - 今天是工作日，执行签出签入流程。
2024-12-20 07:31:30,670 - INFO - 今天是星期4
2024-12-20 07:31:30,670 - INFO - 检查签出按钮状态
2024-12-20 07:31:32,064 - INFO - 签出 按钮已点击。
2024-12-20 07:31:38,413 - INFO - 签出 弹窗关闭按钮已点击。
2024-12-20 07:32:03,426 - INFO - 检查签入按钮状态
2024-12-20 07:32:03,579 - INFO - 检查签出按钮状态以决定是否点击签入按钮
2024-12-20 07:32:04,056 - INFO - 签入 按钮已点击。
2024-12-20 07:32:09,717 - INFO - 签入 弹窗关闭按钮已点击。
2024-12-20 07:32:19,718 - INFO - 关闭浏览器
2024-12-20 07:33:46,546 - ERROR - Service process refused to terminate gracefully with SIGTERM, escalating to SIGKILL.
Traceback (most recent call last):
  File "/opt/anaconda3/envs/oa/lib/python3.10/site-packages/selenium/webdriver/common/service.py", line 172, in _terminate_process
    self.process.wait(60)
  File "/opt/anaconda3/envs/oa/lib/python3.10/subprocess.py", line 1209, in wait
    return self._wait(timeout=timeout)
  File "/opt/anaconda3/envs/oa/lib/python3.10/subprocess.py", line 1951, in _wait
    raise TimeoutExpired(self.args, timeout)
subprocess.TimeoutExpired: Command '['/usr/local/bin/chromedriver', '--port=51234']' timed out after 60 seconds
2024-12-20 12:00:25,364 - INFO - 打开网址: https://myoa.omenow.com/Schedule/MySchedule/
2024-12-20 12:00:33,697 - INFO - 输入用户名和密码
2024-12-20 12:00:34,874 - INFO - 点击登录按钮
2024-12-20 12:01:35,402 - INFO - 未找到弹窗或弹窗已经关闭
2024-12-20 12:01:35,404 - INFO - ---------------------------------------------------
2024-12-20 12:01:35,405 - INFO - 今天是工作日，执行签出签入流程。
2024-12-20 12:01:35,405 - INFO - 今天是星期4
2024-12-20 12:01:35,406 - INFO - 检查签出按钮状态
2024-12-20 12:01:39,796 - INFO - 签出 按钮已点击。
2024-12-20 12:01:46,014 - INFO - 签出 弹窗关闭按钮已点击。
2024-12-20 12:02:11,028 - INFO - 检查签入按钮状态
2024-12-20 12:02:11,873 - INFO - 检查签出按钮状态以决定是否点击签入按钮
2024-12-20 12:02:15,403 - INFO - 签入 按钮已点击。
2024-12-20 12:02:25,734 - INFO - 签入 弹窗关闭按钮已点击。
2024-12-20 12:02:35,745 - INFO - 关闭浏览器
2024-12-20 12:04:01,543 - ERROR - Service process refused to terminate gracefully with SIGTERM, escalating to SIGKILL.
Traceback (most recent call last):
  File "/opt/anaconda3/envs/oa/lib/python3.10/site-packages/selenium/webdriver/common/service.py", line 172, in _terminate_process
    self.process.wait(60)
  File "/opt/anaconda3/envs/oa/lib/python3.10/subprocess.py", line 1209, in wait
    return self._wait(timeout=timeout)
  File "/opt/anaconda3/envs/oa/lib/python3.10/subprocess.py", line 1951, in _wait
    raise TimeoutExpired(self.args, timeout)
subprocess.TimeoutExpired: Command '['/usr/local/bin/chromedriver', '--port=51131']' timed out after 60 seconds
2024-12-21 13:31:05,762 - INFO - Current time: 2024-12-21 13:31:05
2024-12-21 13:31:40,478 - INFO - 打开网址: https://myoa.omenow.com/Schedule/MySchedule/
2024-12-21 13:31:44,062 - INFO - 输入用户名和密码
2024-12-21 13:31:45,192 - INFO - 点击登录按钮
2024-12-21 13:32:06,139 - INFO - ---------------------------------------------------
2024-12-21 13:32:06,139 - INFO - 周六移动办公签出
2024-12-21 13:32:30,310 - INFO - 周六移动办公签出 按钮已点击。
2024-12-21 13:32:36,723 - INFO - 周六移动办公签出 弹窗关闭按钮已点击。
2024-12-21 13:32:41,733 - INFO - 关闭浏览器
2024-12-23 07:30:31,545 - INFO - 打开网址: https://myoa.omenow.com/Schedule/MySchedule/
2024-12-23 07:30:35,127 - INFO - 输入用户名和密码
2024-12-23 07:30:36,228 - INFO - 点击登录按钮
2024-12-23 07:31:20,422 - INFO - 未找到弹窗或弹窗已经关闭
2024-12-23 07:31:20,423 - INFO - ---------------------------------------------------
2024-12-23 07:31:20,423 - INFO - 今天是工作日，执行签出签入流程。
2024-12-23 07:31:20,423 - INFO - 今天是星期0
2024-12-23 07:31:20,423 - INFO - 检查签出按钮状态
2024-12-23 07:31:23,594 - INFO - 签出 按钮已点击。
2024-12-23 07:31:29,599 - INFO - 签出 弹窗关闭按钮已点击。
2024-12-23 07:31:54,609 - INFO - 检查签入按钮状态
2024-12-23 07:31:54,688 - INFO - 检查签出按钮状态以决定是否点击签入按钮
2024-12-23 07:31:55,148 - INFO - 签入 按钮已点击。
2024-12-23 07:32:00,730 - INFO - 签入 弹窗关闭按钮已点击。
2024-12-23 07:32:10,735 - INFO - 关闭浏览器
2024-12-23 12:00:31,609 - INFO - 打开网址: https://myoa.omenow.com/Schedule/MySchedule/
2024-12-23 12:00:37,747 - INFO - 输入用户名和密码
2024-12-23 12:00:39,185 - INFO - 点击登录按钮
2024-12-23 12:01:28,930 - INFO - 未找到弹窗或弹窗已经关闭
2024-12-23 12:01:28,930 - INFO - ---------------------------------------------------
2024-12-23 12:01:28,930 - INFO - 今天是工作日，执行签出签入流程。
2024-12-23 12:01:28,930 - INFO - 今天是星期0
2024-12-23 12:01:28,930 - INFO - 检查签出按钮状态
2024-12-23 12:01:32,766 - INFO - 签出 按钮已点击。
2024-12-23 12:01:41,853 - INFO - 签出 弹窗关闭按钮已点击。
2024-12-23 12:02:06,860 - INFO - 检查签入按钮状态
2024-12-23 12:02:07,066 - INFO - 检查签出按钮状态以决定是否点击签入按钮
2024-12-23 12:02:07,773 - INFO - 签入 按钮已点击。
2024-12-23 12:02:13,676 - INFO - 签入 弹窗关闭按钮已点击。
2024-12-23 12:02:23,681 - INFO - 关闭浏览器
2024-12-23 12:03:49,609 - ERROR - Service process refused to terminate gracefully with SIGTERM, escalating to SIGKILL.
Traceback (most recent call last):
  File "/opt/anaconda3/envs/oa/lib/python3.10/site-packages/selenium/webdriver/common/service.py", line 172, in _terminate_process
    self.process.wait(60)
  File "/opt/anaconda3/envs/oa/lib/python3.10/subprocess.py", line 1209, in wait
    return self._wait(timeout=timeout)
  File "/opt/anaconda3/envs/oa/lib/python3.10/subprocess.py", line 1951, in _wait
    raise TimeoutExpired(self.args, timeout)
subprocess.TimeoutExpired: Command '['/usr/local/bin/chromedriver', '--port=61663']' timed out after 60 seconds
2024-12-24 07:30:30,829 - INFO - 打开网址: https://myoa.omenow.com/Schedule/MySchedule/
2024-12-24 07:30:35,982 - INFO - 输入用户名和密码
2024-12-24 07:30:37,252 - INFO - 点击登录按钮
2024-12-24 07:31:19,813 - INFO - 未找到弹窗或弹窗已经关闭
2024-12-24 07:31:19,813 - INFO - ---------------------------------------------------
2024-12-24 07:31:19,813 - INFO - 今天是工作日，执行签出签入流程。
2024-12-24 07:31:19,813 - INFO - 今天是星期1
2024-12-24 07:31:19,813 - INFO - 检查签出按钮状态
2024-12-24 07:31:23,873 - INFO - 签出 按钮已点击。
2024-12-24 07:31:31,215 - INFO - 签出 弹窗关闭按钮已点击。
2024-12-24 07:31:56,221 - INFO - 检查签入按钮状态
2024-12-24 07:31:56,329 - INFO - 检查签出按钮状态以决定是否点击签入按钮
2024-12-24 07:31:56,875 - INFO - 签入 按钮已点击。
2024-12-24 07:32:02,522 - INFO - 签入 弹窗关闭按钮已点击。
2024-12-24 07:32:12,528 - INFO - 关闭浏览器
2024-12-24 07:33:35,600 - ERROR - Service process refused to terminate gracefully with SIGTERM, escalating to SIGKILL.
Traceback (most recent call last):
  File "/opt/anaconda3/envs/oa/lib/python3.10/site-packages/selenium/webdriver/common/service.py", line 172, in _terminate_process
    self.process.wait(60)
  File "/opt/anaconda3/envs/oa/lib/python3.10/subprocess.py", line 1209, in wait
    return self._wait(timeout=timeout)
  File "/opt/anaconda3/envs/oa/lib/python3.10/subprocess.py", line 1951, in _wait
    raise TimeoutExpired(self.args, timeout)
subprocess.TimeoutExpired: Command '['/usr/local/bin/chromedriver', '--port=57503']' timed out after 60 seconds
2024-12-24 12:00:28,939 - INFO - 打开网址: https://myoa.omenow.com/Schedule/MySchedule/
2024-12-24 12:00:35,785 - INFO - 输入用户名和密码
2024-12-24 12:00:36,978 - INFO - 点击登录按钮
2024-12-24 12:01:36,410 - INFO - 未找到弹窗或弹窗已经关闭
2024-12-24 12:01:36,411 - INFO - ---------------------------------------------------
2024-12-24 12:01:36,411 - INFO - 今天是工作日，执行签出签入流程。
2024-12-24 12:01:36,411 - INFO - 今天是星期1
2024-12-24 12:01:36,411 - INFO - 检查签出按钮状态
2024-12-24 12:01:38,307 - INFO - 签出 按钮已点击。
2024-12-24 12:01:44,264 - INFO - 签出 弹窗关闭按钮已点击。
2024-12-24 12:02:09,282 - INFO - 检查签入按钮状态
2024-12-24 12:02:09,387 - INFO - 检查签出按钮状态以决定是否点击签入按钮
2024-12-24 12:02:09,874 - INFO - 签入 按钮已点击。
2024-12-24 12:02:16,860 - INFO - 签入 弹窗关闭按钮已点击。
2024-12-24 12:02:26,868 - INFO - 关闭浏览器
2024-12-24 12:03:53,602 - ERROR - Service process refused to terminate gracefully with SIGTERM, escalating to SIGKILL.
Traceback (most recent call last):
  File "/opt/anaconda3/envs/oa/lib/python3.10/site-packages/selenium/webdriver/common/service.py", line 172, in _terminate_process
    self.process.wait(60)
  File "/opt/anaconda3/envs/oa/lib/python3.10/subprocess.py", line 1209, in wait
    return self._wait(timeout=timeout)
  File "/opt/anaconda3/envs/oa/lib/python3.10/subprocess.py", line 1951, in _wait
    raise TimeoutExpired(self.args, timeout)
subprocess.TimeoutExpired: Command '['/usr/local/bin/chromedriver', '--port=60126']' timed out after 60 seconds
2024-12-25 07:30:28,531 - INFO - 打开网址: https://myoa.omenow.com/Schedule/MySchedule/
2024-12-25 07:30:33,288 - INFO - 输入用户名和密码
2024-12-25 07:30:34,588 - INFO - 点击登录按钮
2024-12-25 07:31:26,084 - INFO - 未找到弹窗或弹窗已经关闭
2024-12-25 07:31:26,085 - INFO - ---------------------------------------------------
2024-12-25 07:31:26,086 - INFO - 今天是工作日，执行签出签入流程。
2024-12-25 07:31:26,086 - INFO - 今天是星期2
2024-12-25 07:31:26,086 - INFO - 检查签出按钮状态
2024-12-25 07:31:28,013 - INFO - 签出 按钮已点击。
2024-12-25 07:31:35,270 - INFO - 签出 弹窗关闭按钮已点击。
2024-12-25 07:32:28,165 - INFO - 检查签入按钮状态
2024-12-25 07:32:28,436 - INFO - 检查签出按钮状态以决定是否点击签入按钮
2024-12-25 07:32:29,789 - INFO - 签入 按钮已点击。
2024-12-25 07:32:35,449 - INFO - 签入 弹窗关闭按钮已点击。
2024-12-25 07:32:45,460 - INFO - 关闭浏览器
2024-12-25 07:45:18,162 - ERROR - Service process refused to terminate gracefully with SIGTERM, escalating to SIGKILL.
Traceback (most recent call last):
  File "/opt/anaconda3/envs/oa/lib/python3.10/site-packages/selenium/webdriver/common/service.py", line 172, in _terminate_process
    self.process.wait(60)
  File "/opt/anaconda3/envs/oa/lib/python3.10/subprocess.py", line 1209, in wait
    return self._wait(timeout=timeout)
  File "/opt/anaconda3/envs/oa/lib/python3.10/subprocess.py", line 1951, in _wait
    raise TimeoutExpired(self.args, timeout)
subprocess.TimeoutExpired: Command '['/usr/local/bin/chromedriver', '--port=52391']' timed out after 60 seconds
2024-12-25 12:00:29,234 - INFO - 打开网址: https://myoa.omenow.com/Schedule/MySchedule/
2024-12-25 12:00:33,134 - INFO - 输入用户名和密码
2024-12-25 12:00:34,390 - INFO - 点击登录按钮
2024-12-25 12:01:18,394 - INFO - 未找到弹窗或弹窗已经关闭
2024-12-25 12:01:18,395 - INFO - ---------------------------------------------------
2024-12-25 12:01:18,395 - INFO - 今天是工作日，执行签出签入流程。
2024-12-25 12:01:18,395 - INFO - 今天是星期2
2024-12-25 12:01:18,395 - INFO - 检查签出按钮状态
2024-12-25 12:01:20,978 - INFO - 签出 按钮已点击。
2024-12-25 12:01:27,131 - INFO - 签出 弹窗关闭按钮已点击。
2024-12-25 12:01:52,150 - INFO - 检查签入按钮状态
2024-12-25 12:01:52,321 - INFO - 检查签出按钮状态以决定是否点击签入按钮
2024-12-25 12:01:56,513 - INFO - 签入 按钮已点击。
2024-12-25 12:02:03,501 - INFO - 签入 弹窗关闭按钮已点击。
2024-12-25 12:02:13,509 - INFO - 关闭浏览器
2024-12-26 07:30:24,501 - INFO - 打开网址: https://myoa.omenow.com/Schedule/MySchedule/
2024-12-26 07:30:30,677 - INFO - 输入用户名和密码
2024-12-26 07:30:31,883 - INFO - 点击登录按钮
2024-12-26 07:31:30,251 - INFO - 未找到弹窗或弹窗已经关闭
2024-12-26 07:31:30,251 - INFO - ---------------------------------------------------
2024-12-26 07:31:30,252 - INFO - 今天是工作日，执行签出签入流程。
2024-12-26 07:31:30,252 - INFO - 今天是星期3
2024-12-26 07:31:30,252 - INFO - 检查签出按钮状态
2024-12-26 07:31:31,805 - INFO - 签出 按钮已点击。
2024-12-26 07:31:38,003 - INFO - 签出 弹窗关闭按钮已点击。
2024-12-26 07:32:03,010 - INFO - 检查签入按钮状态
2024-12-26 07:32:03,098 - INFO - 检查签出按钮状态以决定是否点击签入按钮
2024-12-26 07:32:03,520 - INFO - 签入 按钮已点击。
2024-12-26 07:32:09,276 - INFO - 签入 弹窗关闭按钮已点击。
2024-12-26 07:32:19,283 - INFO - 关闭浏览器
2024-12-26 07:33:44,242 - ERROR - Service process refused to terminate gracefully with SIGTERM, escalating to SIGKILL.
Traceback (most recent call last):
  File "/opt/anaconda3/envs/oa/lib/python3.10/site-packages/selenium/webdriver/common/service.py", line 172, in _terminate_process
    self.process.wait(60)
  File "/opt/anaconda3/envs/oa/lib/python3.10/subprocess.py", line 1209, in wait
    return self._wait(timeout=timeout)
  File "/opt/anaconda3/envs/oa/lib/python3.10/subprocess.py", line 1951, in _wait
    raise TimeoutExpired(self.args, timeout)
subprocess.TimeoutExpired: Command '['/usr/local/bin/chromedriver', '--port=56777']' timed out after 60 seconds
2024-12-26 12:00:25,612 - INFO - 打开网址: https://myoa.omenow.com/Schedule/MySchedule/
2024-12-26 12:00:32,399 - INFO - 输入用户名和密码
2024-12-26 12:00:33,637 - INFO - 点击登录按钮
2024-12-26 12:01:13,577 - INFO - 未找到弹窗或弹窗已经关闭
2024-12-26 12:01:13,578 - INFO - ---------------------------------------------------
2024-12-26 12:01:13,578 - INFO - 今天是工作日，执行签出签入流程。
2024-12-26 12:01:13,578 - INFO - 今天是星期3
2024-12-26 12:01:13,578 - INFO - 检查签出按钮状态
2024-12-26 12:01:16,745 - INFO - 签出 按钮已点击。
2024-12-26 12:01:24,566 - INFO - 签出 弹窗关闭按钮已点击。
2024-12-26 12:01:49,589 - INFO - 检查签入按钮状态
2024-12-26 12:01:49,755 - INFO - 检查签出按钮状态以决定是否点击签入按钮
2024-12-26 12:01:50,453 - INFO - 签入 按钮已点击。
2024-12-26 12:01:56,026 - INFO - 签入 弹窗关闭按钮已点击。
2024-12-26 12:02:06,037 - INFO - 关闭浏览器
2024-12-26 12:03:30,011 - ERROR - Service process refused to terminate gracefully with SIGTERM, escalating to SIGKILL.
Traceback (most recent call last):
  File "/opt/anaconda3/envs/oa/lib/python3.10/site-packages/selenium/webdriver/common/service.py", line 172, in _terminate_process
    self.process.wait(60)
  File "/opt/anaconda3/envs/oa/lib/python3.10/subprocess.py", line 1209, in wait
    return self._wait(timeout=timeout)
  File "/opt/anaconda3/envs/oa/lib/python3.10/subprocess.py", line 1951, in _wait
    raise TimeoutExpired(self.args, timeout)
subprocess.TimeoutExpired: Command '['/usr/local/bin/chromedriver', '--port=52398']' timed out after 60 seconds
2024-12-27 07:30:47,922 - INFO - 打开网址: https://myoa.omenow.com/Schedule/MySchedule/
2024-12-27 07:30:53,649 - INFO - 输入用户名和密码
2024-12-27 07:30:54,854 - INFO - 点击登录按钮
2024-12-27 07:31:59,179 - INFO - 未找到弹窗或弹窗已经关闭
2024-12-27 07:31:59,179 - INFO - ---------------------------------------------------
2024-12-27 07:31:59,179 - INFO - 今天是工作日，执行签出签入流程。
2024-12-27 07:31:59,180 - INFO - 今天是星期4
2024-12-27 07:31:59,180 - INFO - 检查签出按钮状态
2024-12-27 07:32:00,508 - INFO - 签出 按钮已点击。
2024-12-27 07:32:06,416 - INFO - 签出 弹窗关闭按钮已点击。
2024-12-27 07:32:31,421 - INFO - 检查签入按钮状态
2024-12-27 07:32:31,621 - INFO - 检查签出按钮状态以决定是否点击签入按钮
2024-12-27 07:32:32,086 - INFO - 签入 按钮已点击。
2024-12-27 07:32:37,664 - INFO - 签入 弹窗关闭按钮已点击。
2024-12-27 07:32:47,674 - INFO - 关闭浏览器
2024-12-27 07:34:12,417 - ERROR - Service process refused to terminate gracefully with SIGTERM, escalating to SIGKILL.
Traceback (most recent call last):
  File "/opt/anaconda3/envs/oa/lib/python3.10/site-packages/selenium/webdriver/common/service.py", line 172, in _terminate_process
    self.process.wait(60)
  File "/opt/anaconda3/envs/oa/lib/python3.10/subprocess.py", line 1209, in wait
    return self._wait(timeout=timeout)
  File "/opt/anaconda3/envs/oa/lib/python3.10/subprocess.py", line 1951, in _wait
    raise TimeoutExpired(self.args, timeout)
subprocess.TimeoutExpired: Command '['/usr/local/bin/chromedriver', '--port=54891']' timed out after 60 seconds
2024-12-27 12:00:23,594 - INFO - 打开网址: https://myoa.omenow.com/Schedule/MySchedule/
2024-12-27 12:00:29,223 - INFO - 输入用户名和密码
2024-12-27 12:00:30,302 - INFO - 点击登录按钮
2024-12-27 12:01:10,866 - INFO - 未找到弹窗或弹窗已经关闭
2024-12-27 12:01:10,866 - INFO - ---------------------------------------------------
2024-12-27 12:01:10,866 - INFO - 今天是工作日，执行签出签入流程。
2024-12-27 12:01:10,866 - INFO - 今天是星期4
2024-12-27 12:01:10,866 - INFO - 检查签出按钮状态
2024-12-27 12:01:14,225 - INFO - 签出 按钮已点击。
2024-12-27 12:01:22,582 - INFO - 签出 弹窗关闭按钮已点击。
2024-12-27 12:01:47,595 - INFO - 检查签入按钮状态
2024-12-27 12:01:47,706 - INFO - 检查签出按钮状态以决定是否点击签入按钮
2024-12-27 12:01:48,161 - INFO - 签入 按钮已点击。
2024-12-27 12:01:53,786 - INFO - 签入 弹窗关闭按钮已点击。
2024-12-27 12:02:03,796 - INFO - 关闭浏览器
2024-12-27 12:03:27,800 - ERROR - Service process refused to terminate gracefully with SIGTERM, escalating to SIGKILL.
Traceback (most recent call last):
  File "/opt/anaconda3/envs/oa/lib/python3.10/site-packages/selenium/webdriver/common/service.py", line 172, in _terminate_process
    self.process.wait(60)
  File "/opt/anaconda3/envs/oa/lib/python3.10/subprocess.py", line 1209, in wait
    return self._wait(timeout=timeout)
  File "/opt/anaconda3/envs/oa/lib/python3.10/subprocess.py", line 1951, in _wait
    raise TimeoutExpired(self.args, timeout)
subprocess.TimeoutExpired: Command '['/usr/local/bin/chromedriver', '--port=54363']' timed out after 60 seconds
2024-12-28 13:31:03,271 - INFO - Current time: 2024-12-28 13:31:03
2024-12-28 13:31:08,417 - INFO - 打开网址: https://myoa.omenow.com/Schedule/MySchedule/
2024-12-28 13:31:11,980 - INFO - 输入用户名和密码
2024-12-28 13:31:13,080 - INFO - 点击登录按钮
2024-12-28 13:31:33,935 - INFO - ---------------------------------------------------
2024-12-28 13:31:33,935 - INFO - 周六移动办公签出
2024-12-28 13:49:03,841 - INFO - 周六移动办公签出 按钮已点击。
2024-12-28 13:49:19,003 - ERROR - 处理 周六移动办公签出 弹出窗口时出现异常: Message: 
Stacktrace:
0   chromedriver                        0x000000010103ddb2 chromedriver + 6696370
1   chromedriver                        0x0000000101035bca chromedriver + 6663114
2   chromedriver                        0x0000000100a3de3e chromedriver + 405054
3   chromedriver                        0x0000000100a8e815 chromedriver + 735253
4   chromedriver                        0x0000000100a8ed11 chromedriver + 736529
5   chromedriver                        0x0000000100ad9314 chromedriver + 1041172
6   chromedriver                        0x0000000100ab389d chromedriver + 886941
7   chromedriver                        0x0000000100ad63f4 chromedriver + 1029108
8   chromedriver                        0x0000000100ab3613 chromedriver + 886291
9   chromedriver                        0x0000000100a80950 chromedriver + 678224
10  chromedriver                        0x0000000100a8134e chromedriver + 680782
11  chromedriver                        0x000000010100b6a0 chromedriver + 6489760
12  chromedriver                        0x000000010100e149 chromedriver + 6500681
13  chromedriver                        0x000000010100dc6b chromedriver + 6499435
14  chromedriver                        0x000000010100e5d5 chromedriver + 6501845
15  chromedriver                        0x0000000100ff6454 chromedriver + 6403156
16  chromedriver                        0x000000010100e8bf chromedriver + 6502591
17  chromedriver                        0x0000000100fe7884 chromedriver + 6342788
18  chromedriver                        0x00000001010262a8 chromedriver + 6599336
19  chromedriver                        0x0000000101026465 chromedriver + 6599781
20  chromedriver                        0x0000000101035798 chromedriver + 6662040
21  libsystem_pthread.dylib             0x00007ff8042471d3 _pthread_start + 125
22  libsystem_pthread.dylib             0x00007ff804242bd3 thread_start + 15

2024-12-28 13:49:24,009 - INFO - 关闭浏览器
2024-12-30 07:30:21,729 - INFO - 打开网址: https://myoa.omenow.com/Schedule/MySchedule/
2024-12-30 07:30:25,183 - INFO - 输入用户名和密码
2024-12-30 07:30:26,285 - INFO - 点击登录按钮
2024-12-30 07:31:10,706 - INFO - 未找到弹窗或弹窗已经关闭
2024-12-30 07:31:10,706 - INFO - ---------------------------------------------------
2024-12-30 07:31:10,706 - INFO - 今天是工作日，执行签出签入流程。
2024-12-30 07:31:10,706 - INFO - 今天是星期0
2024-12-30 07:31:10,706 - INFO - 检查签出按钮状态
2024-12-30 07:31:12,490 - INFO - 签出 按钮已点击。
2024-12-30 07:31:18,653 - INFO - 签出 弹窗关闭按钮已点击。
2024-12-30 07:31:43,662 - INFO - 检查签入按钮状态
2024-12-30 07:31:43,883 - INFO - 检查签出按钮状态以决定是否点击签入按钮
2024-12-30 07:31:44,436 - INFO - 签入 按钮已点击。
2024-12-30 07:31:50,086 - INFO - 签入 弹窗关闭按钮已点击。
2024-12-30 07:32:00,091 - INFO - 关闭浏览器
2024-12-30 12:00:24,307 - INFO - 打开网址: https://myoa.omenow.com/Schedule/MySchedule/
2024-12-30 12:00:30,005 - INFO - 输入用户名和密码
2024-12-30 12:00:31,166 - INFO - 点击登录按钮
2024-12-30 12:01:27,788 - INFO - 未找到弹窗或弹窗已经关闭
2024-12-30 12:01:27,790 - INFO - ---------------------------------------------------
2024-12-30 12:01:27,790 - INFO - 今天是工作日，执行签出签入流程。
2024-12-30 12:01:27,791 - INFO - 今天是星期0
2024-12-30 12:01:27,791 - INFO - 检查签出按钮状态
2024-12-30 12:01:29,783 - INFO - 签出 按钮已点击。
2024-12-30 12:01:36,145 - INFO - 签出 弹窗关闭按钮已点击。
2024-12-30 12:02:01,170 - INFO - 检查签入按钮状态
2024-12-30 12:02:01,737 - INFO - 检查签出按钮状态以决定是否点击签入按钮
2024-12-30 12:02:02,342 - INFO - 签入 按钮已点击。
2024-12-30 12:02:08,131 - INFO - 签入 弹窗关闭按钮已点击。
2024-12-30 12:02:18,138 - INFO - 关闭浏览器
2024-12-30 12:03:43,759 - ERROR - Service process refused to terminate gracefully with SIGTERM, escalating to SIGKILL.
Traceback (most recent call last):
  File "/opt/anaconda3/envs/oa/lib/python3.10/site-packages/selenium/webdriver/common/service.py", line 172, in _terminate_process
    self.process.wait(60)
  File "/opt/anaconda3/envs/oa/lib/python3.10/subprocess.py", line 1209, in wait
    return self._wait(timeout=timeout)
  File "/opt/anaconda3/envs/oa/lib/python3.10/subprocess.py", line 1951, in _wait
    raise TimeoutExpired(self.args, timeout)
subprocess.TimeoutExpired: Command '['/usr/local/bin/chromedriver', '--port=51250']' timed out after 60 seconds
2024-12-31 07:30:21,825 - INFO - 打开网址: https://myoa.omenow.com/Schedule/MySchedule/
2024-12-31 07:30:26,420 - INFO - 输入用户名和密码
2024-12-31 07:30:27,574 - INFO - 点击登录按钮
2024-12-31 07:31:11,204 - INFO - 未找到弹窗或弹窗已经关闭
2024-12-31 07:31:11,204 - INFO - ---------------------------------------------------
2024-12-31 07:31:11,205 - INFO - 今天是工作日，执行签出签入流程。
2024-12-31 07:31:11,205 - INFO - 今天是星期1
2024-12-31 07:31:11,205 - INFO - 检查签出按钮状态
2024-12-31 07:31:13,921 - INFO - 签出 按钮已点击。
2024-12-31 07:31:21,704 - INFO - 签出 弹窗关闭按钮已点击。
2024-12-31 07:31:46,722 - INFO - 检查签入按钮状态
2024-12-31 07:31:46,815 - INFO - 检查签出按钮状态以决定是否点击签入按钮
2024-12-31 07:31:47,154 - INFO - 签入 按钮已点击。
2024-12-31 07:31:52,804 - INFO - 签入 弹窗关闭按钮已点击。
2024-12-31 07:32:02,814 - INFO - 关闭浏览器
2024-12-31 07:33:26,325 - ERROR - Service process refused to terminate gracefully with SIGTERM, escalating to SIGKILL.
Traceback (most recent call last):
  File "/opt/anaconda3/envs/oa/lib/python3.10/site-packages/selenium/webdriver/common/service.py", line 172, in _terminate_process
    self.process.wait(60)
  File "/opt/anaconda3/envs/oa/lib/python3.10/subprocess.py", line 1209, in wait
    return self._wait(timeout=timeout)
  File "/opt/anaconda3/envs/oa/lib/python3.10/subprocess.py", line 1951, in _wait
    raise TimeoutExpired(self.args, timeout)
subprocess.TimeoutExpired: Command '['/usr/local/bin/chromedriver', '--port=49443']' timed out after 60 seconds
2024-12-31 12:00:24,130 - INFO - 打开网址: https://myoa.omenow.com/Schedule/MySchedule/
2024-12-31 12:00:29,139 - INFO - 输入用户名和密码
2024-12-31 12:00:30,360 - INFO - 点击登录按钮
2024-12-31 12:01:10,091 - INFO - 未找到弹窗或弹窗已经关闭
2024-12-31 12:01:10,091 - INFO - ---------------------------------------------------
2024-12-31 12:01:10,091 - INFO - 今天是工作日，执行签出签入流程。
2024-12-31 12:01:10,091 - INFO - 今天是星期1
2024-12-31 12:01:10,091 - INFO - 检查签出按钮状态
2024-12-31 12:01:12,984 - INFO - 签出 按钮已点击。
2024-12-31 12:01:18,919 - INFO - 签出 弹窗关闭按钮已点击。
2024-12-31 12:01:43,928 - INFO - 检查签入按钮状态
2024-12-31 12:01:44,139 - INFO - 检查签出按钮状态以决定是否点击签入按钮
2024-12-31 12:01:44,459 - INFO - 签入 按钮已点击。
2024-12-31 12:01:49,988 - INFO - 签入 弹窗关闭按钮已点击。
2024-12-31 12:01:59,999 - INFO - 关闭浏览器
2024-12-31 12:03:25,284 - ERROR - Service process refused to terminate gracefully with SIGTERM, escalating to SIGKILL.
Traceback (most recent call last):
  File "/opt/anaconda3/envs/oa/lib/python3.10/site-packages/selenium/webdriver/common/service.py", line 172, in _terminate_process
    self.process.wait(60)
  File "/opt/anaconda3/envs/oa/lib/python3.10/subprocess.py", line 1209, in wait
    return self._wait(timeout=timeout)
  File "/opt/anaconda3/envs/oa/lib/python3.10/subprocess.py", line 1951, in _wait
    raise TimeoutExpired(self.args, timeout)
subprocess.TimeoutExpired: Command '['/usr/local/bin/chromedriver', '--port=61035']' timed out after 60 seconds
2025-01-02 07:30:23,810 - INFO - 打开网址: https://myoa.omenow.com/Schedule/MySchedule/
2025-01-02 07:30:27,200 - INFO - 输入用户名和密码
2025-01-02 07:30:28,324 - INFO - 点击登录按钮
2025-01-02 07:31:09,323 - INFO - 未找到弹窗或弹窗已经关闭
2025-01-02 07:31:09,324 - INFO - ---------------------------------------------------
2025-01-02 07:31:09,324 - INFO - 今天是工作日，执行签出签入流程。
2025-01-02 07:31:09,324 - INFO - 今天是星期3
2025-01-02 07:31:09,324 - INFO - 检查签出按钮状态
2025-01-02 07:31:13,177 - INFO - 签出 按钮已点击。
2025-01-02 07:31:19,473 - INFO - 签出 弹窗关闭按钮已点击。
2025-01-02 07:31:44,495 - INFO - 检查签入按钮状态
2025-01-02 07:31:44,585 - INFO - 检查签出按钮状态以决定是否点击签入按钮
2025-01-02 07:31:44,973 - INFO - 签入 按钮已点击。
2025-01-02 07:31:50,581 - INFO - 签入 弹窗关闭按钮已点击。
2025-01-02 07:32:00,591 - INFO - 关闭浏览器
2025-01-03 07:30:47,155 - INFO - 打开网址: https://myoa.omenow.com/Schedule/MySchedule/
2025-01-03 07:30:51,989 - INFO - 输入用户名和密码
2025-01-03 07:30:53,168 - INFO - 点击登录按钮
2025-01-03 07:31:38,593 - INFO - 未找到弹窗或弹窗已经关闭
2025-01-03 07:31:38,593 - INFO - ---------------------------------------------------
2025-01-03 07:31:38,593 - INFO - 今天是工作日，执行签出签入流程。
2025-01-03 07:31:38,593 - INFO - 今天是星期4
2025-01-03 07:31:38,593 - INFO - 检查签出按钮状态
2025-01-03 07:31:41,529 - INFO - 签出 按钮已点击。
2025-01-03 07:31:47,688 - INFO - 签出 弹窗关闭按钮已点击。
2025-01-03 07:32:12,702 - INFO - 检查签入按钮状态
2025-01-03 07:32:12,783 - INFO - 检查签出按钮状态以决定是否点击签入按钮
2025-01-03 07:32:13,612 - INFO - 签入 按钮已点击。
2025-01-03 07:32:19,305 - INFO - 签入 弹窗关闭按钮已点击。
2025-01-03 07:32:29,306 - INFO - 关闭浏览器
2025-01-03 07:33:53,268 - ERROR - Service process refused to terminate gracefully with SIGTERM, escalating to SIGKILL.
Traceback (most recent call last):
  File "/opt/anaconda3/envs/oa/lib/python3.10/site-packages/selenium/webdriver/common/service.py", line 172, in _terminate_process
    self.process.wait(60)
  File "/opt/anaconda3/envs/oa/lib/python3.10/subprocess.py", line 1209, in wait
    return self._wait(timeout=timeout)
  File "/opt/anaconda3/envs/oa/lib/python3.10/subprocess.py", line 1951, in _wait
    raise TimeoutExpired(self.args, timeout)
subprocess.TimeoutExpired: Command '['/usr/local/bin/chromedriver', '--port=59553']' timed out after 60 seconds
2025-01-03 12:00:23,194 - INFO - 打开网址: https://myoa.omenow.com/Schedule/MySchedule/
2025-01-03 12:00:26,815 - INFO - 输入用户名和密码
2025-01-03 12:00:27,957 - INFO - 点击登录按钮
2025-01-03 12:01:09,666 - INFO - 未找到弹窗或弹窗已经关闭
2025-01-03 12:01:09,666 - INFO - ---------------------------------------------------
2025-01-03 12:01:09,666 - INFO - 今天是工作日，执行签出签入流程。
2025-01-03 12:01:09,666 - INFO - 今天是星期4
2025-01-03 12:01:09,666 - INFO - 检查签出按钮状态
2025-01-03 12:01:13,478 - INFO - 签出 按钮已点击。
2025-01-03 12:01:20,061 - INFO - 签出 弹窗关闭按钮已点击。
2025-01-03 12:01:45,065 - INFO - 检查签入按钮状态
2025-01-03 12:01:45,147 - INFO - 检查签出按钮状态以决定是否点击签入按钮
2025-01-03 12:01:46,017 - INFO - 签入 按钮已点击。
2025-01-03 12:01:51,654 - INFO - 签入 弹窗关闭按钮已点击。
2025-01-03 12:02:01,664 - INFO - 关闭浏览器
2025-01-04 13:31:05,361 - INFO - Current time: 2025-01-04 13:31:05
2025-01-04 13:31:11,199 - INFO - 打开网址: https://myoa.omenow.com/Schedule/MySchedule/
2025-01-04 13:31:15,032 - INFO - 输入用户名和密码
2025-01-04 13:31:16,266 - INFO - 点击登录按钮
2025-01-04 13:31:37,189 - INFO - ---------------------------------------------------
2025-01-04 13:31:37,190 - INFO - 周六移动办公签出
2025-01-04 13:32:03,362 - INFO - 周六移动办公签出 按钮已点击。
2025-01-04 13:32:09,573 - INFO - 周六移动办公签出 弹窗关闭按钮已点击。
2025-01-04 13:32:14,584 - INFO - 关闭浏览器
2025-01-06 07:30:23,489 - INFO - 打开网址: https://myoa.omenow.com/Schedule/MySchedule/
2025-01-06 07:30:27,232 - INFO - 输入用户名和密码
2025-01-06 07:30:28,483 - INFO - 点击登录按钮
2025-01-06 07:31:15,136 - INFO - 未找到弹窗或弹窗已经关闭
2025-01-06 07:31:15,137 - INFO - ---------------------------------------------------
2025-01-06 07:31:15,138 - INFO - 今天是工作日，执行签出签入流程。
2025-01-06 07:31:15,138 - INFO - 今天是星期0
2025-01-06 07:31:15,138 - INFO - 检查签出按钮状态
2025-01-06 07:31:17,910 - INFO - 签出 按钮已点击。
2025-01-06 07:31:24,229 - INFO - 签出 弹窗关闭按钮已点击。
2025-01-06 07:31:49,252 - INFO - 检查签入按钮状态
2025-01-06 07:31:49,343 - INFO - 检查签出按钮状态以决定是否点击签入按钮
2025-01-06 07:31:49,760 - INFO - 签入 按钮已点击。
2025-01-06 07:31:55,408 - INFO - 签入 弹窗关闭按钮已点击。
2025-01-06 07:32:05,411 - INFO - 关闭浏览器
2025-01-06 12:00:22,733 - INFO - 打开网址: https://myoa.omenow.com/Schedule/MySchedule/
2025-01-06 12:00:28,033 - INFO - 输入用户名和密码
2025-01-06 12:00:29,257 - INFO - 点击登录按钮
2025-01-06 12:01:12,798 - INFO - 未找到弹窗或弹窗已经关闭
2025-01-06 12:01:12,799 - INFO - ---------------------------------------------------
2025-01-06 12:01:12,799 - INFO - 今天是工作日，执行签出签入流程。
2025-01-06 12:01:12,799 - INFO - 今天是星期0
2025-01-06 12:01:12,799 - INFO - 检查签出按钮状态
2025-01-06 12:01:14,470 - INFO - 签出 按钮已点击。
2025-01-06 12:01:22,337 - INFO - 签出 弹窗关闭按钮已点击。
2025-01-06 12:01:47,343 - INFO - 检查签入按钮状态
2025-01-06 12:01:47,439 - INFO - 检查签出按钮状态以决定是否点击签入按钮
2025-01-06 12:01:48,487 - INFO - 签入 按钮已点击。
2025-01-06 12:01:54,125 - INFO - 签入 弹窗关闭按钮已点击。
2025-01-06 12:02:04,129 - INFO - 关闭浏览器
2025-01-06 12:03:33,121 - ERROR - Service process refused to terminate gracefully with SIGTERM, escalating to SIGKILL.
Traceback (most recent call last):
  File "/opt/anaconda3/envs/oa/lib/python3.10/site-packages/selenium/webdriver/common/service.py", line 172, in _terminate_process
    self.process.wait(60)
  File "/opt/anaconda3/envs/oa/lib/python3.10/subprocess.py", line 1209, in wait
    return self._wait(timeout=timeout)
  File "/opt/anaconda3/envs/oa/lib/python3.10/subprocess.py", line 1951, in _wait
    raise TimeoutExpired(self.args, timeout)
subprocess.TimeoutExpired: Command '['/usr/local/bin/chromedriver', '--port=63592']' timed out after 60 seconds
2025-01-07 07:30:22,970 - INFO - 打开网址: https://myoa.omenow.com/Schedule/MySchedule/
2025-01-07 07:30:29,496 - INFO - 输入用户名和密码
2025-01-07 07:30:30,750 - INFO - 点击登录按钮
2025-01-07 07:39:41,172 - INFO - 未找到弹窗或弹窗已经关闭
2025-01-07 07:39:41,172 - INFO - ---------------------------------------------------
2025-01-07 07:39:41,172 - INFO - 今天是工作日，执行签出签入流程。
2025-01-07 07:39:41,172 - INFO - 今天是星期1
2025-01-07 07:39:41,172 - INFO - 检查签出按钮状态
2025-01-07 07:39:45,045 - INFO - 签出 按钮已点击。
2025-01-07 07:39:52,366 - INFO - 签出 弹窗关闭按钮已点击。
2025-01-07 07:40:17,381 - INFO - 检查签入按钮状态
2025-01-07 07:40:17,457 - INFO - 检查签出按钮状态以决定是否点击签入按钮
2025-01-07 07:40:18,183 - INFO - 签入 按钮已点击。
2025-01-07 07:40:23,886 - INFO - 签入 弹窗关闭按钮已点击。
2025-01-07 07:40:33,894 - INFO - 关闭浏览器
2025-01-07 07:41:59,140 - ERROR - Service process refused to terminate gracefully with SIGTERM, escalating to SIGKILL.
Traceback (most recent call last):
  File "/opt/anaconda3/envs/oa/lib/python3.10/site-packages/selenium/webdriver/common/service.py", line 172, in _terminate_process
    self.process.wait(60)
  File "/opt/anaconda3/envs/oa/lib/python3.10/subprocess.py", line 1209, in wait
    return self._wait(timeout=timeout)
  File "/opt/anaconda3/envs/oa/lib/python3.10/subprocess.py", line 1951, in _wait
    raise TimeoutExpired(self.args, timeout)
subprocess.TimeoutExpired: Command '['/usr/local/bin/chromedriver', '--port=54346']' timed out after 60 seconds
2025-01-07 12:00:23,689 - INFO - 打开网址: https://myoa.omenow.com/Schedule/MySchedule/
2025-01-07 12:00:30,106 - INFO - 输入用户名和密码
2025-01-07 12:00:31,315 - INFO - 点击登录按钮
2025-01-07 12:01:31,897 - INFO - 未找到弹窗或弹窗已经关闭
2025-01-07 12:01:31,898 - INFO - ---------------------------------------------------
2025-01-07 12:01:31,898 - INFO - 今天是工作日，执行签出签入流程。
2025-01-07 12:01:31,898 - INFO - 今天是星期1
2025-01-07 12:01:31,898 - INFO - 检查签出按钮状态
2025-01-07 12:01:33,545 - INFO - 签出 按钮已点击。
2025-01-07 12:01:39,475 - INFO - 签出 弹窗关闭按钮已点击。
2025-01-07 12:02:04,497 - INFO - 检查签入按钮状态
2025-01-07 12:02:04,581 - INFO - 检查签出按钮状态以决定是否点击签入按钮
2025-01-07 12:02:05,041 - INFO - 签入 按钮已点击。
2025-01-07 12:02:10,587 - INFO - 签入 弹窗关闭按钮已点击。
2025-01-07 12:02:20,596 - INFO - 关闭浏览器
2025-01-07 12:03:45,035 - ERROR - Service process refused to terminate gracefully with SIGTERM, escalating to SIGKILL.
Traceback (most recent call last):
  File "/opt/anaconda3/envs/oa/lib/python3.10/site-packages/selenium/webdriver/common/service.py", line 172, in _terminate_process
    self.process.wait(60)
  File "/opt/anaconda3/envs/oa/lib/python3.10/subprocess.py", line 1209, in wait
    return self._wait(timeout=timeout)
  File "/opt/anaconda3/envs/oa/lib/python3.10/subprocess.py", line 1951, in _wait
    raise TimeoutExpired(self.args, timeout)
subprocess.TimeoutExpired: Command '['/usr/local/bin/chromedriver', '--port=60074']' timed out after 60 seconds
2025-01-08 07:30:53,576 - INFO - 打开网址: https://myoa.omenow.com/Schedule/MySchedule/
2025-01-08 07:30:59,415 - INFO - 输入用户名和密码
2025-01-08 07:31:00,587 - INFO - 点击登录按钮
2025-01-08 07:32:00,527 - INFO - 未找到弹窗或弹窗已经关闭
2025-01-08 07:32:00,528 - INFO - ---------------------------------------------------
2025-01-08 07:32:00,528 - INFO - 今天是工作日，执行签出签入流程。
2025-01-08 07:32:00,529 - INFO - 今天是星期2
2025-01-08 07:32:00,529 - INFO - 检查签出按钮状态
2025-01-08 07:32:02,546 - INFO - 签出 按钮已点击。
2025-01-08 07:32:08,388 - INFO - 签出 弹窗关闭按钮已点击。
2025-01-08 07:32:33,396 - INFO - 检查签入按钮状态
2025-01-08 07:32:33,479 - INFO - 检查签出按钮状态以决定是否点击签入按钮
2025-01-08 07:32:33,851 - INFO - 签入 按钮已点击。
2025-01-08 07:32:39,445 - INFO - 签入 弹窗关闭按钮已点击。
2025-01-08 07:32:49,449 - INFO - 关闭浏览器
2025-01-08 07:34:13,670 - ERROR - Service process refused to terminate gracefully with SIGTERM, escalating to SIGKILL.
Traceback (most recent call last):
  File "/opt/anaconda3/envs/oa/lib/python3.10/site-packages/selenium/webdriver/common/service.py", line 172, in _terminate_process
    self.process.wait(60)
  File "/opt/anaconda3/envs/oa/lib/python3.10/subprocess.py", line 1209, in wait
    return self._wait(timeout=timeout)
  File "/opt/anaconda3/envs/oa/lib/python3.10/subprocess.py", line 1951, in _wait
    raise TimeoutExpired(self.args, timeout)
subprocess.TimeoutExpired: Command '['/usr/local/bin/chromedriver', '--port=51532']' timed out after 60 seconds
2025-01-08 12:00:29,317 - INFO - 打开网址: https://myoa.omenow.com/Schedule/MySchedule/
2025-01-08 12:00:35,784 - INFO - 输入用户名和密码
2025-01-08 12:00:37,061 - INFO - 点击登录按钮
2025-01-08 12:01:04,060 - INFO - 未找到弹窗或弹窗已经关闭
2025-01-08 12:01:04,062 - INFO - ---------------------------------------------------
2025-01-08 12:01:04,062 - INFO - 今天是工作日，执行签出签入流程。
2025-01-08 12:01:04,062 - INFO - 今天是星期2
2025-01-08 12:01:04,063 - INFO - 检查签出按钮状态
2025-01-08 12:01:14,380 - ERROR - 发生异常: Message: 
Stacktrace:
0   chromedriver                        0x0000000104f61db2 chromedriver + 6696370
1   chromedriver                        0x0000000104f59bca chromedriver + 6663114
2   chromedriver                        0x0000000104961e3e chromedriver + 405054
3   chromedriver                        0x00000001049b2815 chromedriver + 735253
4   chromedriver                        0x00000001049b2d11 chromedriver + 736529
5   chromedriver                        0x00000001049fd314 chromedriver + 1041172
6   chromedriver                        0x00000001049d789d chromedriver + 886941
7   chromedriver                        0x00000001049fa3f4 chromedriver + 1029108
8   chromedriver                        0x00000001049d7613 chromedriver + 886291
9   chromedriver                        0x00000001049a4950 chromedriver + 678224
10  chromedriver                        0x00000001049a534e chromedriver + 680782
11  chromedriver                        0x0000000104f2f6a0 chromedriver + 6489760
12  chromedriver                        0x0000000104f32149 chromedriver + 6500681
13  chromedriver                        0x0000000104f31c6b chromedriver + 6499435
14  chromedriver                        0x0000000104f325d5 chromedriver + 6501845
15  chromedriver                        0x0000000104f1a454 chromedriver + 6403156
16  chromedriver                        0x0000000104f328bf chromedriver + 6502591
17  chromedriver                        0x0000000104f0b884 chromedriver + 6342788
18  chromedriver                        0x0000000104f4a2a8 chromedriver + 6599336
19  chromedriver                        0x0000000104f4a465 chromedriver + 6599781
20  chromedriver                        0x0000000104f59798 chromedriver + 6662040
21  libsystem_pthread.dylib             0x00007ff81b53b1d3 _pthread_start + 125
22  libsystem_pthread.dylib             0x00007ff81b536bd3 thread_start + 15

2025-01-08 12:01:14,381 - INFO - 关闭浏览器
2025-01-08 12:02:31,401 - ERROR - Service process refused to terminate gracefully with SIGTERM, escalating to SIGKILL.
Traceback (most recent call last):
  File "/opt/anaconda3/envs/oa/lib/python3.10/site-packages/selenium/webdriver/common/service.py", line 172, in _terminate_process
    self.process.wait(60)
  File "/opt/anaconda3/envs/oa/lib/python3.10/subprocess.py", line 1209, in wait
    return self._wait(timeout=timeout)
  File "/opt/anaconda3/envs/oa/lib/python3.10/subprocess.py", line 1951, in _wait
    raise TimeoutExpired(self.args, timeout)
subprocess.TimeoutExpired: Command '['/usr/local/bin/chromedriver', '--port=54312']' timed out after 60 seconds
2025-01-09 07:30:27,340 - INFO - 打开网址: https://myoa.omenow.com/Schedule/MySchedule/
2025-01-09 07:30:33,587 - INFO - 输入用户名和密码
2025-01-09 07:30:34,832 - INFO - 点击登录按钮
2025-01-09 07:31:34,578 - INFO - 未找到弹窗或弹窗已经关闭
2025-01-09 07:31:34,579 - INFO - ---------------------------------------------------
2025-01-09 07:31:34,579 - INFO - 今天是工作日，执行签出签入流程。
2025-01-09 07:31:34,579 - INFO - 今天是星期3
2025-01-09 07:31:34,579 - INFO - 检查签出按钮状态
2025-01-09 07:31:35,873 - INFO - 签出 按钮已点击。
2025-01-09 07:31:42,192 - INFO - 签出 弹窗关闭按钮已点击。
2025-01-09 07:32:07,203 - INFO - 检查签入按钮状态
2025-01-09 07:32:07,294 - INFO - 检查签出按钮状态以决定是否点击签入按钮
2025-01-09 07:32:07,821 - INFO - 签入 按钮已点击。
2025-01-09 07:32:13,634 - INFO - 签入 弹窗关闭按钮已点击。
2025-01-09 07:32:23,639 - INFO - 关闭浏览器
2025-01-09 07:33:47,616 - ERROR - Service process refused to terminate gracefully with SIGTERM, escalating to SIGKILL.
Traceback (most recent call last):
  File "/opt/anaconda3/envs/oa/lib/python3.10/site-packages/selenium/webdriver/common/service.py", line 172, in _terminate_process
    self.process.wait(60)
  File "/opt/anaconda3/envs/oa/lib/python3.10/subprocess.py", line 1209, in wait
    return self._wait(timeout=timeout)
  File "/opt/anaconda3/envs/oa/lib/python3.10/subprocess.py", line 1951, in _wait
    raise TimeoutExpired(self.args, timeout)
subprocess.TimeoutExpired: Command '['/usr/local/bin/chromedriver', '--port=53566']' timed out after 60 seconds
2025-01-09 12:00:30,062 - INFO - 打开网址: https://myoa.omenow.com/Schedule/MySchedule/
2025-01-09 12:00:38,835 - INFO - 输入用户名和密码
2025-01-09 12:00:40,120 - INFO - 点击登录按钮
2025-01-09 12:01:41,173 - INFO - 未找到弹窗或弹窗已经关闭
2025-01-09 12:01:41,175 - INFO - ---------------------------------------------------
2025-01-09 12:01:41,175 - INFO - 今天是工作日，执行签出签入流程。
2025-01-09 12:01:41,175 - INFO - 今天是星期3
2025-01-09 12:01:41,175 - INFO - 检查签出按钮状态
2025-01-09 12:01:42,824 - INFO - 签出 按钮已点击。
2025-01-09 12:01:48,906 - INFO - 签出 弹窗关闭按钮已点击。
2025-01-09 12:02:13,925 - INFO - 检查签入按钮状态
2025-01-09 12:02:14,033 - INFO - 检查签出按钮状态以决定是否点击签入按钮
2025-01-09 12:02:14,404 - INFO - 签入 按钮已点击。
2025-01-09 12:02:20,099 - INFO - 签入 弹窗关闭按钮已点击。
2025-01-09 12:02:30,105 - INFO - 关闭浏览器
2025-01-09 12:03:57,047 - ERROR - Service process refused to terminate gracefully with SIGTERM, escalating to SIGKILL.
Traceback (most recent call last):
  File "/opt/anaconda3/envs/oa/lib/python3.10/site-packages/selenium/webdriver/common/service.py", line 172, in _terminate_process
    self.process.wait(60)
  File "/opt/anaconda3/envs/oa/lib/python3.10/subprocess.py", line 1209, in wait
    return self._wait(timeout=timeout)
  File "/opt/anaconda3/envs/oa/lib/python3.10/subprocess.py", line 1951, in _wait
    raise TimeoutExpired(self.args, timeout)
subprocess.TimeoutExpired: Command '['/usr/local/bin/chromedriver', '--port=63226']' timed out after 60 seconds
2025-01-10 07:30:32,981 - INFO - 打开网址: https://myoa.omenow.com/Schedule/MySchedule/
2025-01-10 07:30:35,942 - ERROR - 发生异常: Message: unknown error: net::ERR_CONNECTION_CLOSED
  (Session info: chrome=131.0.6778.206)
Stacktrace:
0   chromedriver                        0x000000010494cdb2 chromedriver + 6696370
1   chromedriver                        0x0000000104944bca chromedriver + 6663114
2   chromedriver                        0x000000010434ce3e chromedriver + 405054
3   chromedriver                        0x0000000104344654 chromedriver + 370260
4   chromedriver                        0x0000000104334b81 chromedriver + 306049
5   chromedriver                        0x0000000104336608 chromedriver + 312840
6   chromedriver                        0x0000000104334e3d chromedriver + 306749
7   chromedriver                        0x00000001043346fa chromedriver + 304890
8   chromedriver                        0x0000000104334638 chromedriver + 304696
9   chromedriver                        0x0000000104332a1b chromedriver + 297499
10  chromedriver                        0x0000000104332da7 chromedriver + 298407
11  chromedriver                        0x000000010434fcf8 chromedriver + 417016
12  chromedriver                        0x00000001043e6032 chromedriver + 1032242
13  chromedriver                        0x00000001043c2872 chromedriver + 886898
14  chromedriver                        0x00000001043e53f4 chromedriver + 1029108
15  chromedriver                        0x00000001043c2613 chromedriver + 886291
16  chromedriver                        0x000000010438f950 chromedriver + 678224
17  chromedriver                        0x000000010439034e chromedriver + 680782
18  chromedriver                        0x000000010491a6a0 chromedriver + 6489760
19  chromedriver                        0x000000010491d149 chromedriver + 6500681
20  chromedriver                        0x000000010491cc6b chromedriver + 6499435
21  chromedriver                        0x000000010491d5d5 chromedriver + 6501845
22  chromedriver                        0x0000000104905454 chromedriver + 6403156
23  chromedriver                        0x000000010491d8bf chromedriver + 6502591
24  chromedriver                        0x00000001048f6884 chromedriver + 6342788
25  chromedriver                        0x00000001049352a8 chromedriver + 6599336
26  chromedriver                        0x0000000104935465 chromedriver + 6599781
27  chromedriver                        0x0000000104944798 chromedriver + 6662040
28  libsystem_pthread.dylib             0x00007ff81b53b1d3 _pthread_start + 125
29  libsystem_pthread.dylib             0x00007ff81b536bd3 thread_start + 15

2025-01-10 07:30:35,942 - INFO - 关闭浏览器
2025-01-10 07:32:15,489 - INFO - 打开网址: https://myoa.omenow.com/Schedule/MySchedule/
2025-01-10 07:32:18,821 - ERROR - 发生异常: Message: unknown error: net::ERR_CONNECTION_CLOSED
  (Session info: chrome=131.0.6778.206)
Stacktrace:
0   chromedriver                        0x0000000102de2db2 chromedriver + 6696370
1   chromedriver                        0x0000000102ddabca chromedriver + 6663114
2   chromedriver                        0x00000001027e2e3e chromedriver + 405054
3   chromedriver                        0x00000001027da654 chromedriver + 370260
4   chromedriver                        0x00000001027cab81 chromedriver + 306049
5   chromedriver                        0x00000001027cc608 chromedriver + 312840
6   chromedriver                        0x00000001027cae3d chromedriver + 306749
7   chromedriver                        0x00000001027ca6fa chromedriver + 304890
8   chromedriver                        0x00000001027ca638 chromedriver + 304696
9   chromedriver                        0x00000001027c8a1b chromedriver + 297499
10  chromedriver                        0x00000001027c8da7 chromedriver + 298407
11  chromedriver                        0x00000001027e5cf8 chromedriver + 417016
12  chromedriver                        0x000000010287c032 chromedriver + 1032242
13  chromedriver                        0x0000000102858872 chromedriver + 886898
14  chromedriver                        0x000000010287b3f4 chromedriver + 1029108
15  chromedriver                        0x0000000102858613 chromedriver + 886291
16  chromedriver                        0x0000000102825950 chromedriver + 678224
17  chromedriver                        0x000000010282634e chromedriver + 680782
18  chromedriver                        0x0000000102db06a0 chromedriver + 6489760
19  chromedriver                        0x0000000102db3149 chromedriver + 6500681
20  chromedriver                        0x0000000102db2c6b chromedriver + 6499435
21  chromedriver                        0x0000000102db35d5 chromedriver + 6501845
22  chromedriver                        0x0000000102d9b454 chromedriver + 6403156
23  chromedriver                        0x0000000102db38bf chromedriver + 6502591
24  chromedriver                        0x0000000102d8c884 chromedriver + 6342788
25  chromedriver                        0x0000000102dcb2a8 chromedriver + 6599336
26  chromedriver                        0x0000000102dcb465 chromedriver + 6599781
27  chromedriver                        0x0000000102dda798 chromedriver + 6662040
28  libsystem_pthread.dylib             0x00007ff81b53b1d3 _pthread_start + 125
29  libsystem_pthread.dylib             0x00007ff81b536bd3 thread_start + 15

2025-01-10 07:32:18,821 - INFO - 关闭浏览器
2025-01-10 07:33:05,986 - INFO - 打开网址: https://myoa.omenow.com/Schedule/MySchedule/
2025-01-10 07:33:10,159 - INFO - 输入用户名和密码
2025-01-10 07:33:11,467 - INFO - 点击登录按钮
2025-01-10 07:33:58,093 - INFO - 未找到弹窗或弹窗已经关闭
2025-01-10 07:33:58,093 - INFO - ---------------------------------------------------
2025-01-10 07:33:58,093 - INFO - 今天是工作日，执行签出签入流程。
2025-01-10 07:33:58,093 - INFO - 今天是星期4
2025-01-10 07:33:58,093 - INFO - 检查签出按钮状态
2025-01-10 07:34:00,760 - INFO - 签出 按钮已点击。
2025-01-10 07:34:07,441 - INFO - 签出 弹窗关闭按钮已点击。
2025-01-10 07:34:32,449 - INFO - 检查签入按钮状态
2025-01-10 07:34:32,516 - INFO - 检查签出按钮状态以决定是否点击签入按钮
2025-01-10 07:34:33,152 - INFO - 签入 按钮已点击。
2025-01-10 07:34:38,891 - INFO - 签入 弹窗关闭按钮已点击。
2025-01-10 07:34:48,896 - INFO - 关闭浏览器
2025-01-10 12:00:55,826 - INFO - 打开网址: https://myoa.omenow.com/Schedule/MySchedule/
2025-01-10 12:01:02,477 - INFO - 输入用户名和密码
2025-01-10 12:01:03,724 - INFO - 点击登录按钮
2025-01-10 12:01:53,010 - INFO - 未找到弹窗或弹窗已经关闭
2025-01-10 12:01:53,010 - INFO - ---------------------------------------------------
2025-01-10 12:01:53,010 - INFO - 今天是工作日，执行签出签入流程。
2025-01-10 12:01:53,011 - INFO - 今天是星期4
2025-01-10 12:01:53,011 - INFO - 检查签出按钮状态
2025-01-10 12:01:55,489 - INFO - 签出 按钮已点击。
2025-01-10 12:02:03,840 - INFO - 签出 弹窗关闭按钮已点击。
2025-01-10 12:02:28,855 - INFO - 检查签入按钮状态
2025-01-10 12:02:28,940 - INFO - 检查签出按钮状态以决定是否点击签入按钮
2025-01-10 12:02:30,504 - INFO - 签入 按钮已点击。
2025-01-10 12:02:36,460 - INFO - 签入 弹窗关闭按钮已点击。
2025-01-10 12:02:46,470 - INFO - 关闭浏览器
2025-01-10 12:04:14,685 - ERROR - Service process refused to terminate gracefully with SIGTERM, escalating to SIGKILL.
Traceback (most recent call last):
  File "/opt/anaconda3/envs/oa/lib/python3.10/site-packages/selenium/webdriver/common/service.py", line 172, in _terminate_process
    self.process.wait(60)
  File "/opt/anaconda3/envs/oa/lib/python3.10/subprocess.py", line 1209, in wait
    return self._wait(timeout=timeout)
  File "/opt/anaconda3/envs/oa/lib/python3.10/subprocess.py", line 1951, in _wait
    raise TimeoutExpired(self.args, timeout)
subprocess.TimeoutExpired: Command '['/usr/local/bin/chromedriver', '--port=64418']' timed out after 60 seconds
2025-01-11 13:31:04,185 - INFO - Current time: 2025-01-11 13:31:04
2025-01-11 13:31:09,817 - INFO - 打开网址: https://myoa.omenow.com/Schedule/MySchedule/
2025-01-11 13:31:13,917 - INFO - 输入用户名和密码
2025-01-11 13:31:15,127 - INFO - 点击登录按钮
2025-01-11 13:31:36,088 - INFO - ---------------------------------------------------
2025-01-11 13:31:36,089 - INFO - 周六移动办公签出
2025-01-11 13:48:03,431 - INFO - 周六移动办公签出 按钮已点击。
2025-01-11 13:48:13,285 - INFO - 周六移动办公签出 弹窗关闭按钮已点击。
2025-01-11 13:48:18,298 - INFO - 关闭浏览器
2025-01-13 07:30:23,188 - INFO - 打开网址: https://myoa.omenow.com/Schedule/MySchedule/
2025-01-13 07:30:27,183 - INFO - 输入用户名和密码
2025-01-13 07:30:28,533 - INFO - 点击登录按钮
2025-01-13 07:31:13,735 - INFO - 未找到弹窗或弹窗已经关闭
2025-01-13 07:31:13,735 - INFO - ---------------------------------------------------
2025-01-13 07:31:13,735 - INFO - 今天是工作日，执行签出签入流程。
2025-01-13 07:31:13,735 - INFO - 今天是星期0
2025-01-13 07:31:13,735 - INFO - 检查签出按钮状态
2025-01-13 07:31:17,529 - INFO - 签出 按钮已点击。
2025-01-13 07:31:24,331 - INFO - 签出 弹窗关闭按钮已点击。
2025-01-13 07:31:49,347 - INFO - 检查签入按钮状态
2025-01-13 07:31:49,431 - INFO - 检查签出按钮状态以决定是否点击签入按钮
2025-01-13 07:31:49,821 - INFO - 签入 按钮已点击。
2025-01-13 07:31:55,868 - INFO - 签入 弹窗关闭按钮已点击。
2025-01-13 07:32:05,878 - INFO - 关闭浏览器
2025-01-13 12:00:24,358 - INFO - 打开网址: https://myoa.omenow.com/Schedule/MySchedule/
2025-01-13 12:00:32,897 - INFO - 输入用户名和密码
2025-01-13 12:00:34,165 - INFO - 点击登录按钮
2025-01-13 12:01:34,912 - INFO - 未找到弹窗或弹窗已经关闭
2025-01-13 12:01:34,914 - INFO - ---------------------------------------------------
2025-01-13 12:01:34,914 - INFO - 今天是工作日，执行签出签入流程。
2025-01-13 12:01:34,914 - INFO - 今天是星期0
2025-01-13 12:01:34,914 - INFO - 检查签出按钮状态
2025-01-13 12:01:35,987 - INFO - 签出 按钮已点击。
2025-01-13 12:01:41,820 - INFO - 签出 弹窗关闭按钮已点击。
2025-01-13 12:02:06,822 - INFO - 检查签入按钮状态
2025-01-13 12:02:07,044 - INFO - 检查签出按钮状态以决定是否点击签入按钮
2025-01-13 12:02:09,770 - INFO - 签入 按钮已点击。
2025-01-13 12:02:15,829 - INFO - 签入 弹窗关闭按钮已点击。
2025-01-13 12:02:25,831 - INFO - 关闭浏览器
2025-01-13 12:03:53,557 - ERROR - Service process refused to terminate gracefully with SIGTERM, escalating to SIGKILL.
Traceback (most recent call last):
  File "/opt/anaconda3/envs/oa/lib/python3.10/site-packages/selenium/webdriver/common/service.py", line 172, in _terminate_process
    self.process.wait(60)
  File "/opt/anaconda3/envs/oa/lib/python3.10/subprocess.py", line 1209, in wait
    return self._wait(timeout=timeout)
  File "/opt/anaconda3/envs/oa/lib/python3.10/subprocess.py", line 1951, in _wait
    raise TimeoutExpired(self.args, timeout)
subprocess.TimeoutExpired: Command '['/usr/local/bin/chromedriver', '--port=55335']' timed out after 60 seconds
2025-01-14 07:30:23,027 - INFO - 打开网址: https://myoa.omenow.com/Schedule/MySchedule/
2025-01-14 07:30:28,684 - INFO - 输入用户名和密码
2025-01-14 07:30:29,874 - INFO - 点击登录按钮
2025-01-14 07:31:11,205 - INFO - 未找到弹窗或弹窗已经关闭
2025-01-14 07:31:11,206 - INFO - ---------------------------------------------------
2025-01-14 07:31:11,206 - INFO - 今天是工作日，执行签出签入流程。
2025-01-14 07:31:11,206 - INFO - 今天是星期1
2025-01-14 07:31:11,206 - INFO - 检查签出按钮状态
2025-01-14 07:31:15,005 - INFO - 签出 按钮已点击。
2025-01-14 07:31:24,263 - INFO - 签出 弹窗关闭按钮已点击。
2025-01-14 07:31:49,280 - INFO - 检查签入按钮状态
2025-01-14 07:31:49,369 - INFO - 检查签出按钮状态以决定是否点击签入按钮
2025-01-14 07:31:49,935 - INFO - 签入 按钮已点击。
2025-01-14 07:31:55,692 - INFO - 签入 弹窗关闭按钮已点击。
2025-01-14 07:32:05,697 - INFO - 关闭浏览器
2025-01-14 07:33:29,360 - ERROR - Service process refused to terminate gracefully with SIGTERM, escalating to SIGKILL.
Traceback (most recent call last):
  File "/opt/anaconda3/envs/oa/lib/python3.10/site-packages/selenium/webdriver/common/service.py", line 172, in _terminate_process
    self.process.wait(60)
  File "/opt/anaconda3/envs/oa/lib/python3.10/subprocess.py", line 1209, in wait
    return self._wait(timeout=timeout)
  File "/opt/anaconda3/envs/oa/lib/python3.10/subprocess.py", line 1951, in _wait
    raise TimeoutExpired(self.args, timeout)
subprocess.TimeoutExpired: Command '['/usr/local/bin/chromedriver', '--port=53841']' timed out after 60 seconds
2025-01-14 12:00:24,769 - INFO - 打开网址: https://myoa.omenow.com/Schedule/MySchedule/
2025-01-14 12:00:36,376 - INFO - 输入用户名和密码
2025-01-14 12:00:37,634 - INFO - 点击登录按钮
2025-01-14 12:01:21,023 - INFO - 未找到弹窗或弹窗已经关闭
2025-01-14 12:01:21,024 - INFO - ---------------------------------------------------
2025-01-14 12:01:21,024 - INFO - 今天是工作日，执行签出签入流程。
2025-01-14 12:01:21,024 - INFO - 今天是星期1
2025-01-14 12:01:21,024 - INFO - 检查签出按钮状态
2025-01-14 12:01:22,367 - INFO - 签出 按钮已点击。
2025-01-14 12:01:30,715 - INFO - 签出 弹窗关闭按钮已点击。
2025-01-14 12:01:55,723 - INFO - 检查签入按钮状态
2025-01-14 12:01:55,833 - INFO - 检查签出按钮状态以决定是否点击签入按钮
2025-01-14 12:01:56,239 - INFO - 签入 按钮已点击。
2025-01-14 12:02:01,801 - INFO - 签入 弹窗关闭按钮已点击。
2025-01-14 12:02:11,803 - INFO - 关闭浏览器
2025-01-14 12:03:36,101 - ERROR - Service process refused to terminate gracefully with SIGTERM, escalating to SIGKILL.
Traceback (most recent call last):
  File "/opt/anaconda3/envs/oa/lib/python3.10/site-packages/selenium/webdriver/common/service.py", line 172, in _terminate_process
    self.process.wait(60)
  File "/opt/anaconda3/envs/oa/lib/python3.10/subprocess.py", line 1209, in wait
    return self._wait(timeout=timeout)
  File "/opt/anaconda3/envs/oa/lib/python3.10/subprocess.py", line 1951, in _wait
    raise TimeoutExpired(self.args, timeout)
subprocess.TimeoutExpired: Command '['/usr/local/bin/chromedriver', '--port=56510']' timed out after 60 seconds
2025-01-17 07:30:55,814 - INFO - 打开网址: https://myoa.omenow.com/Schedule/MySchedule/
2025-01-17 07:31:00,764 - INFO - 输入用户名和密码
2025-01-17 07:31:01,940 - INFO - 点击登录按钮
2025-01-17 07:31:48,271 - INFO - 未找到弹窗或弹窗已经关闭
2025-01-17 07:31:48,271 - INFO - ---------------------------------------------------
2025-01-17 07:31:48,271 - INFO - 今天是工作日，执行签出签入流程。
2025-01-17 07:31:48,271 - INFO - 今天是星期4
2025-01-17 07:31:48,271 - INFO - 检查签出按钮状态
2025-01-17 07:31:53,375 - INFO - 签出 按钮已点击。
2025-01-17 07:32:01,181 - INFO - 签出 弹窗关闭按钮已点击。
2025-01-17 07:32:26,198 - INFO - 检查签入按钮状态
2025-01-17 07:32:26,289 - INFO - 检查签出按钮状态以决定是否点击签入按钮
2025-01-17 07:32:29,937 - INFO - 签入 按钮已点击。
2025-01-17 07:32:35,832 - INFO - 签入 弹窗关闭按钮已点击。
2025-01-17 07:32:45,841 - INFO - 关闭浏览器
2025-01-17 12:00:29,926 - INFO - 打开网址: https://myoa.omenow.com/Schedule/MySchedule/
2025-01-17 12:00:36,103 - INFO - 输入用户名和密码
2025-01-17 12:00:37,308 - INFO - 点击登录按钮
2025-01-17 12:01:24,652 - INFO - 未找到弹窗或弹窗已经关闭
2025-01-17 12:01:24,653 - INFO - ---------------------------------------------------
2025-01-17 12:01:24,653 - INFO - 今天是工作日，执行签出签入流程。
2025-01-17 12:01:24,653 - INFO - 今天是星期4
2025-01-17 12:01:24,653 - INFO - 检查签出按钮状态
2025-01-17 12:01:28,971 - INFO - 签出 按钮已点击。
2025-01-17 12:01:35,183 - INFO - 签出 弹窗关闭按钮已点击。
2025-01-17 12:02:00,193 - INFO - 检查签入按钮状态
2025-01-17 12:02:00,371 - INFO - 检查签出按钮状态以决定是否点击签入按钮
2025-01-17 12:02:03,117 - INFO - 签入 按钮已点击。
2025-01-17 12:02:08,972 - INFO - 签入 弹窗关闭按钮已点击。
2025-01-17 12:02:18,977 - INFO - 关闭浏览器
2025-01-17 12:03:45,726 - ERROR - Service process refused to terminate gracefully with SIGTERM, escalating to SIGKILL.
Traceback (most recent call last):
  File "/opt/anaconda3/envs/oa/lib/python3.10/site-packages/selenium/webdriver/common/service.py", line 172, in _terminate_process
    self.process.wait(60)
  File "/opt/anaconda3/envs/oa/lib/python3.10/subprocess.py", line 1209, in wait
    return self._wait(timeout=timeout)
  File "/opt/anaconda3/envs/oa/lib/python3.10/subprocess.py", line 1951, in _wait
    raise TimeoutExpired(self.args, timeout)
subprocess.TimeoutExpired: Command '['/usr/local/bin/chromedriver', '--port=52674']' timed out after 60 seconds
2025-01-18 13:31:04,089 - INFO - Current time: 2025-01-18 13:31:04
2025-01-18 13:31:10,219 - INFO - 打开网址: https://myoa.omenow.com/Schedule/MySchedule/
2025-01-18 13:31:14,297 - INFO - 输入用户名和密码
2025-01-18 13:31:15,528 - INFO - 点击登录按钮
2025-01-18 13:31:37,011 - INFO - ---------------------------------------------------
2025-01-18 13:31:37,012 - INFO - 周六移动办公签出
2025-01-18 13:49:39,516 - INFO - 周六移动办公签出 按钮已点击。
2025-01-18 13:49:49,399 - INFO - 周六移动办公签出 弹窗关闭按钮已点击。
2025-01-18 13:49:54,402 - INFO - 关闭浏览器
2025-01-20 07:30:23,753 - INFO - 打开网址: https://myoa.omenow.com/Schedule/MySchedule/
2025-01-20 07:30:27,687 - INFO - 输入用户名和密码
2025-01-20 07:30:28,847 - INFO - 点击登录按钮
2025-01-20 07:31:13,498 - INFO - 未找到弹窗或弹窗已经关闭
2025-01-20 07:31:13,501 - INFO - ---------------------------------------------------
2025-01-20 07:31:13,501 - INFO - 今天是工作日，执行签出签入流程。
2025-01-20 07:31:13,501 - INFO - 今天是星期0
2025-01-20 07:31:13,501 - INFO - 检查签出按钮状态
2025-01-20 07:31:17,469 - INFO - 签出 按钮已点击。
2025-01-20 07:31:24,459 - INFO - 签出 弹窗关闭按钮已点击。
2025-01-20 07:31:49,470 - INFO - 检查签入按钮状态
2025-01-20 07:31:49,584 - INFO - 检查签出按钮状态以决定是否点击签入按钮
2025-01-20 07:31:51,709 - INFO - 签入 按钮已点击。
2025-01-20 07:31:57,567 - INFO - 签入 弹窗关闭按钮已点击。
2025-01-20 07:32:07,570 - INFO - 关闭浏览器
2025-01-20 12:00:23,060 - INFO - 打开网址: https://myoa.omenow.com/Schedule/MySchedule/
2025-01-20 12:00:27,195 - INFO - 输入用户名和密码
2025-01-20 12:00:28,402 - INFO - 点击登录按钮
2025-01-20 12:01:13,106 - INFO - 未找到弹窗或弹窗已经关闭
2025-01-20 12:01:13,106 - INFO - ---------------------------------------------------
2025-01-20 12:01:13,106 - INFO - 今天是工作日，执行签出签入流程。
2025-01-20 12:01:13,106 - INFO - 今天是星期0
2025-01-20 12:01:13,106 - INFO - 检查签出按钮状态
2025-01-20 12:01:17,646 - INFO - 签出 按钮已点击。
2025-01-20 12:01:24,727 - INFO - 签出 弹窗关闭按钮已点击。
2025-01-20 12:01:49,738 - INFO - 检查签入按钮状态
2025-01-20 12:01:49,818 - INFO - 检查签出按钮状态以决定是否点击签入按钮
2025-01-20 12:01:52,028 - INFO - 签入 按钮已点击。
2025-01-20 12:01:57,839 - INFO - 签入 弹窗关闭按钮已点击。
2025-01-20 12:02:07,848 - INFO - 关闭浏览器
2025-01-21 07:30:25,634 - INFO - 打开网址: https://myoa.omenow.com/Schedule/MySchedule/
2025-01-21 07:30:30,896 - INFO - 输入用户名和密码
2025-01-21 07:30:32,048 - INFO - 点击登录按钮
2025-01-21 07:31:16,531 - INFO - 未找到弹窗或弹窗已经关闭
2025-01-21 07:31:16,532 - INFO - ---------------------------------------------------
2025-01-21 07:31:16,532 - INFO - 今天是工作日，执行签出签入流程。
2025-01-21 07:31:16,532 - INFO - 今天是星期1
2025-01-21 07:31:16,532 - INFO - 检查签出按钮状态
2025-01-21 07:31:19,122 - INFO - 签出 按钮已点击。
2025-01-21 07:31:26,377 - INFO - 签出 弹窗关闭按钮已点击。
2025-01-21 07:31:51,395 - INFO - 检查签入按钮状态
2025-01-21 07:31:51,509 - INFO - 检查签出按钮状态以决定是否点击签入按钮
2025-01-21 07:31:53,382 - INFO - 签入 按钮已点击。
2025-01-21 07:31:59,117 - INFO - 签入 弹窗关闭按钮已点击。
2025-01-21 07:32:09,127 - INFO - 关闭浏览器
2025-01-21 07:33:33,679 - ERROR - Service process refused to terminate gracefully with SIGTERM, escalating to SIGKILL.
Traceback (most recent call last):
  File "/opt/anaconda3/envs/oa/lib/python3.10/site-packages/selenium/webdriver/common/service.py", line 172, in _terminate_process
    self.process.wait(60)
  File "/opt/anaconda3/envs/oa/lib/python3.10/subprocess.py", line 1209, in wait
    return self._wait(timeout=timeout)
  File "/opt/anaconda3/envs/oa/lib/python3.10/subprocess.py", line 1951, in _wait
    raise TimeoutExpired(self.args, timeout)
subprocess.TimeoutExpired: Command '['/usr/local/bin/chromedriver', '--port=51244']' timed out after 60 seconds
2025-01-21 12:00:24,641 - INFO - 打开网址: https://myoa.omenow.com/Schedule/MySchedule/
2025-01-21 12:00:28,383 - INFO - 输入用户名和密码
2025-01-21 12:00:29,550 - INFO - 点击登录按钮
2025-01-21 12:01:12,639 - INFO - 未找到弹窗或弹窗已经关闭
2025-01-21 12:01:12,639 - INFO - ---------------------------------------------------
2025-01-21 12:01:12,639 - INFO - 今天是工作日，执行签出签入流程。
2025-01-21 12:01:12,639 - INFO - 今天是星期1
2025-01-21 12:01:12,640 - INFO - 检查签出按钮状态
2025-01-21 12:01:15,064 - INFO - 签出 按钮已点击。
2025-01-21 12:01:21,278 - INFO - 签出 弹窗关闭按钮已点击。
2025-01-21 12:01:46,295 - INFO - 检查签入按钮状态
2025-01-21 12:01:46,375 - INFO - 检查签出按钮状态以决定是否点击签入按钮
2025-01-21 12:01:48,613 - INFO - 签入 按钮已点击。
2025-01-21 12:01:54,444 - INFO - 签入 弹窗关闭按钮已点击。
2025-01-21 12:02:04,449 - INFO - 关闭浏览器
2025-01-22 07:30:23,814 - INFO - 打开网址: https://myoa.omenow.com/Schedule/MySchedule/
2025-01-22 07:30:29,160 - INFO - 输入用户名和密码
2025-01-22 07:30:30,307 - INFO - 点击登录按钮
2025-01-22 07:31:30,445 - INFO - 未找到弹窗或弹窗已经关闭
2025-01-22 07:31:30,446 - INFO - ---------------------------------------------------
2025-01-22 07:31:30,447 - INFO - 今天是工作日，执行签出签入流程。
2025-01-22 07:31:30,447 - INFO - 今天是星期2
2025-01-22 07:31:30,447 - INFO - 检查签出按钮状态
2025-01-22 07:31:32,116 - INFO - 签出 按钮已点击。
2025-01-22 07:31:38,141 - INFO - 签出 弹窗关闭按钮已点击。
2025-01-22 07:32:03,145 - INFO - 检查签入按钮状态
2025-01-22 07:32:03,219 - INFO - 检查签出按钮状态以决定是否点击签入按钮
2025-01-22 07:32:05,290 - INFO - 签入 按钮已点击。
2025-01-22 07:32:11,285 - INFO - 签入 弹窗关闭按钮已点击。
2025-01-22 07:32:21,295 - INFO - 关闭浏览器
2025-01-22 07:33:47,555 - ERROR - Service process refused to terminate gracefully with SIGTERM, escalating to SIGKILL.
Traceback (most recent call last):
  File "/opt/anaconda3/envs/oa/lib/python3.10/site-packages/selenium/webdriver/common/service.py", line 172, in _terminate_process
    self.process.wait(60)
  File "/opt/anaconda3/envs/oa/lib/python3.10/subprocess.py", line 1209, in wait
    return self._wait(timeout=timeout)
  File "/opt/anaconda3/envs/oa/lib/python3.10/subprocess.py", line 1951, in _wait
    raise TimeoutExpired(self.args, timeout)
subprocess.TimeoutExpired: Command '['/usr/local/bin/chromedriver', '--port=51963']' timed out after 60 seconds
2025-01-22 12:00:24,711 - INFO - 打开网址: https://myoa.omenow.com/Schedule/MySchedule/
2025-01-22 12:00:31,432 - INFO - 输入用户名和密码
2025-01-22 12:00:32,626 - INFO - 点击登录按钮
2025-01-22 12:01:15,357 - INFO - 未找到弹窗或弹窗已经关闭
2025-01-22 12:01:15,358 - INFO - ---------------------------------------------------
2025-01-22 12:01:15,358 - INFO - 今天是工作日，执行签出签入流程。
2025-01-22 12:01:15,358 - INFO - 今天是星期2
2025-01-22 12:01:15,358 - INFO - 检查签出按钮状态
2025-01-22 12:01:19,534 - INFO - 签出 按钮已点击。
2025-01-22 12:01:27,824 - INFO - 签出 弹窗关闭按钮已点击。
2025-01-22 12:01:52,836 - INFO - 检查签入按钮状态
2025-01-22 12:01:52,944 - INFO - 检查签出按钮状态以决定是否点击签入按钮
2025-01-22 12:01:54,864 - INFO - 签入 按钮已点击。
2025-01-22 12:02:00,638 - INFO - 签入 弹窗关闭按钮已点击。
2025-01-22 12:02:10,642 - INFO - 关闭浏览器
2025-01-22 12:03:41,406 - ERROR - Service process refused to terminate gracefully with SIGTERM, escalating to SIGKILL.
Traceback (most recent call last):
  File "/opt/anaconda3/envs/oa/lib/python3.10/site-packages/selenium/webdriver/common/service.py", line 172, in _terminate_process
    self.process.wait(60)
  File "/opt/anaconda3/envs/oa/lib/python3.10/subprocess.py", line 1209, in wait
    return self._wait(timeout=timeout)
  File "/opt/anaconda3/envs/oa/lib/python3.10/subprocess.py", line 1951, in _wait
    raise TimeoutExpired(self.args, timeout)
subprocess.TimeoutExpired: Command '['/usr/local/bin/chromedriver', '--port=65459']' timed out after 60 seconds
2025-01-23 07:30:53,392 - INFO - 打开网址: https://myoa.omenow.com/Schedule/MySchedule/
2025-01-23 07:31:03,990 - INFO - 输入用户名和密码
2025-01-23 07:31:05,128 - INFO - 点击登录按钮
2025-01-23 07:31:52,339 - INFO - 未找到弹窗或弹窗已经关闭
2025-01-23 07:31:52,339 - INFO - ---------------------------------------------------
2025-01-23 07:31:52,339 - INFO - 今天是工作日，执行签出签入流程。
2025-01-23 07:31:52,339 - INFO - 今天是星期3
2025-01-23 07:31:52,339 - INFO - 检查签出按钮状态
2025-01-23 07:31:55,338 - INFO - 签出 按钮已点击。
2025-01-23 07:32:01,296 - INFO - 签出 弹窗关闭按钮已点击。
2025-01-23 07:32:26,312 - INFO - 检查签入按钮状态
2025-01-23 07:32:26,392 - INFO - 检查签出按钮状态以决定是否点击签入按钮
2025-01-23 07:32:28,180 - INFO - 签入 按钮已点击。
2025-01-23 07:32:34,140 - INFO - 签入 弹窗关闭按钮已点击。
2025-01-23 07:32:44,149 - INFO - 关闭浏览器
2025-01-23 07:34:14,751 - ERROR - Service process refused to terminate gracefully with SIGTERM, escalating to SIGKILL.
Traceback (most recent call last):
  File "/opt/anaconda3/envs/oa/lib/python3.10/site-packages/selenium/webdriver/common/service.py", line 172, in _terminate_process
    self.process.wait(60)
  File "/opt/anaconda3/envs/oa/lib/python3.10/subprocess.py", line 1209, in wait
    return self._wait(timeout=timeout)
  File "/opt/anaconda3/envs/oa/lib/python3.10/subprocess.py", line 1951, in _wait
    raise TimeoutExpired(self.args, timeout)
subprocess.TimeoutExpired: Command '['/usr/local/bin/chromedriver', '--port=63949']' timed out after 60 seconds
2025-01-23 12:00:29,797 - INFO - 打开网址: https://myoa.omenow.com/Schedule/MySchedule/
2025-01-23 12:00:33,460 - INFO - 输入用户名和密码
2025-01-23 12:00:34,610 - INFO - 点击登录按钮
2025-01-23 12:01:17,201 - INFO - 未找到弹窗或弹窗已经关闭
2025-01-23 12:01:17,201 - INFO - ---------------------------------------------------
2025-01-23 12:01:17,201 - INFO - 今天是工作日，执行签出签入流程。
2025-01-23 12:01:17,201 - INFO - 今天是星期3
2025-01-23 12:01:17,201 - INFO - 检查签出按钮状态
2025-01-23 12:01:21,359 - INFO - 签出 按钮已点击。
2025-01-23 12:01:27,731 - INFO - 签出 弹窗关闭按钮已点击。
2025-01-23 12:01:52,743 - INFO - 检查签入按钮状态
2025-01-23 12:01:52,836 - INFO - 检查签出按钮状态以决定是否点击签入按钮
2025-01-23 12:01:56,559 - INFO - 签入 按钮已点击。
2025-01-23 12:02:02,385 - INFO - 签入 弹窗关闭按钮已点击。
2025-01-23 12:02:12,390 - INFO - 关闭浏览器
2025-01-24 07:30:29,455 - INFO - 打开网址: https://myoa.omenow.com/Schedule/MySchedule/
2025-01-24 07:30:32,979 - INFO - 输入用户名和密码
2025-01-24 07:30:34,066 - INFO - 点击登录按钮
2025-01-24 07:31:15,064 - INFO - 未找到弹窗或弹窗已经关闭
2025-01-24 07:31:15,064 - INFO - ---------------------------------------------------
2025-01-24 07:31:15,064 - INFO - 今天是工作日，执行签出签入流程。
2025-01-24 07:31:15,064 - INFO - 今天是星期4
2025-01-24 07:31:15,064 - INFO - 检查签出按钮状态
2025-01-24 07:31:17,412 - INFO - 签出 按钮已点击。
2025-01-24 07:31:24,146 - INFO - 签出 弹窗关闭按钮已点击。
2025-01-24 07:31:49,159 - INFO - 检查签入按钮状态
2025-01-24 07:31:49,314 - INFO - 检查签出按钮状态以决定是否点击签入按钮
2025-01-24 07:31:54,936 - INFO - 签入 按钮已点击。
2025-01-24 07:32:00,785 - INFO - 签入 弹窗关闭按钮已点击。
2025-01-24 07:32:10,793 - INFO - 关闭浏览器
2025-01-24 12:00:30,289 - INFO - 打开网址: https://myoa.omenow.com/Schedule/MySchedule/
2025-01-24 12:00:34,633 - INFO - 输入用户名和密码
2025-01-24 12:00:35,734 - INFO - 点击登录按钮
2025-01-24 12:01:19,218 - INFO - 未找到弹窗或弹窗已经关闭
2025-01-24 12:01:19,218 - INFO - ---------------------------------------------------
2025-01-24 12:01:19,218 - INFO - 今天是工作日，执行签出签入流程。
2025-01-24 12:01:19,218 - INFO - 今天是星期4
2025-01-24 12:01:19,218 - INFO - 检查签出按钮状态
2025-01-24 12:01:22,175 - INFO - 签出 按钮已点击。
2025-01-24 12:01:29,866 - INFO - 签出 弹窗关闭按钮已点击。
2025-01-24 12:01:54,880 - INFO - 检查签入按钮状态
2025-01-24 12:01:55,000 - INFO - 检查签出按钮状态以决定是否点击签入按钮
2025-01-24 12:01:57,079 - INFO - 签入 按钮已点击。
2025-01-24 12:02:05,921 - ERROR - 处理 签入 弹出窗口时出现异常: Message: element click intercepted: Element <input type="button" class="dialog_button confirm_no k-button" value="关闭" style="width: 70px"> is not clickable at point (752, 498). Other element would receive the click: <div class="layim-chat-text">...</div>
  (Session info: chrome=132.0.6834.110)
Stacktrace:
0   chromedriver                        0x000000010475cdb2 chromedriver + 6696370
1   chromedriver                        0x0000000104754bca chromedriver + 6663114
2   chromedriver                        0x000000010415ce3e chromedriver + 405054
3   chromedriver                        0x00000001041b4fa5 chromedriver + 765861
4   chromedriver                        0x00000001041b2dd8 chromedriver + 757208
5   chromedriver                        0x00000001041aff15 chromedriver + 745237
6   chromedriver                        0x00000001041af118 chromedriver + 741656
7   chromedriver                        0x00000001041a18c3 chromedriver + 686275
8   chromedriver                        0x00000001041d2872 chromedriver + 886898
9   chromedriver                        0x00000001041a11c8 chromedriver + 684488
10  chromedriver                        0x00000001041d2a2e chromedriver + 887342
11  chromedriver                        0x00000001041f53f4 chromedriver + 1029108
12  chromedriver                        0x00000001041d2613 chromedriver + 886291
13  chromedriver                        0x000000010419f950 chromedriver + 678224
14  chromedriver                        0x00000001041a034e chromedriver + 680782
15  chromedriver                        0x000000010472a6a0 chromedriver + 6489760
16  chromedriver                        0x000000010472d149 chromedriver + 6500681
17  chromedriver                        0x000000010472cc6b chromedriver + 6499435
18  chromedriver                        0x000000010472d5d5 chromedriver + 6501845
19  chromedriver                        0x0000000104715454 chromedriver + 6403156
20  chromedriver                        0x000000010472d8bf chromedriver + 6502591
21  chromedriver                        0x0000000104706884 chromedriver + 6342788
22  chromedriver                        0x00000001047452a8 chromedriver + 6599336
23  chromedriver                        0x0000000104745465 chromedriver + 6599781
24  chromedriver                        0x0000000104754798 chromedriver + 6662040
25  libsystem_pthread.dylib             0x00007ff8042fb1d3 _pthread_start + 125
26  libsystem_pthread.dylib             0x00007ff8042f6bd3 thread_start + 15

2025-01-24 12:02:15,926 - INFO - 关闭浏览器
2025-01-24 12:03:41,172 - ERROR - Service process refused to terminate gracefully with SIGTERM, escalating to SIGKILL.
Traceback (most recent call last):
  File "/opt/anaconda3/envs/oa/lib/python3.10/site-packages/selenium/webdriver/common/service.py", line 172, in _terminate_process
    self.process.wait(60)
  File "/opt/anaconda3/envs/oa/lib/python3.10/subprocess.py", line 1209, in wait
    return self._wait(timeout=timeout)
  File "/opt/anaconda3/envs/oa/lib/python3.10/subprocess.py", line 1951, in _wait
    raise TimeoutExpired(self.args, timeout)
subprocess.TimeoutExpired: Command '['/usr/local/bin/chromedriver', '--port=56725']' timed out after 60 seconds
2025-01-25 13:31:05,593 - INFO - Current time: 2025-01-25 13:31:05
2025-01-25 13:31:11,882 - INFO - 打开网址: https://myoa.omenow.com/Schedule/MySchedule/
2025-01-25 13:31:15,801 - INFO - 输入用户名和密码
2025-01-25 13:31:16,983 - INFO - 点击登录按钮
2025-01-25 13:31:38,124 - INFO - ---------------------------------------------------
2025-01-25 13:31:38,126 - INFO - 周六移动办公签出
2025-01-25 13:32:07,393 - INFO - 周六移动办公签出 按钮已点击。
2025-01-25 13:32:13,712 - INFO - 周六移动办公签出 弹窗关闭按钮已点击。
2025-01-25 13:32:18,719 - INFO - 关闭浏览器
2025-01-28 07:30:47,313 - INFO - 打开网址: https://myoa.omenow.com/Schedule/MySchedule/
2025-01-28 07:30:51,027 - INFO - 输入用户名和密码
2025-01-28 07:30:52,075 - INFO - 点击登录按钮
2025-01-28 07:31:30,919 - INFO - 未找到弹窗或弹窗已经关闭
2025-01-28 07:31:30,919 - INFO - ---------------------------------------------------
2025-01-28 07:31:30,919 - INFO - 今天是工作日，执行签出签入流程。
2025-01-28 07:31:30,919 - INFO - 今天是星期1
2025-01-28 07:31:30,919 - INFO - 检查签出按钮状态
2025-01-28 07:31:35,795 - INFO - 签出 按钮已点击。
2025-01-28 07:31:42,045 - INFO - 签出 弹窗关闭按钮已点击。
2025-01-28 07:32:07,062 - INFO - 检查签入按钮状态
2025-01-28 07:32:07,136 - INFO - 检查签出按钮状态以决定是否点击签入按钮
2025-01-28 07:32:11,250 - INFO - 签入 按钮已点击。
2025-01-28 07:32:17,381 - INFO - 签入 弹窗关闭按钮已点击。
2025-01-28 07:32:27,392 - INFO - 关闭浏览器
2025-01-28 12:00:48,618 - INFO - 打开网址: https://myoa.omenow.com/Schedule/MySchedule/
2025-01-28 12:00:52,203 - INFO - 输入用户名和密码
2025-01-28 12:00:53,228 - INFO - 点击登录按钮
2025-01-28 12:01:33,468 - INFO - 未找到弹窗或弹窗已经关闭
2025-01-28 12:01:33,468 - INFO - ---------------------------------------------------
2025-01-28 12:01:33,468 - INFO - 今天是工作日，执行签出签入流程。
2025-01-28 12:01:33,468 - INFO - 今天是星期1
2025-01-28 12:01:33,468 - INFO - 检查签出按钮状态
2025-01-28 12:01:37,941 - INFO - 签出 按钮已点击。
2025-01-28 12:01:45,357 - INFO - 签出 弹窗关闭按钮已点击。
2025-01-28 12:02:10,377 - INFO - 检查签入按钮状态
2025-01-28 12:02:10,456 - INFO - 检查签出按钮状态以决定是否点击签入按钮
2025-01-28 12:02:14,329 - INFO - 签入 按钮已点击。
2025-01-28 12:02:20,168 - INFO - 签入 弹窗关闭按钮已点击。
2025-01-28 12:02:30,197 - INFO - 关闭浏览器
2025-02-01 13:31:04,457 - INFO - Current time: 2025-02-01 13:31:04
2025-02-01 13:31:37,693 - INFO - 打开网址: https://myoa.omenow.com/Schedule/MySchedule/
2025-02-01 13:31:41,379 - INFO - 输入用户名和密码
2025-02-01 13:31:42,410 - INFO - 点击登录按钮
2025-02-01 13:32:03,467 - INFO - ---------------------------------------------------
2025-02-01 13:32:03,467 - INFO - 周六移动办公签出
2025-02-01 13:32:26,349 - INFO - 周六移动办公签出 按钮已点击。
2025-02-01 13:32:32,394 - INFO - 周六移动办公签出 弹窗关闭按钮已点击。
2025-02-01 13:32:37,401 - INFO - 关闭浏览器
2025-02-03 07:30:24,243 - INFO - 打开网址: https://myoa.omenow.com/Schedule/MySchedule/
2025-02-03 07:30:27,889 - INFO - 输入用户名和密码
2025-02-03 07:30:28,993 - INFO - 点击登录按钮
2025-02-03 07:31:14,237 - INFO - 未找到弹窗或弹窗已经关闭
2025-02-03 07:31:14,237 - INFO - ---------------------------------------------------
2025-02-03 07:31:14,237 - INFO - 今天是工作日，执行签出签入流程。
2025-02-03 07:31:14,237 - INFO - 今天是星期0
2025-02-03 07:31:14,237 - INFO - 检查签出按钮状态
2025-02-03 07:31:16,911 - INFO - 签出 按钮已点击。
2025-02-03 07:31:23,079 - INFO - 签出 弹窗关闭按钮已点击。
2025-02-03 07:31:48,099 - INFO - 检查签入按钮状态
2025-02-03 07:31:48,219 - INFO - 检查签出按钮状态以决定是否点击签入按钮
2025-02-03 07:31:50,065 - INFO - 签入 按钮已点击。
2025-02-03 07:31:56,253 - INFO - 签入 弹窗关闭按钮已点击。
2025-02-03 07:32:06,264 - INFO - 关闭浏览器
2025-02-03 12:00:24,371 - INFO - 打开网址: https://myoa.omenow.com/Schedule/MySchedule/
2025-02-03 12:00:28,040 - INFO - 输入用户名和密码
2025-02-03 12:00:29,166 - INFO - 点击登录按钮
2025-02-03 12:01:10,642 - INFO - 未找到弹窗或弹窗已经关闭
2025-02-03 12:01:10,643 - INFO - ---------------------------------------------------
2025-02-03 12:01:10,643 - INFO - 今天是工作日，执行签出签入流程。
2025-02-03 12:01:10,643 - INFO - 今天是星期0
2025-02-03 12:01:10,643 - INFO - 检查签出按钮状态
2025-02-03 12:01:15,055 - INFO - 签出 按钮已点击。
2025-02-03 12:01:21,628 - INFO - 签出 弹窗关闭按钮已点击。
2025-02-03 12:01:46,652 - INFO - 检查签入按钮状态
2025-02-03 12:01:46,778 - INFO - 检查签出按钮状态以决定是否点击签入按钮
2025-02-03 12:01:48,617 - INFO - 签入 按钮已点击。
2025-02-03 12:01:54,357 - INFO - 签入 弹窗关闭按钮已点击。
2025-02-03 12:02:04,369 - INFO - 关闭浏览器
2025-02-04 07:30:23,779 - INFO - 打开网址: https://myoa.omenow.com/Schedule/MySchedule/
2025-02-04 07:30:29,002 - INFO - 输入用户名和密码
2025-02-04 07:30:30,083 - INFO - 点击登录按钮
2025-02-04 07:31:14,171 - INFO - 未找到弹窗或弹窗已经关闭
2025-02-04 07:31:14,171 - INFO - ---------------------------------------------------
2025-02-04 07:31:14,171 - INFO - 今天是工作日，执行签出签入流程。
2025-02-04 07:31:14,171 - INFO - 今天是星期1
2025-02-04 07:31:14,171 - INFO - 检查签出按钮状态
2025-02-04 07:31:17,487 - INFO - 签出 按钮已点击。
2025-02-04 07:31:24,172 - INFO - 签出 弹窗关闭按钮已点击。
2025-02-04 07:31:49,190 - INFO - 检查签入按钮状态
2025-02-04 07:31:49,343 - INFO - 检查签出按钮状态以决定是否点击签入按钮
2025-02-04 07:31:51,645 - INFO - 签入 按钮已点击。
2025-02-04 07:31:57,767 - INFO - 签入 弹窗关闭按钮已点击。
2025-02-04 07:32:07,772 - INFO - 关闭浏览器
2025-02-04 07:33:32,697 - ERROR - Service process refused to terminate gracefully with SIGTERM, escalating to SIGKILL.
Traceback (most recent call last):
  File "/opt/anaconda3/envs/oa/lib/python3.10/site-packages/selenium/webdriver/common/service.py", line 172, in _terminate_process
    self.process.wait(60)
  File "/opt/anaconda3/envs/oa/lib/python3.10/subprocess.py", line 1209, in wait
    return self._wait(timeout=timeout)
  File "/opt/anaconda3/envs/oa/lib/python3.10/subprocess.py", line 1951, in _wait
    raise TimeoutExpired(self.args, timeout)
subprocess.TimeoutExpired: Command '['/usr/local/bin/chromedriver', '--port=51738']' timed out after 60 seconds
2025-02-04 12:00:24,149 - INFO - 打开网址: https://myoa.omenow.com/Schedule/MySchedule/
2025-02-04 12:00:27,967 - INFO - 输入用户名和密码
2025-02-04 12:00:29,045 - INFO - 点击登录按钮
2025-02-04 12:01:11,838 - INFO - 未找到弹窗或弹窗已经关闭
2025-02-04 12:01:11,839 - INFO - ---------------------------------------------------
2025-02-04 12:01:11,839 - INFO - 今天是工作日，执行签出签入流程。
2025-02-04 12:01:11,839 - INFO - 今天是星期1
2025-02-04 12:01:11,839 - INFO - 检查签出按钮状态
2025-02-04 12:01:15,887 - INFO - 签出 按钮已点击。
2025-02-04 12:01:22,436 - INFO - 签出 弹窗关闭按钮已点击。
2025-02-04 12:01:47,457 - INFO - 检查签入按钮状态
2025-02-04 12:01:47,552 - INFO - 检查签出按钮状态以决定是否点击签入按钮
2025-02-04 12:01:49,973 - INFO - 签入 按钮已点击。
2025-02-04 12:01:55,831 - INFO - 签入 弹窗关闭按钮已点击。
2025-02-04 12:02:05,844 - INFO - 关闭浏览器
2025-02-05 07:31:52,586 - ERROR - Service process refused to terminate gracefully with SIGTERM, escalating to SIGKILL.
Traceback (most recent call last):
  File "/opt/anaconda3/envs/oa/lib/python3.10/site-packages/selenium/webdriver/chromium/webdriver.py", line 66, in __init__
    super().__init__(command_executor=executor, options=options)
  File "/opt/anaconda3/envs/oa/lib/python3.10/site-packages/selenium/webdriver/remote/webdriver.py", line 212, in __init__
    self.start_session(capabilities)
  File "/opt/anaconda3/envs/oa/lib/python3.10/site-packages/selenium/webdriver/remote/webdriver.py", line 299, in start_session
    response = self.execute(Command.NEW_SESSION, caps)["value"]
  File "/opt/anaconda3/envs/oa/lib/python3.10/site-packages/selenium/webdriver/remote/webdriver.py", line 354, in execute
    self.error_handler.check_response(response)
  File "/opt/anaconda3/envs/oa/lib/python3.10/site-packages/selenium/webdriver/remote/errorhandler.py", line 229, in check_response
    raise exception_class(message, screen, stacktrace)
selenium.common.exceptions.SessionNotCreatedException: Message: session not created: This version of ChromeDriver only supports Chrome version 131
Current browser version is 133.0.6943.53 with binary path /Applications/Google Chrome.app/Contents/MacOS/Google Chrome
Stacktrace:
0   chromedriver                        0x00000001027e7db2 chromedriver + 6696370
1   chromedriver                        0x00000001027dfbca chromedriver + 6663114
2   chromedriver                        0x00000001021e7e3e chromedriver + 405054
3   chromedriver                        0x00000001022276fe chromedriver + 665342
4   chromedriver                        0x000000010222668d chromedriver + 661133
5   chromedriver                        0x0000000102220491 chromedriver + 636049
6   chromedriver                        0x000000010221c1da chromedriver + 618970
7   chromedriver                        0x0000000102269ee3 chromedriver + 937699
8   chromedriver                        0x00000001022695e6 chromedriver + 935398
9   chromedriver                        0x000000010225d613 chromedriver + 886291
10  chromedriver                        0x000000010222a950 chromedriver + 678224
11  chromedriver                        0x000000010222b34e chromedriver + 680782
12  chromedriver                        0x00000001027b56a0 chromedriver + 6489760
13  chromedriver                        0x00000001027b8149 chromedriver + 6500681
14  chromedriver                        0x00000001027b7c6b chromedriver + 6499435
15  chromedriver                        0x00000001027b85d5 chromedriver + 6501845
16  chromedriver                        0x00000001027a0454 chromedriver + 6403156
17  chromedriver                        0x00000001027b88bf chromedriver + 6502591
18  chromedriver                        0x0000000102791884 chromedriver + 6342788
19  chromedriver                        0x00000001027d02a8 chromedriver + 6599336
20  chromedriver                        0x00000001027d0465 chromedriver + 6599781
21  chromedriver                        0x00000001027df798 chromedriver + 6662040
22  libsystem_pthread.dylib             0x00007ff81be5f1d3 _pthread_start + 125
23  libsystem_pthread.dylib             0x00007ff81be5abd3 thread_start + 15


During handling of the above exception, another exception occurred:

Traceback (most recent call last):
  File "/opt/anaconda3/envs/oa/lib/python3.10/site-packages/selenium/webdriver/common/service.py", line 172, in _terminate_process
    self.process.wait(60)
  File "/opt/anaconda3/envs/oa/lib/python3.10/subprocess.py", line 1209, in wait
    return self._wait(timeout=timeout)
  File "/opt/anaconda3/envs/oa/lib/python3.10/subprocess.py", line 1951, in _wait
    raise TimeoutExpired(self.args, timeout)
subprocess.TimeoutExpired: Command '['/usr/local/bin/chromedriver', '--port=49534']' timed out after 60 seconds
2025-02-05 12:01:29,437 - ERROR - Service process refused to terminate gracefully with SIGTERM, escalating to SIGKILL.
Traceback (most recent call last):
  File "/opt/anaconda3/envs/oa/lib/python3.10/site-packages/selenium/webdriver/chromium/webdriver.py", line 66, in __init__
    super().__init__(command_executor=executor, options=options)
  File "/opt/anaconda3/envs/oa/lib/python3.10/site-packages/selenium/webdriver/remote/webdriver.py", line 212, in __init__
    self.start_session(capabilities)
  File "/opt/anaconda3/envs/oa/lib/python3.10/site-packages/selenium/webdriver/remote/webdriver.py", line 299, in start_session
    response = self.execute(Command.NEW_SESSION, caps)["value"]
  File "/opt/anaconda3/envs/oa/lib/python3.10/site-packages/selenium/webdriver/remote/webdriver.py", line 354, in execute
    self.error_handler.check_response(response)
  File "/opt/anaconda3/envs/oa/lib/python3.10/site-packages/selenium/webdriver/remote/errorhandler.py", line 229, in check_response
    raise exception_class(message, screen, stacktrace)
selenium.common.exceptions.SessionNotCreatedException: Message: session not created: This version of ChromeDriver only supports Chrome version 131
Current browser version is 133.0.6943.53 with binary path /Applications/Google Chrome.app/Contents/MacOS/Google Chrome
Stacktrace:
0   chromedriver                        0x0000000104d33db2 chromedriver + 6696370
1   chromedriver                        0x0000000104d2bbca chromedriver + 6663114
2   chromedriver                        0x0000000104733e3e chromedriver + 405054
3   chromedriver                        0x00000001047736fe chromedriver + 665342
4   chromedriver                        0x000000010477268d chromedriver + 661133
5   chromedriver                        0x000000010476c491 chromedriver + 636049
6   chromedriver                        0x00000001047681da chromedriver + 618970
7   chromedriver                        0x00000001047b5ee3 chromedriver + 937699
8   chromedriver                        0x00000001047b55e6 chromedriver + 935398
9   chromedriver                        0x00000001047a9613 chromedriver + 886291
10  chromedriver                        0x0000000104776950 chromedriver + 678224
11  chromedriver                        0x000000010477734e chromedriver + 680782
12  chromedriver                        0x0000000104d016a0 chromedriver + 6489760
13  chromedriver                        0x0000000104d04149 chromedriver + 6500681
14  chromedriver                        0x0000000104d03c6b chromedriver + 6499435
15  chromedriver                        0x0000000104d045d5 chromedriver + 6501845
16  chromedriver                        0x0000000104cec454 chromedriver + 6403156
17  chromedriver                        0x0000000104d048bf chromedriver + 6502591
18  chromedriver                        0x0000000104cdd884 chromedriver + 6342788
19  chromedriver                        0x0000000104d1c2a8 chromedriver + 6599336
20  chromedriver                        0x0000000104d1c465 chromedriver + 6599781
21  chromedriver                        0x0000000104d2b798 chromedriver + 6662040
22  libsystem_pthread.dylib             0x00007ff81be5f1d3 _pthread_start + 125
23  libsystem_pthread.dylib             0x00007ff81be5abd3 thread_start + 15


During handling of the above exception, another exception occurred:

Traceback (most recent call last):
  File "/opt/anaconda3/envs/oa/lib/python3.10/site-packages/selenium/webdriver/common/service.py", line 172, in _terminate_process
    self.process.wait(60)
  File "/opt/anaconda3/envs/oa/lib/python3.10/subprocess.py", line 1209, in wait
    return self._wait(timeout=timeout)
  File "/opt/anaconda3/envs/oa/lib/python3.10/subprocess.py", line 1951, in _wait
    raise TimeoutExpired(self.args, timeout)
subprocess.TimeoutExpired: Command '['/usr/local/bin/chromedriver', '--port=50227']' timed out after 60 seconds
2025-02-06 07:34:37,753 - ERROR - Service process refused to terminate gracefully with SIGTERM, escalating to SIGKILL.
Traceback (most recent call last):
  File "/opt/anaconda3/envs/oa/lib/python3.10/site-packages/selenium/webdriver/chromium/webdriver.py", line 66, in __init__
    super().__init__(command_executor=executor, options=options)
  File "/opt/anaconda3/envs/oa/lib/python3.10/site-packages/selenium/webdriver/remote/webdriver.py", line 212, in __init__
    self.start_session(capabilities)
  File "/opt/anaconda3/envs/oa/lib/python3.10/site-packages/selenium/webdriver/remote/webdriver.py", line 299, in start_session
    response = self.execute(Command.NEW_SESSION, caps)["value"]
  File "/opt/anaconda3/envs/oa/lib/python3.10/site-packages/selenium/webdriver/remote/webdriver.py", line 354, in execute
    self.error_handler.check_response(response)
  File "/opt/anaconda3/envs/oa/lib/python3.10/site-packages/selenium/webdriver/remote/errorhandler.py", line 229, in check_response
    raise exception_class(message, screen, stacktrace)
selenium.common.exceptions.SessionNotCreatedException: Message: session not created: This version of ChromeDriver only supports Chrome version 131
Current browser version is 133.0.6943.53 with binary path /Applications/Google Chrome.app/Contents/MacOS/Google Chrome
Stacktrace:
0   chromedriver                        0x0000000100e8cdb2 chromedriver + 6696370
1   chromedriver                        0x0000000100e84bca chromedriver + 6663114
2   chromedriver                        0x000000010088ce3e chromedriver + 405054
3   chromedriver                        0x00000001008cc6fe chromedriver + 665342
4   chromedriver                        0x00000001008cb68d chromedriver + 661133
5   chromedriver                        0x00000001008c5491 chromedriver + 636049
6   chromedriver                        0x00000001008c11da chromedriver + 618970
7   chromedriver                        0x000000010090eee3 chromedriver + 937699
8   chromedriver                        0x000000010090e5e6 chromedriver + 935398
9   chromedriver                        0x0000000100902613 chromedriver + 886291
10  chromedriver                        0x00000001008cf950 chromedriver + 678224
11  chromedriver                        0x00000001008d034e chromedriver + 680782
12  chromedriver                        0x0000000100e5a6a0 chromedriver + 6489760
13  chromedriver                        0x0000000100e5d149 chromedriver + 6500681
14  chromedriver                        0x0000000100e5cc6b chromedriver + 6499435
15  chromedriver                        0x0000000100e5d5d5 chromedriver + 6501845
16  chromedriver                        0x0000000100e45454 chromedriver + 6403156
17  chromedriver                        0x0000000100e5d8bf chromedriver + 6502591
18  chromedriver                        0x0000000100e36884 chromedriver + 6342788
19  chromedriver                        0x0000000100e752a8 chromedriver + 6599336
20  chromedriver                        0x0000000100e75465 chromedriver + 6599781
21  chromedriver                        0x0000000100e84798 chromedriver + 6662040
22  libsystem_pthread.dylib             0x00007ff81be5f1d3 _pthread_start + 125
23  libsystem_pthread.dylib             0x00007ff81be5abd3 thread_start + 15


During handling of the above exception, another exception occurred:

Traceback (most recent call last):
  File "/opt/anaconda3/envs/oa/lib/python3.10/site-packages/selenium/webdriver/common/service.py", line 172, in _terminate_process
    self.process.wait(60)
  File "/opt/anaconda3/envs/oa/lib/python3.10/subprocess.py", line 1209, in wait
    return self._wait(timeout=timeout)
  File "/opt/anaconda3/envs/oa/lib/python3.10/subprocess.py", line 1951, in _wait
    raise TimeoutExpired(self.args, timeout)
subprocess.TimeoutExpired: Command '['/usr/local/bin/chromedriver', '--port=56963']' timed out after 60 seconds
2025-02-06 12:01:32,414 - ERROR - Service process refused to terminate gracefully with SIGTERM, escalating to SIGKILL.
Traceback (most recent call last):
  File "/opt/anaconda3/envs/oa/lib/python3.10/site-packages/selenium/webdriver/chromium/webdriver.py", line 66, in __init__
    super().__init__(command_executor=executor, options=options)
  File "/opt/anaconda3/envs/oa/lib/python3.10/site-packages/selenium/webdriver/remote/webdriver.py", line 212, in __init__
    self.start_session(capabilities)
  File "/opt/anaconda3/envs/oa/lib/python3.10/site-packages/selenium/webdriver/remote/webdriver.py", line 299, in start_session
    response = self.execute(Command.NEW_SESSION, caps)["value"]
  File "/opt/anaconda3/envs/oa/lib/python3.10/site-packages/selenium/webdriver/remote/webdriver.py", line 354, in execute
    self.error_handler.check_response(response)
  File "/opt/anaconda3/envs/oa/lib/python3.10/site-packages/selenium/webdriver/remote/errorhandler.py", line 229, in check_response
    raise exception_class(message, screen, stacktrace)
selenium.common.exceptions.SessionNotCreatedException: Message: session not created: This version of ChromeDriver only supports Chrome version 131
Current browser version is 133.0.6943.53 with binary path /Applications/Google Chrome.app/Contents/MacOS/Google Chrome
Stacktrace:
0   chromedriver                        0x000000010349adb2 chromedriver + 6696370
1   chromedriver                        0x0000000103492bca chromedriver + 6663114
2   chromedriver                        0x0000000102e9ae3e chromedriver + 405054
3   chromedriver                        0x0000000102eda6fe chromedriver + 665342
4   chromedriver                        0x0000000102ed968d chromedriver + 661133
5   chromedriver                        0x0000000102ed3491 chromedriver + 636049
6   chromedriver                        0x0000000102ecf1da chromedriver + 618970
7   chromedriver                        0x0000000102f1cee3 chromedriver + 937699
8   chromedriver                        0x0000000102f1c5e6 chromedriver + 935398
9   chromedriver                        0x0000000102f10613 chromedriver + 886291
10  chromedriver                        0x0000000102edd950 chromedriver + 678224
11  chromedriver                        0x0000000102ede34e chromedriver + 680782
12  chromedriver                        0x00000001034686a0 chromedriver + 6489760
13  chromedriver                        0x000000010346b149 chromedriver + 6500681
14  chromedriver                        0x000000010346ac6b chromedriver + 6499435
15  chromedriver                        0x000000010346b5d5 chromedriver + 6501845
16  chromedriver                        0x0000000103453454 chromedriver + 6403156
17  chromedriver                        0x000000010346b8bf chromedriver + 6502591
18  chromedriver                        0x0000000103444884 chromedriver + 6342788
19  chromedriver                        0x00000001034832a8 chromedriver + 6599336
20  chromedriver                        0x0000000103483465 chromedriver + 6599781
21  chromedriver                        0x0000000103492798 chromedriver + 6662040
22  libsystem_pthread.dylib             0x00007ff81be5f1d3 _pthread_start + 125
23  libsystem_pthread.dylib             0x00007ff81be5abd3 thread_start + 15


During handling of the above exception, another exception occurred:

Traceback (most recent call last):
  File "/opt/anaconda3/envs/oa/lib/python3.10/site-packages/selenium/webdriver/common/service.py", line 172, in _terminate_process
    self.process.wait(60)
  File "/opt/anaconda3/envs/oa/lib/python3.10/subprocess.py", line 1209, in wait
    return self._wait(timeout=timeout)
  File "/opt/anaconda3/envs/oa/lib/python3.10/subprocess.py", line 1951, in _wait
    raise TimeoutExpired(self.args, timeout)
subprocess.TimeoutExpired: Command '['/usr/local/bin/chromedriver', '--port=58500']' timed out after 60 seconds
2025-02-06 14:54:58,903 - INFO - 打开网址: https://myoa.omenow.com/Schedule/MySchedule/
2025-02-06 14:55:03,949 - INFO - 输入用户名和密码
2025-02-06 14:55:05,119 - INFO - 点击登录按钮
2025-02-06 14:56:16,903 - INFO - 未找到弹窗或弹窗已经关闭
2025-02-06 14:56:16,904 - INFO - ---------------------------------------------------
2025-02-06 14:56:16,904 - INFO - 今天是工作日，执行签出签入流程。
2025-02-06 14:56:16,904 - INFO - 今天是星期3
2025-02-06 14:56:16,904 - INFO - 检查签出按钮状态
2025-02-06 14:56:17,015 - INFO - 签出按钮当前处于禁用状态，无法点击。
2025-02-06 14:56:37,020 - INFO - 检查签入按钮状态
2025-02-06 14:56:37,215 - INFO - 签入按钮当前处于禁用状态，无法点击。
2025-02-06 14:57:03,257 - INFO - 关闭浏览器
2025-02-07 07:30:28,550 - INFO - 打开网址: https://myoa.omenow.com/Schedule/MySchedule/
2025-02-07 07:30:31,948 - INFO - 输入用户名和密码
2025-02-07 07:30:33,001 - INFO - 点击登录按钮
2025-02-07 07:36:43,450 - INFO - 未找到弹窗或弹窗已经关闭
2025-02-07 07:36:43,453 - INFO - ---------------------------------------------------
2025-02-07 07:36:43,453 - INFO - 今天是工作日，执行签出签入流程。
2025-02-07 07:36:43,453 - INFO - 今天是星期4
2025-02-07 07:36:43,453 - INFO - 检查签出按钮状态
2025-02-07 07:36:45,136 - INFO - 签出 按钮已点击。
2025-02-07 07:37:00,433 - ERROR - 处理 签出 弹出窗口时出现异常: Message: 
Stacktrace:
0   chromedriver                        0x00000001011e5bc8 chromedriver + 5766088
1   chromedriver                        0x00000001011dd7ea chromedriver + 5732330
2   chromedriver                        0x0000000100ccb680 chromedriver + 415360
3   chromedriver                        0x0000000100d1cd7d chromedriver + 748925
4   chromedriver                        0x0000000100d1cf21 chromedriver + 749345
5   chromedriver                        0x0000000100d6d184 chromedriver + 1077636
6   chromedriver                        0x0000000100d4307d chromedriver + 905341
7   chromedriver                        0x0000000100d6a3e7 chromedriver + 1065959
8   chromedriver                        0x0000000100d42e23 chromedriver + 904739
9   chromedriver                        0x0000000100d0ebea chromedriver + 691178
10  chromedriver                        0x0000000100d0fd41 chromedriver + 695617
11  chromedriver                        0x00000001011a9100 chromedriver + 5517568
12  chromedriver                        0x00000001011ad040 chromedriver + 5533760
13  chromedriver                        0x000000010118ac87 chromedriver + 5393543
14  chromedriver                        0x00000001011adacb chromedriver + 5536459
15  chromedriver                        0x0000000101179544 chromedriver + 5322052
16  chromedriver                        0x00000001011cb6e8 chromedriver + 5658344
17  chromedriver                        0x00000001011cb8af chromedriver + 5658799
18  chromedriver                        0x00000001011dd3c8 chromedriver + 5731272
19  libsystem_pthread.dylib             0x00007ff81be5f1d3 _pthread_start + 125
20  libsystem_pthread.dylib             0x00007ff81be5abd3 thread_start + 15

2025-02-07 07:37:47,198 - INFO - 检查签入按钮状态
2025-02-07 07:37:47,331 - INFO - 检查签出按钮状态以决定是否点击签入按钮
2025-02-07 07:37:49,105 - ERROR - 点击 签出 按钮时出现异常: Message: element click intercepted: Element <button type="button" class="btn btn-success" id="btnCheckOut" style="width: 80px;">...</button> is not clickable at point (628, 17). Other element would receive the click: <div class="k-overlay" style="display: block; z-index: 10002; opacity: 0.5;"></div>
  (Session info: chrome=133.0.6943.53)
Stacktrace:
0   chromedriver                        0x00000001011e5bc8 chromedriver + 5766088
1   chromedriver                        0x00000001011dd7ea chromedriver + 5732330
2   chromedriver                        0x0000000100ccb680 chromedriver + 415360
3   chromedriver                        0x0000000100d23b70 chromedriver + 777072
4   chromedriver                        0x0000000100d219d1 chromedriver + 768465
5   chromedriver                        0x0000000100d1f062 chromedriver + 757858
6   chromedriver                        0x0000000100d1e248 chromedriver + 754248
7   chromedriver                        0x0000000100d10d3d chromedriver + 699709
8   chromedriver                        0x0000000100d43052 chromedriver + 905298
9   chromedriver                        0x0000000100d106b8 chromedriver + 698040
10  chromedriver                        0x0000000100d4320e chromedriver + 905742
11  chromedriver                        0x0000000100d6a3e7 chromedriver + 1065959
12  chromedriver                        0x0000000100d42e23 chromedriver + 904739
13  chromedriver                        0x0000000100d0ebea chromedriver + 691178
14  chromedriver                        0x0000000100d0fd41 chromedriver + 695617
15  chromedriver                        0x00000001011a9100 chromedriver + 5517568
16  chromedriver                        0x00000001011ad040 chromedriver + 5533760
17  chromedriver                        0x000000010118ac87 chromedriver + 5393543
18  chromedriver                        0x00000001011adacb chromedriver + 5536459
19  chromedriver                        0x0000000101179544 chromedriver + 5322052
20  chromedriver                        0x00000001011cb6e8 chromedriver + 5658344
21  chromedriver                        0x00000001011cb8af chromedriver + 5658799
22  chromedriver                        0x00000001011dd3c8 chromedriver + 5731272
23  libsystem_pthread.dylib             0x00007ff81be5f1d3 _pthread_start + 125
24  libsystem_pthread.dylib             0x00007ff81be5abd3 thread_start + 15

2025-02-07 07:38:10,314 - ERROR - 点击 签入 按钮时出现异常: Message: element click intercepted: Element <button type="button" class="btn btn-danger" id="btnCheckIn" style="width: 80px;">...</button> is not clickable at point (738, 17). Other element would receive the click: <div class="k-overlay" style="display: block; z-index: 10002; opacity: 0.5;"></div>
  (Session info: chrome=133.0.6943.53)
Stacktrace:
0   chromedriver                        0x00000001011e5bc8 chromedriver + 5766088
1   chromedriver                        0x00000001011dd7ea chromedriver + 5732330
2   chromedriver                        0x0000000100ccb680 chromedriver + 415360
3   chromedriver                        0x0000000100d23b70 chromedriver + 777072
4   chromedriver                        0x0000000100d219d1 chromedriver + 768465
5   chromedriver                        0x0000000100d1f062 chromedriver + 757858
6   chromedriver                        0x0000000100d1e248 chromedriver + 754248
7   chromedriver                        0x0000000100d10d3d chromedriver + 699709
8   chromedriver                        0x0000000100d43052 chromedriver + 905298
9   chromedriver                        0x0000000100d106b8 chromedriver + 698040
10  chromedriver                        0x0000000100d4320e chromedriver + 905742
11  chromedriver                        0x0000000100d6a3e7 chromedriver + 1065959
12  chromedriver                        0x0000000100d42e23 chromedriver + 904739
13  chromedriver                        0x0000000100d0ebea chromedriver + 691178
14  chromedriver                        0x0000000100d0fd41 chromedriver + 695617
15  chromedriver                        0x00000001011a9100 chromedriver + 5517568
16  chromedriver                        0x00000001011ad040 chromedriver + 5533760
17  chromedriver                        0x000000010118ac87 chromedriver + 5393543
18  chromedriver                        0x00000001011adacb chromedriver + 5536459
19  chromedriver                        0x0000000101179544 chromedriver + 5322052
20  chromedriver                        0x00000001011cb6e8 chromedriver + 5658344
21  chromedriver                        0x00000001011cb8af chromedriver + 5658799
22  chromedriver                        0x00000001011dd3c8 chromedriver + 5731272
23  libsystem_pthread.dylib             0x00007ff81be5f1d3 _pthread_start + 125
24  libsystem_pthread.dylib             0x00007ff81be5abd3 thread_start + 15

2025-02-07 07:38:20,325 - INFO - 关闭浏览器
2025-02-07 07:52:27,790 - INFO - 打开网址: https://myoa.omenow.com/Schedule/MySchedule/
2025-02-07 07:52:31,613 - INFO - 输入用户名和密码
2025-02-07 07:52:32,852 - INFO - 点击登录按钮
2025-02-07 07:53:17,771 - INFO - 未找到弹窗或弹窗已经关闭
2025-02-07 07:53:17,771 - INFO - ---------------------------------------------------
2025-02-07 07:53:17,771 - INFO - 今天是工作日，执行签出签入流程。
2025-02-07 07:53:17,771 - INFO - 今天是星期4
2025-02-07 07:53:17,771 - INFO - 检查签出按钮状态
2025-02-07 07:53:22,257 - INFO - 签出 按钮已点击。
2025-02-07 07:53:31,550 - INFO - 签出 弹窗关闭按钮已点击。
2025-02-07 07:53:56,559 - INFO - 检查签入按钮状态
2025-02-07 07:53:56,631 - INFO - 检查签出按钮状态以决定是否点击签入按钮
2025-02-07 07:54:00,607 - INFO - 签入 按钮已点击。
2025-02-07 07:54:06,265 - INFO - 签入 弹窗关闭按钮已点击。
2025-02-07 07:54:16,269 - INFO - 关闭浏览器
2025-02-07 12:00:24,714 - INFO - 打开网址: https://myoa.omenow.com/Schedule/MySchedule/
2025-02-07 12:00:30,016 - INFO - 输入用户名和密码
2025-02-07 12:00:31,219 - INFO - 点击登录按钮
2025-02-07 12:01:29,136 - INFO - 未找到弹窗或弹窗已经关闭
2025-02-07 12:01:29,138 - INFO - ---------------------------------------------------
2025-02-07 12:01:29,138 - INFO - 今天是工作日，执行签出签入流程。
2025-02-07 12:01:29,138 - INFO - 今天是星期4
2025-02-07 12:01:29,138 - INFO - 检查签出按钮状态
2025-02-07 12:01:30,479 - INFO - 签出 按钮已点击。
2025-02-07 12:01:36,497 - INFO - 签出 弹窗关闭按钮已点击。
2025-02-07 12:02:01,515 - INFO - 检查签入按钮状态
2025-02-07 12:02:01,602 - INFO - 检查签出按钮状态以决定是否点击签入按钮
2025-02-07 12:02:04,031 - INFO - 签入 按钮已点击。
2025-02-07 12:02:09,997 - INFO - 签入 弹窗关闭按钮已点击。
2025-02-07 12:02:20,006 - INFO - 关闭浏览器
2025-02-07 12:03:47,043 - ERROR - Service process refused to terminate gracefully with SIGTERM, escalating to SIGKILL.
Traceback (most recent call last):
  File "/opt/anaconda3/envs/oa/lib/python3.10/site-packages/selenium/webdriver/common/service.py", line 172, in _terminate_process
    self.process.wait(60)
  File "/opt/anaconda3/envs/oa/lib/python3.10/subprocess.py", line 1209, in wait
    return self._wait(timeout=timeout)
  File "/opt/anaconda3/envs/oa/lib/python3.10/subprocess.py", line 1951, in _wait
    raise TimeoutExpired(self.args, timeout)
subprocess.TimeoutExpired: Command '['/usr/local/bin/chromedriver', '--port=63140']' timed out after 60 seconds
2025-02-10 07:30:23,233 - INFO - 打开网址: https://myoa.omenow.com/Schedule/MySchedule/
2025-02-10 07:30:26,768 - INFO - 输入用户名和密码
2025-02-10 07:30:27,769 - INFO - 点击登录按钮
2025-02-10 07:31:11,756 - INFO - 未找到弹窗或弹窗已经关闭
2025-02-10 07:31:11,756 - INFO - ---------------------------------------------------
2025-02-10 07:31:11,756 - INFO - 今天是工作日，执行签出签入流程。
2025-02-10 07:31:11,756 - INFO - 今天是星期0
2025-02-10 07:31:11,756 - INFO - 检查签出按钮状态
2025-02-10 07:31:19,875 - INFO - 签出 按钮已点击。
2025-02-10 07:31:26,710 - INFO - 签出 弹窗关闭按钮已点击。
2025-02-10 07:31:51,731 - INFO - 检查签入按钮状态
2025-02-10 07:31:51,912 - INFO - 检查签出按钮状态以决定是否点击签入按钮
2025-02-10 07:31:53,594 - INFO - 签入 按钮已点击。
2025-02-10 07:31:59,836 - INFO - 签入 弹窗关闭按钮已点击。
2025-02-10 07:32:09,846 - INFO - 关闭浏览器
2025-02-10 12:00:23,318 - INFO - 打开网址: https://myoa.omenow.com/Schedule/MySchedule/
2025-02-10 12:00:30,112 - INFO - 输入用户名和密码
2025-02-10 12:00:31,329 - INFO - 点击登录按钮
2025-02-10 12:01:13,031 - INFO - 未找到弹窗或弹窗已经关闭
2025-02-10 12:01:13,032 - INFO - ---------------------------------------------------
2025-02-10 12:01:13,032 - INFO - 今天是工作日，执行签出签入流程。
2025-02-10 12:01:13,032 - INFO - 今天是星期0
2025-02-10 12:01:13,032 - INFO - 检查签出按钮状态
2025-02-10 12:01:15,802 - INFO - 签出 按钮已点击。
2025-02-10 12:01:25,245 - INFO - 签出 弹窗关闭按钮已点击。
2025-02-10 12:01:50,261 - INFO - 检查签入按钮状态
2025-02-10 12:01:50,346 - INFO - 检查签出按钮状态以决定是否点击签入按钮
2025-02-10 12:01:53,444 - INFO - 签入 按钮已点击。
2025-02-10 12:01:59,671 - INFO - 签入 弹窗关闭按钮已点击。
2025-02-10 12:02:09,682 - INFO - 关闭浏览器
2025-02-10 12:03:36,594 - ERROR - Service process refused to terminate gracefully with SIGTERM, escalating to SIGKILL.
Traceback (most recent call last):
  File "/opt/anaconda3/envs/oa/lib/python3.10/site-packages/selenium/webdriver/common/service.py", line 172, in _terminate_process
    self.process.wait(60)
  File "/opt/anaconda3/envs/oa/lib/python3.10/subprocess.py", line 1209, in wait
    return self._wait(timeout=timeout)
  File "/opt/anaconda3/envs/oa/lib/python3.10/subprocess.py", line 1951, in _wait
    raise TimeoutExpired(self.args, timeout)
subprocess.TimeoutExpired: Command '['/usr/local/bin/chromedriver', '--port=65457']' timed out after 60 seconds
2025-02-11 07:30:23,512 - INFO - 打开网址: https://myoa.omenow.com/Schedule/MySchedule/
2025-02-11 07:30:28,619 - INFO - 输入用户名和密码
2025-02-11 07:30:29,505 - INFO - 点击登录按钮
2025-02-11 07:31:31,053 - INFO - 未找到弹窗或弹窗已经关闭
2025-02-11 07:31:31,054 - INFO - ---------------------------------------------------
2025-02-11 07:31:31,055 - INFO - 今天是工作日，执行签出签入流程。
2025-02-11 07:31:31,055 - INFO - 今天是星期1
2025-02-11 07:31:31,055 - INFO - 检查签出按钮状态
2025-02-11 07:31:33,329 - INFO - 签出 按钮已点击。
2025-02-11 07:31:40,202 - INFO - 签出 弹窗关闭按钮已点击。
2025-02-11 07:32:05,225 - INFO - 检查签入按钮状态
2025-02-11 07:32:05,384 - INFO - 检查签出按钮状态以决定是否点击签入按钮
2025-02-11 07:32:07,807 - INFO - 签入 按钮已点击。
2025-02-11 07:32:15,460 - INFO - 签入 弹窗关闭按钮已点击。
2025-02-11 07:32:25,471 - INFO - 关闭浏览器
2025-02-11 07:33:50,330 - ERROR - Service process refused to terminate gracefully with SIGTERM, escalating to SIGKILL.
Traceback (most recent call last):
  File "/opt/anaconda3/envs/oa/lib/python3.10/site-packages/selenium/webdriver/common/service.py", line 172, in _terminate_process
    self.process.wait(60)
  File "/opt/anaconda3/envs/oa/lib/python3.10/subprocess.py", line 1209, in wait
    return self._wait(timeout=timeout)
  File "/opt/anaconda3/envs/oa/lib/python3.10/subprocess.py", line 1951, in _wait
    raise TimeoutExpired(self.args, timeout)
subprocess.TimeoutExpired: Command '['/usr/local/bin/chromedriver', '--port=55672']' timed out after 60 seconds
2025-02-11 12:00:23,593 - INFO - 打开网址: https://myoa.omenow.com/Schedule/MySchedule/
2025-02-11 12:00:29,162 - INFO - 输入用户名和密码
2025-02-11 12:00:30,210 - INFO - 点击登录按钮
2025-02-11 12:01:30,572 - INFO - 未找到弹窗或弹窗已经关闭
2025-02-11 12:01:30,573 - INFO - ---------------------------------------------------
2025-02-11 12:01:30,573 - INFO - 今天是工作日，执行签出签入流程。
2025-02-11 12:01:30,573 - INFO - 今天是星期1
2025-02-11 12:01:30,573 - INFO - 检查签出按钮状态
2025-02-11 12:01:31,844 - INFO - 签出 按钮已点击。
2025-02-11 12:01:38,025 - INFO - 签出 弹窗关闭按钮已点击。
2025-02-11 12:02:03,040 - INFO - 检查签入按钮状态
2025-02-11 12:02:03,112 - INFO - 检查签出按钮状态以决定是否点击签入按钮
2025-02-11 12:02:05,861 - INFO - 签入 按钮已点击。
2025-02-11 12:02:11,763 - INFO - 签入 弹窗关闭按钮已点击。
2025-02-11 12:02:21,773 - INFO - 关闭浏览器
2025-02-11 12:03:47,487 - ERROR - Service process refused to terminate gracefully with SIGTERM, escalating to SIGKILL.
Traceback (most recent call last):
  File "/opt/anaconda3/envs/oa/lib/python3.10/site-packages/selenium/webdriver/common/service.py", line 172, in _terminate_process
    self.process.wait(60)
  File "/opt/anaconda3/envs/oa/lib/python3.10/subprocess.py", line 1209, in wait
    return self._wait(timeout=timeout)
  File "/opt/anaconda3/envs/oa/lib/python3.10/subprocess.py", line 1951, in _wait
    raise TimeoutExpired(self.args, timeout)
subprocess.TimeoutExpired: Command '['/usr/local/bin/chromedriver', '--port=58420']' timed out after 60 seconds
2025-02-12 07:30:50,594 - INFO - 打开网址: https://myoa.omenow.com/Schedule/MySchedule/
2025-02-12 07:30:55,218 - INFO - 输入用户名和密码
2025-02-12 07:30:56,145 - INFO - 点击登录按钮
2025-02-12 07:31:59,776 - INFO - 未找到弹窗或弹窗已经关闭
2025-02-12 07:31:59,778 - INFO - ---------------------------------------------------
2025-02-12 07:31:59,778 - INFO - 今天是工作日，执行签出签入流程。
2025-02-12 07:31:59,778 - INFO - 今天是星期2
2025-02-12 07:31:59,778 - INFO - 检查签出按钮状态
2025-02-12 07:32:01,718 - INFO - 签出 按钮已点击。
2025-02-12 07:32:08,158 - INFO - 签出 弹窗关闭按钮已点击。
2025-02-12 07:32:33,167 - INFO - 检查签入按钮状态
2025-02-12 07:32:33,302 - INFO - 检查签出按钮状态以决定是否点击签入按钮
2025-02-12 07:32:37,652 - INFO - 签入 按钮已点击。
2025-02-12 07:32:44,637 - INFO - 签入 弹窗关闭按钮已点击。
2025-02-12 07:32:54,641 - INFO - 关闭浏览器
2025-02-12 07:34:18,602 - ERROR - Service process refused to terminate gracefully with SIGTERM, escalating to SIGKILL.
Traceback (most recent call last):
  File "/opt/anaconda3/envs/oa/lib/python3.10/site-packages/selenium/webdriver/common/service.py", line 172, in _terminate_process
    self.process.wait(60)
  File "/opt/anaconda3/envs/oa/lib/python3.10/subprocess.py", line 1209, in wait
    return self._wait(timeout=timeout)
  File "/opt/anaconda3/envs/oa/lib/python3.10/subprocess.py", line 1951, in _wait
    raise TimeoutExpired(self.args, timeout)
subprocess.TimeoutExpired: Command '['/usr/local/bin/chromedriver', '--port=59636']' timed out after 60 seconds
2025-02-12 12:00:29,022 - INFO - 打开网址: https://myoa.omenow.com/Schedule/MySchedule/
2025-02-12 12:00:34,972 - INFO - 输入用户名和密码
2025-02-12 12:00:36,086 - INFO - 点击登录按钮
2025-02-12 12:01:19,972 - INFO - 未找到弹窗或弹窗已经关闭
2025-02-12 12:01:19,978 - INFO - ---------------------------------------------------
2025-02-12 12:01:19,978 - INFO - 今天是工作日，执行签出签入流程。
2025-02-12 12:01:19,978 - INFO - 今天是星期2
2025-02-12 12:01:19,978 - INFO - 检查签出按钮状态
2025-02-12 12:01:22,454 - INFO - 签出 按钮已点击。
2025-02-12 12:01:30,605 - INFO - 签出 弹窗关闭按钮已点击。
2025-02-12 12:01:55,621 - INFO - 检查签入按钮状态
2025-02-12 12:01:55,733 - INFO - 检查签出按钮状态以决定是否点击签入按钮
2025-02-12 12:01:57,587 - INFO - 签入 按钮已点击。
2025-02-12 12:02:03,324 - INFO - 签入 弹窗关闭按钮已点击。
2025-02-12 12:02:13,335 - INFO - 关闭浏览器
2025-02-12 12:03:39,125 - ERROR - Service process refused to terminate gracefully with SIGTERM, escalating to SIGKILL.
Traceback (most recent call last):
  File "/opt/anaconda3/envs/oa/lib/python3.10/site-packages/selenium/webdriver/common/service.py", line 172, in _terminate_process
    self.process.wait(60)
  File "/opt/anaconda3/envs/oa/lib/python3.10/subprocess.py", line 1209, in wait
    return self._wait(timeout=timeout)
  File "/opt/anaconda3/envs/oa/lib/python3.10/subprocess.py", line 1951, in _wait
    raise TimeoutExpired(self.args, timeout)
subprocess.TimeoutExpired: Command '['/usr/local/bin/chromedriver', '--port=59437']' timed out after 60 seconds
2025-02-13 12:00:25,525 - INFO - 打开网址: https://myoa.omenow.com/Schedule/MySchedule/
2025-02-13 12:00:32,121 - INFO - 输入用户名和密码
2025-02-13 12:00:33,361 - INFO - 点击登录按钮
2025-02-13 12:01:19,533 - INFO - 未找到弹窗或弹窗已经关闭
2025-02-13 12:01:19,533 - INFO - ---------------------------------------------------
2025-02-13 12:01:19,533 - INFO - 今天是工作日，执行签出签入流程。
2025-02-13 12:01:19,533 - INFO - 今天是星期3
2025-02-13 12:01:19,533 - INFO - 检查签出按钮状态
2025-02-13 12:01:22,684 - INFO - 签出 按钮已点击。
2025-02-13 12:01:31,300 - INFO - 签出 弹窗关闭按钮已点击。
2025-02-13 12:01:56,316 - INFO - 检查签入按钮状态
2025-02-13 12:01:56,408 - INFO - 检查签出按钮状态以决定是否点击签入按钮
2025-02-13 12:01:58,576 - INFO - 签入 按钮已点击。
2025-02-13 12:02:04,364 - INFO - 签入 弹窗关闭按钮已点击。
2025-02-13 12:02:14,376 - INFO - 关闭浏览器
2025-02-13 12:03:40,183 - ERROR - Service process refused to terminate gracefully with SIGTERM, escalating to SIGKILL.
Traceback (most recent call last):
  File "/opt/anaconda3/envs/oa/lib/python3.10/site-packages/selenium/webdriver/common/service.py", line 172, in _terminate_process
    self.process.wait(60)
  File "/opt/anaconda3/envs/oa/lib/python3.10/subprocess.py", line 1209, in wait
    return self._wait(timeout=timeout)
  File "/opt/anaconda3/envs/oa/lib/python3.10/subprocess.py", line 1951, in _wait
    raise TimeoutExpired(self.args, timeout)
subprocess.TimeoutExpired: Command '['/usr/local/bin/chromedriver', '--port=58640']' timed out after 60 seconds
2025-02-14 07:30:44,695 - INFO - 打开网址: https://myoa.omenow.com/Schedule/MySchedule/
2025-02-14 07:30:49,282 - INFO - 输入用户名和密码
2025-02-14 07:30:50,216 - INFO - 点击登录按钮
2025-02-14 07:31:52,809 - INFO - 未找到弹窗或弹窗已经关闭
2025-02-14 07:31:52,810 - INFO - ---------------------------------------------------
2025-02-14 07:31:52,811 - INFO - 今天是工作日，执行签出签入流程。
2025-02-14 07:31:52,811 - INFO - 今天是星期4
2025-02-14 07:31:52,811 - INFO - 检查签出按钮状态
2025-02-14 07:31:54,711 - INFO - 签出 按钮已点击。
2025-02-14 07:32:01,691 - INFO - 签出 弹窗关闭按钮已点击。
2025-02-14 07:32:26,711 - INFO - 检查签入按钮状态
2025-02-14 07:32:26,883 - INFO - 检查签出按钮状态以决定是否点击签入按钮
2025-02-14 07:32:28,640 - INFO - 签入 按钮已点击。
2025-02-14 07:32:34,836 - INFO - 签入 弹窗关闭按钮已点击。
2025-02-14 07:32:44,846 - INFO - 关闭浏览器
2025-02-14 07:34:08,776 - ERROR - Service process refused to terminate gracefully with SIGTERM, escalating to SIGKILL.
Traceback (most recent call last):
  File "/opt/anaconda3/envs/oa/lib/python3.10/site-packages/selenium/webdriver/common/service.py", line 172, in _terminate_process
    self.process.wait(60)
  File "/opt/anaconda3/envs/oa/lib/python3.10/subprocess.py", line 1209, in wait
    return self._wait(timeout=timeout)
  File "/opt/anaconda3/envs/oa/lib/python3.10/subprocess.py", line 1951, in _wait
    raise TimeoutExpired(self.args, timeout)
subprocess.TimeoutExpired: Command '['/usr/local/bin/chromedriver', '--port=51324']' timed out after 60 seconds
2025-02-14 12:00:23,928 - INFO - 打开网址: https://myoa.omenow.com/Schedule/MySchedule/
2025-02-14 12:00:29,937 - INFO - 输入用户名和密码
2025-02-14 12:00:31,058 - INFO - 点击登录按钮
2025-02-14 12:01:13,971 - INFO - 未找到弹窗或弹窗已经关闭
2025-02-14 12:01:13,972 - INFO - ---------------------------------------------------
2025-02-14 12:01:13,972 - INFO - 今天是工作日，执行签出签入流程。
2025-02-14 12:01:13,972 - INFO - 今天是星期4
2025-02-14 12:01:13,972 - INFO - 检查签出按钮状态
2025-02-14 12:01:17,088 - INFO - 签出 按钮已点击。
2025-02-14 12:01:25,972 - INFO - 签出 弹窗关闭按钮已点击。
2025-02-14 12:01:50,995 - INFO - 检查签入按钮状态
2025-02-14 12:01:51,110 - INFO - 检查签出按钮状态以决定是否点击签入按钮
2025-02-14 12:01:53,143 - INFO - 签入 按钮已点击。
2025-02-14 12:01:58,931 - INFO - 签入 弹窗关闭按钮已点击。
2025-02-14 12:02:08,942 - INFO - 关闭浏览器
2025-02-14 12:03:37,357 - ERROR - Service process refused to terminate gracefully with SIGTERM, escalating to SIGKILL.
Traceback (most recent call last):
  File "/opt/anaconda3/envs/oa/lib/python3.10/site-packages/selenium/webdriver/common/service.py", line 172, in _terminate_process
    self.process.wait(60)
  File "/opt/anaconda3/envs/oa/lib/python3.10/subprocess.py", line 1209, in wait
    return self._wait(timeout=timeout)
  File "/opt/anaconda3/envs/oa/lib/python3.10/subprocess.py", line 1951, in _wait
    raise TimeoutExpired(self.args, timeout)
subprocess.TimeoutExpired: Command '['/usr/local/bin/chromedriver', '--port=61222']' timed out after 60 seconds
2025-02-15 13:31:05,459 - INFO - Current time: 2025-02-15 13:31:05
2025-02-15 13:31:11,430 - INFO - 打开网址: https://myoa.omenow.com/Schedule/MySchedule/
2025-02-15 13:31:16,883 - INFO - 输入用户名和密码
2025-02-15 13:31:17,857 - INFO - 点击登录按钮
2025-02-15 13:32:16,558 - INFO - ---------------------------------------------------
2025-02-15 13:32:16,560 - INFO - 周六移动办公签出
2025-02-15 13:32:19,913 - INFO - 周六移动办公签出 按钮已点击。
2025-02-15 13:32:26,364 - INFO - 周六移动办公签出 弹窗关闭按钮已点击。
2025-02-15 13:32:31,374 - INFO - 关闭浏览器
2025-02-15 13:33:54,052 - ERROR - Service process refused to terminate gracefully with SIGTERM, escalating to SIGKILL.
Traceback (most recent call last):
  File "/opt/anaconda3/envs/oa/lib/python3.10/site-packages/selenium/webdriver/common/service.py", line 172, in _terminate_process
    self.process.wait(60)
  File "/opt/anaconda3/envs/oa/lib/python3.10/subprocess.py", line 1209, in wait
    return self._wait(timeout=timeout)
  File "/opt/anaconda3/envs/oa/lib/python3.10/subprocess.py", line 1951, in _wait
    raise TimeoutExpired(self.args, timeout)
subprocess.TimeoutExpired: Command '['/usr/local/bin/chromedriver', '--port=64842']' timed out after 60 seconds
2025-02-17 07:30:23,923 - INFO - 打开网址: https://myoa.omenow.com/Schedule/MySchedule/
2025-02-17 07:30:28,846 - INFO - 输入用户名和密码
2025-02-17 07:30:29,810 - INFO - 点击登录按钮
2025-02-17 07:31:09,577 - INFO - 未找到弹窗或弹窗已经关闭
2025-02-17 07:31:09,578 - INFO - ---------------------------------------------------
2025-02-17 07:31:09,578 - INFO - 今天是工作日，执行签出签入流程。
2025-02-17 07:31:09,578 - INFO - 今天是星期0
2025-02-17 07:31:09,578 - INFO - 检查签出按钮状态
2025-02-17 07:31:19,637 - INFO - 签出 按钮已点击。
2025-02-17 07:31:27,221 - INFO - 签出 弹窗关闭按钮已点击。
2025-02-17 07:31:52,235 - INFO - 检查签入按钮状态
2025-02-17 07:31:52,415 - INFO - 检查签出按钮状态以决定是否点击签入按钮
2025-02-17 07:31:53,968 - INFO - 签入 按钮已点击。
2025-02-17 07:32:00,337 - INFO - 签入 弹窗关闭按钮已点击。
2025-02-17 07:32:10,348 - INFO - 关闭浏览器
2025-02-17 07:33:32,345 - ERROR - Service process refused to terminate gracefully with SIGTERM, escalating to SIGKILL.
Traceback (most recent call last):
  File "/opt/anaconda3/envs/oa/lib/python3.10/site-packages/selenium/webdriver/common/service.py", line 172, in _terminate_process
    self.process.wait(60)
  File "/opt/anaconda3/envs/oa/lib/python3.10/subprocess.py", line 1209, in wait
    return self._wait(timeout=timeout)
  File "/opt/anaconda3/envs/oa/lib/python3.10/subprocess.py", line 1951, in _wait
    raise TimeoutExpired(self.args, timeout)
subprocess.TimeoutExpired: Command '['/usr/local/bin/chromedriver', '--port=53367']' timed out after 60 seconds
2025-02-17 12:00:23,602 - INFO - 打开网址: https://myoa.omenow.com/Schedule/MySchedule/
2025-02-17 12:00:29,097 - INFO - 输入用户名和密码
2025-02-17 12:00:30,252 - INFO - 点击登录按钮
2025-02-17 12:01:15,832 - INFO - 未找到弹窗或弹窗已经关闭
2025-02-17 12:01:15,832 - INFO - ---------------------------------------------------
2025-02-17 12:01:15,832 - INFO - 今天是工作日，执行签出签入流程。
2025-02-17 12:01:15,832 - INFO - 今天是星期0
2025-02-17 12:01:15,832 - INFO - 检查签出按钮状态
2025-02-17 12:01:19,733 - INFO - 签出 按钮已点击。
2025-02-17 12:01:28,525 - INFO - 签出 弹窗关闭按钮已点击。
2025-02-17 12:01:53,541 - INFO - 检查签入按钮状态
2025-02-17 12:01:53,639 - INFO - 检查签出按钮状态以决定是否点击签入按钮
2025-02-17 12:01:55,601 - INFO - 签入 按钮已点击。
2025-02-17 12:02:01,445 - INFO - 签入 弹窗关闭按钮已点击。
2025-02-17 12:02:11,456 - INFO - 关闭浏览器
2025-02-17 12:03:37,159 - ERROR - Service process refused to terminate gracefully with SIGTERM, escalating to SIGKILL.
Traceback (most recent call last):
  File "/opt/anaconda3/envs/oa/lib/python3.10/site-packages/selenium/webdriver/common/service.py", line 172, in _terminate_process
    self.process.wait(60)
  File "/opt/anaconda3/envs/oa/lib/python3.10/subprocess.py", line 1209, in wait
    return self._wait(timeout=timeout)
  File "/opt/anaconda3/envs/oa/lib/python3.10/subprocess.py", line 1951, in _wait
    raise TimeoutExpired(self.args, timeout)
subprocess.TimeoutExpired: Command '['/usr/local/bin/chromedriver', '--port=60468']' timed out after 60 seconds
2025-02-18 07:30:23,288 - INFO - 打开网址: https://myoa.omenow.com/Schedule/MySchedule/
2025-02-18 07:30:30,869 - INFO - 输入用户名和密码
2025-02-18 07:30:32,042 - INFO - 点击登录按钮
2025-02-18 07:31:34,112 - INFO - 未找到弹窗或弹窗已经关闭
2025-02-18 07:31:34,113 - INFO - ---------------------------------------------------
2025-02-18 07:31:34,113 - INFO - 今天是工作日，执行签出签入流程。
2025-02-18 07:31:34,113 - INFO - 今天是星期1
2025-02-18 07:31:34,113 - INFO - 检查签出按钮状态
2025-02-18 07:31:35,983 - INFO - 签出 按钮已点击。
2025-02-18 07:31:42,065 - INFO - 签出 弹窗关闭按钮已点击。
2025-02-18 07:32:07,085 - INFO - 检查签入按钮状态
2025-02-18 07:32:07,231 - INFO - 检查签出按钮状态以决定是否点击签入按钮
2025-02-18 07:32:09,542 - INFO - 签入 按钮已点击。
2025-02-18 07:32:15,339 - INFO - 签入 弹窗关闭按钮已点击。
2025-02-18 07:32:25,349 - INFO - 关闭浏览器
2025-02-18 07:33:51,259 - ERROR - Service process refused to terminate gracefully with SIGTERM, escalating to SIGKILL.
Traceback (most recent call last):
  File "/opt/anaconda3/envs/oa/lib/python3.10/site-packages/selenium/webdriver/common/service.py", line 172, in _terminate_process
    self.process.wait(60)
  File "/opt/anaconda3/envs/oa/lib/python3.10/subprocess.py", line 1209, in wait
    return self._wait(timeout=timeout)
  File "/opt/anaconda3/envs/oa/lib/python3.10/subprocess.py", line 1951, in _wait
    raise TimeoutExpired(self.args, timeout)
subprocess.TimeoutExpired: Command '['/usr/local/bin/chromedriver', '--port=54325']' timed out after 60 seconds
2025-02-18 12:00:24,480 - INFO - 打开网址: https://myoa.omenow.com/Schedule/MySchedule/
2025-02-18 12:00:31,252 - INFO - 输入用户名和密码
2025-02-18 12:00:32,354 - INFO - 点击登录按钮
2025-02-18 12:01:14,462 - INFO - 未找到弹窗或弹窗已经关闭
2025-02-18 12:01:14,462 - INFO - ---------------------------------------------------
2025-02-18 12:01:14,462 - INFO - 今天是工作日，执行签出签入流程。
2025-02-18 12:01:14,462 - INFO - 今天是星期1
2025-02-18 12:01:14,462 - INFO - 检查签出按钮状态
2025-02-18 12:01:18,415 - INFO - 签出 按钮已点击。
2025-02-18 12:01:26,432 - INFO - 签出 弹窗关闭按钮已点击。
2025-02-18 12:01:51,447 - INFO - 检查签入按钮状态
2025-02-18 12:01:51,578 - INFO - 检查签出按钮状态以决定是否点击签入按钮
2025-02-18 12:01:53,488 - INFO - 签入 按钮已点击。
2025-02-18 12:01:59,332 - INFO - 签入 弹窗关闭按钮已点击。
2025-02-18 12:02:09,343 - INFO - 关闭浏览器
2025-02-18 12:03:36,690 - ERROR - Service process refused to terminate gracefully with SIGTERM, escalating to SIGKILL.
Traceback (most recent call last):
  File "/opt/anaconda3/envs/oa/lib/python3.10/site-packages/selenium/webdriver/common/service.py", line 172, in _terminate_process
    self.process.wait(60)
  File "/opt/anaconda3/envs/oa/lib/python3.10/subprocess.py", line 1209, in wait
    return self._wait(timeout=timeout)
  File "/opt/anaconda3/envs/oa/lib/python3.10/subprocess.py", line 1951, in _wait
    raise TimeoutExpired(self.args, timeout)
subprocess.TimeoutExpired: Command '['/usr/local/bin/chromedriver', '--port=62956']' timed out after 60 seconds
2025-02-19 12:00:53,210 - INFO - 打开网址: https://myoa.omenow.com/Schedule/MySchedule/
2025-02-19 12:00:57,654 - INFO - 输入用户名和密码
2025-02-19 12:00:58,843 - INFO - 点击登录按钮
2025-02-19 12:01:40,633 - INFO - 未找到弹窗或弹窗已经关闭
2025-02-19 12:01:40,633 - INFO - ---------------------------------------------------
2025-02-19 12:01:40,634 - INFO - 今天是工作日，执行签出签入流程。
2025-02-19 12:01:40,634 - INFO - 今天是星期2
2025-02-19 12:01:40,634 - INFO - 检查签出按钮状态
2025-02-19 12:01:44,743 - INFO - 签出 按钮已点击。
2025-02-19 12:01:52,009 - INFO - 签出 弹窗关闭按钮已点击。
2025-02-19 12:02:16,946 - INFO - 检查签入按钮状态
2025-02-19 12:02:17,047 - INFO - 检查签出按钮状态以决定是否点击签入按钮
2025-02-19 12:02:19,277 - INFO - 签入 按钮已点击。
2025-02-19 12:02:25,127 - INFO - 签入 弹窗关闭按钮已点击。
2025-02-19 12:02:35,133 - INFO - 关闭浏览器
2025-02-19 12:04:00,103 - ERROR - Service process refused to terminate gracefully with SIGTERM, escalating to SIGKILL.
Traceback (most recent call last):
  File "/opt/anaconda3/envs/oa/lib/python3.10/site-packages/selenium/webdriver/common/service.py", line 172, in _terminate_process
    self.process.wait(60)
  File "/opt/anaconda3/envs/oa/lib/python3.10/subprocess.py", line 1209, in wait
    return self._wait(timeout=timeout)
  File "/opt/anaconda3/envs/oa/lib/python3.10/subprocess.py", line 1951, in _wait
    raise TimeoutExpired(self.args, timeout)
subprocess.TimeoutExpired: Command '['/usr/local/bin/chromedriver', '--port=53290']' timed out after 60 seconds
2025-02-20 07:30:32,992 - INFO - 打开网址: https://myoa.omenow.com/Schedule/MySchedule/
2025-02-20 07:30:39,991 - INFO - 输入用户名和密码
2025-02-20 07:30:40,998 - INFO - 点击登录按钮
2025-02-20 07:31:42,866 - INFO - 未找到弹窗或弹窗已经关闭
2025-02-20 07:31:42,869 - INFO - ---------------------------------------------------
2025-02-20 07:31:42,869 - INFO - 今天是工作日，执行签出签入流程。
2025-02-20 07:31:42,869 - INFO - 今天是星期3
2025-02-20 07:31:42,869 - INFO - 检查签出按钮状态
2025-02-20 07:31:47,839 - INFO - 签出 按钮已点击。
2025-02-20 07:31:55,143 - INFO - 签出 弹窗关闭按钮已点击。
2025-02-20 07:32:20,147 - INFO - 检查签入按钮状态
2025-02-20 07:32:20,327 - INFO - 检查签出按钮状态以决定是否点击签入按钮
2025-02-20 07:32:22,003 - INFO - 签入 按钮已点击。
2025-02-20 07:32:29,399 - INFO - 签入 弹窗关闭按钮已点击。
2025-02-20 07:32:39,401 - INFO - 关闭浏览器
2025-02-20 07:34:05,561 - ERROR - Service process refused to terminate gracefully with SIGTERM, escalating to SIGKILL.
Traceback (most recent call last):
  File "/opt/anaconda3/envs/oa/lib/python3.10/site-packages/selenium/webdriver/common/service.py", line 172, in _terminate_process
    self.process.wait(60)
  File "/opt/anaconda3/envs/oa/lib/python3.10/subprocess.py", line 1209, in wait
    return self._wait(timeout=timeout)
  File "/opt/anaconda3/envs/oa/lib/python3.10/subprocess.py", line 1951, in _wait
    raise TimeoutExpired(self.args, timeout)
subprocess.TimeoutExpired: Command '['/usr/local/bin/chromedriver', '--port=61726']' timed out after 60 seconds
2025-02-20 12:00:31,793 - INFO - 打开网址: https://myoa.omenow.com/Schedule/MySchedule/
2025-02-20 12:00:39,139 - INFO - 输入用户名和密码
2025-02-20 12:00:40,277 - INFO - 点击登录按钮
2025-02-20 12:01:27,338 - INFO - 未找到弹窗或弹窗已经关闭
2025-02-20 12:01:27,341 - INFO - ---------------------------------------------------
2025-02-20 12:01:27,341 - INFO - 今天是工作日，执行签出签入流程。
2025-02-20 12:01:27,341 - INFO - 今天是星期3
2025-02-20 12:01:27,341 - INFO - 检查签出按钮状态
2025-02-20 12:01:29,431 - INFO - 签出 按钮已点击。
2025-02-20 12:01:37,808 - INFO - 签出 弹窗关闭按钮已点击。
2025-02-20 12:02:02,818 - INFO - 检查签入按钮状态
2025-02-20 12:02:02,921 - INFO - 检查签出按钮状态以决定是否点击签入按钮
2025-02-20 12:02:04,598 - INFO - 签入 按钮已点击。
2025-02-20 12:02:10,397 - INFO - 签入 弹窗关闭按钮已点击。
2025-02-20 12:02:20,408 - INFO - 关闭浏览器
2025-02-20 12:03:48,674 - ERROR - Service process refused to terminate gracefully with SIGTERM, escalating to SIGKILL.
Traceback (most recent call last):
  File "/opt/anaconda3/envs/oa/lib/python3.10/site-packages/selenium/webdriver/common/service.py", line 172, in _terminate_process
    self.process.wait(60)
  File "/opt/anaconda3/envs/oa/lib/python3.10/subprocess.py", line 1209, in wait
    return self._wait(timeout=timeout)
  File "/opt/anaconda3/envs/oa/lib/python3.10/subprocess.py", line 1951, in _wait
    raise TimeoutExpired(self.args, timeout)
subprocess.TimeoutExpired: Command '['/usr/local/bin/chromedriver', '--port=54714']' timed out after 60 seconds
2025-02-21 07:30:51,731 - INFO - 打开网址: https://myoa.omenow.com/Schedule/MySchedule/
2025-02-21 07:30:57,862 - INFO - 输入用户名和密码
2025-02-21 07:30:58,800 - INFO - 点击登录按钮
2025-02-21 07:32:02,580 - INFO - 未找到弹窗或弹窗已经关闭
2025-02-21 07:32:02,580 - INFO - ---------------------------------------------------
2025-02-21 07:32:02,581 - INFO - 今天是工作日，执行签出签入流程。
2025-02-21 07:32:02,581 - INFO - 今天是星期4
2025-02-21 07:32:02,581 - INFO - 检查签出按钮状态
2025-02-21 07:32:04,440 - INFO - 签出 按钮已点击。
2025-02-21 07:32:11,745 - INFO - 签出 弹窗关闭按钮已点击。
2025-02-21 07:32:36,760 - INFO - 检查签入按钮状态
2025-02-21 07:32:36,937 - INFO - 检查签出按钮状态以决定是否点击签入按钮
2025-02-21 07:32:39,257 - INFO - 签入 按钮已点击。
2025-02-21 07:32:45,847 - INFO - 签入 弹窗关闭按钮已点击。
2025-02-21 07:32:55,862 - INFO - 关闭浏览器
2025-02-21 07:34:19,467 - ERROR - Service process refused to terminate gracefully with SIGTERM, escalating to SIGKILL.
Traceback (most recent call last):
  File "/opt/anaconda3/envs/oa/lib/python3.10/site-packages/selenium/webdriver/common/service.py", line 172, in _terminate_process
    self.process.wait(60)
  File "/opt/anaconda3/envs/oa/lib/python3.10/subprocess.py", line 1209, in wait
    return self._wait(timeout=timeout)
  File "/opt/anaconda3/envs/oa/lib/python3.10/subprocess.py", line 1951, in _wait
    raise TimeoutExpired(self.args, timeout)
subprocess.TimeoutExpired: Command '['/usr/local/bin/chromedriver', '--port=57834']' timed out after 60 seconds
2025-02-21 12:00:29,255 - INFO - 打开网址: https://myoa.omenow.com/Schedule/MySchedule/
2025-02-21 12:00:36,242 - INFO - 输入用户名和密码
2025-02-21 12:00:37,433 - INFO - 点击登录按钮
2025-02-21 12:01:23,592 - INFO - 未找到弹窗或弹窗已经关闭
2025-02-21 12:01:23,593 - INFO - ---------------------------------------------------
2025-02-21 12:01:23,593 - INFO - 今天是工作日，执行签出签入流程。
2025-02-21 12:01:23,593 - INFO - 今天是星期4
2025-02-21 12:01:23,593 - INFO - 检查签出按钮状态
2025-02-21 12:01:24,629 - INFO - 签出 按钮已点击。
2025-02-21 12:01:30,823 - INFO - 签出 弹窗关闭按钮已点击。
2025-02-21 12:01:55,843 - INFO - 检查签入按钮状态
2025-02-21 12:01:55,873 - INFO - 检查签出按钮状态以决定是否点击签入按钮
2025-02-21 12:01:57,396 - INFO - 签入 按钮已点击。
2025-02-21 12:02:03,172 - INFO - 签入 弹窗关闭按钮已点击。
2025-02-21 12:02:13,183 - INFO - 关闭浏览器
2025-02-21 12:03:40,105 - ERROR - Service process refused to terminate gracefully with SIGTERM, escalating to SIGKILL.
Traceback (most recent call last):
  File "/opt/anaconda3/envs/oa/lib/python3.10/site-packages/selenium/webdriver/common/service.py", line 172, in _terminate_process
    self.process.wait(60)
  File "/opt/anaconda3/envs/oa/lib/python3.10/subprocess.py", line 1209, in wait
    return self._wait(timeout=timeout)
  File "/opt/anaconda3/envs/oa/lib/python3.10/subprocess.py", line 1951, in _wait
    raise TimeoutExpired(self.args, timeout)
subprocess.TimeoutExpired: Command '['/usr/local/bin/chromedriver', '--port=58543']' timed out after 60 seconds
2025-02-22 13:31:05,499 - INFO - Current time: 2025-02-22 13:31:05
2025-02-22 13:31:11,169 - INFO - 打开网址: https://myoa.omenow.com/Schedule/MySchedule/
2025-02-22 13:31:15,729 - INFO - 输入用户名和密码
2025-02-22 13:31:16,754 - INFO - 点击登录按钮
2025-02-22 13:31:37,752 - INFO - ---------------------------------------------------
2025-02-22 13:31:37,753 - INFO - 周六移动办公签出
2025-02-22 13:31:59,543 - INFO - 周六移动办公签出 按钮已点击。
2025-02-22 13:32:08,400 - INFO - 周六移动办公签出 弹窗关闭按钮已点击。
2025-02-22 13:32:13,410 - INFO - 关闭浏览器
2025-02-24 07:36:28,100 - INFO - 打开网址: https://myoa.omenow.com/Schedule/MySchedule/
2025-02-24 07:36:31,899 - INFO - 输入用户名和密码
2025-02-24 07:36:32,999 - INFO - 点击登录按钮
2025-02-24 07:37:17,592 - INFO - 未找到弹窗或弹窗已经关闭
2025-02-24 07:37:17,592 - INFO - ---------------------------------------------------
2025-02-24 07:37:17,593 - INFO - 今天是工作日，执行签出签入流程。
2025-02-24 07:37:17,593 - INFO - 今天是星期0
2025-02-24 07:37:17,593 - INFO - 检查签出按钮状态
2025-02-24 07:37:20,633 - INFO - 签出 按钮已点击。
2025-02-24 07:37:27,045 - INFO - 签出 弹窗关闭按钮已点击。
2025-02-24 07:37:52,055 - INFO - 检查签入按钮状态
2025-02-24 07:37:52,198 - INFO - 检查签出按钮状态以决定是否点击签入按钮
2025-02-24 07:37:54,160 - INFO - 签入 按钮已点击。
2025-02-24 07:38:00,147 - INFO - 签入 弹窗关闭按钮已点击。
2025-02-24 07:38:10,152 - INFO - 关闭浏览器
2025-02-24 12:00:23,598 - INFO - 打开网址: https://myoa.omenow.com/Schedule/MySchedule/
2025-02-24 12:00:27,884 - INFO - 输入用户名和密码
2025-02-24 12:00:29,117 - INFO - 点击登录按钮
2025-02-24 12:01:11,947 - INFO - 未找到弹窗或弹窗已经关闭
2025-02-24 12:01:11,948 - INFO - ---------------------------------------------------
2025-02-24 12:01:11,948 - INFO - 今天是工作日，执行签出签入流程。
2025-02-24 12:01:11,948 - INFO - 今天是星期0
2025-02-24 12:01:11,948 - INFO - 检查签出按钮状态
2025-02-24 12:01:16,088 - INFO - 签出 按钮已点击。
2025-02-24 12:01:22,390 - INFO - 签出 弹窗关闭按钮已点击。
2025-02-24 12:01:47,408 - INFO - 检查签入按钮状态
2025-02-24 12:01:47,489 - INFO - 检查签出按钮状态以决定是否点击签入按钮
2025-02-24 12:01:51,726 - INFO - 签入 按钮已点击。
2025-02-24 12:01:57,466 - INFO - 签入 弹窗关闭按钮已点击。
2025-02-24 12:02:07,473 - INFO - 关闭浏览器
2025-02-25 07:33:08,363 - INFO - 打开网址: https://myoa.omenow.com/Schedule/MySchedule/
2025-02-25 07:33:15,933 - INFO - 输入用户名和密码
2025-02-25 07:33:17,559 - INFO - 点击登录按钮
2025-02-25 07:34:05,906 - INFO - 未找到弹窗或弹窗已经关闭
2025-02-25 07:34:05,909 - INFO - ---------------------------------------------------
2025-02-25 07:34:05,909 - INFO - 今天是工作日，执行签出签入流程。
2025-02-25 07:34:05,909 - INFO - 今天是星期1
2025-02-25 07:34:05,909 - INFO - 检查签出按钮状态
2025-02-25 07:34:09,003 - INFO - 签出 按钮已点击。
2025-02-25 07:34:17,060 - INFO - 签出 弹窗关闭按钮已点击。
2025-02-25 07:34:42,068 - INFO - 检查签入按钮状态
2025-02-25 07:34:42,161 - INFO - 检查签出按钮状态以决定是否点击签入按钮
2025-02-25 07:34:44,731 - INFO - 签入 按钮已点击。
2025-02-25 07:34:50,735 - INFO - 签入 弹窗关闭按钮已点击。
2025-02-25 07:35:00,741 - INFO - 关闭浏览器
2025-02-25 12:00:23,479 - INFO - 打开网址: https://myoa.omenow.com/Schedule/MySchedule/
2025-02-25 12:00:29,321 - INFO - 输入用户名和密码
2025-02-25 12:00:30,479 - INFO - 点击登录按钮
2025-02-25 12:01:32,175 - INFO - 未找到弹窗或弹窗已经关闭
2025-02-25 12:01:32,182 - INFO - ---------------------------------------------------
2025-02-25 12:01:32,182 - INFO - 今天是工作日，执行签出签入流程。
2025-02-25 12:01:32,182 - INFO - 今天是星期1
2025-02-25 12:01:32,182 - INFO - 检查签出按钮状态
2025-02-25 12:01:34,394 - INFO - 签出 按钮已点击。
2025-02-25 12:01:40,375 - INFO - 签出 弹窗关闭按钮已点击。
2025-02-25 12:02:05,398 - INFO - 检查签入按钮状态
2025-02-25 12:02:05,606 - INFO - 检查签出按钮状态以决定是否点击签入按钮
2025-02-25 12:02:08,115 - INFO - 签入 按钮已点击。
2025-02-25 12:02:14,083 - INFO - 签入 弹窗关闭按钮已点击。
2025-02-25 12:02:24,090 - INFO - 关闭浏览器
2025-02-25 12:03:49,833 - ERROR - Service process refused to terminate gracefully with SIGTERM, escalating to SIGKILL.
Traceback (most recent call last):
  File "/opt/anaconda3/envs/oa/lib/python3.10/site-packages/selenium/webdriver/common/service.py", line 172, in _terminate_process
    self.process.wait(60)
  File "/opt/anaconda3/envs/oa/lib/python3.10/subprocess.py", line 1209, in wait
    return self._wait(timeout=timeout)
  File "/opt/anaconda3/envs/oa/lib/python3.10/subprocess.py", line 1951, in _wait
    raise TimeoutExpired(self.args, timeout)
subprocess.TimeoutExpired: Command '['/usr/local/bin/chromedriver', '--port=53370']' timed out after 60 seconds
2025-02-26 07:30:54,648 - INFO - 打开网址: https://myoa.omenow.com/Schedule/MySchedule/
2025-02-26 07:31:00,294 - INFO - 输入用户名和密码
2025-02-26 07:31:01,225 - INFO - 点击登录按钮
2025-02-26 07:31:43,234 - INFO - 未找到弹窗或弹窗已经关闭
2025-02-26 07:31:43,234 - INFO - ---------------------------------------------------
2025-02-26 07:31:43,234 - INFO - 今天是工作日，执行签出签入流程。
2025-02-26 07:31:43,234 - INFO - 今天是星期2
2025-02-26 07:31:43,235 - INFO - 检查签出按钮状态
2025-02-26 07:31:59,014 - INFO - 签出 按钮已点击。
2025-02-26 07:32:07,023 - INFO - 签出 弹窗关闭按钮已点击。
2025-02-26 07:32:32,036 - INFO - 检查签入按钮状态
2025-02-26 07:32:33,612 - INFO - 检查签出按钮状态以决定是否点击签入按钮
2025-02-26 07:32:36,614 - INFO - 签入 按钮已点击。
2025-02-26 07:32:43,121 - INFO - 签入 弹窗关闭按钮已点击。
2025-02-26 07:32:53,126 - INFO - 关闭浏览器
2025-02-26 07:34:19,287 - ERROR - Service process refused to terminate gracefully with SIGTERM, escalating to SIGKILL.
Traceback (most recent call last):
  File "/opt/anaconda3/envs/oa/lib/python3.10/site-packages/selenium/webdriver/common/service.py", line 172, in _terminate_process
    self.process.wait(60)
  File "/opt/anaconda3/envs/oa/lib/python3.10/subprocess.py", line 1209, in wait
    return self._wait(timeout=timeout)
  File "/opt/anaconda3/envs/oa/lib/python3.10/subprocess.py", line 1951, in _wait
    raise TimeoutExpired(self.args, timeout)
subprocess.TimeoutExpired: Command '['/usr/local/bin/chromedriver', '--port=64532']' timed out after 60 seconds
2025-02-26 12:00:28,635 - INFO - 打开网址: https://myoa.omenow.com/Schedule/MySchedule/
2025-02-26 12:00:39,296 - INFO - 输入用户名和密码
2025-02-26 12:00:40,414 - INFO - 点击登录按钮
2025-02-26 12:01:43,469 - INFO - 未找到弹窗或弹窗已经关闭
2025-02-26 12:01:43,471 - INFO - ---------------------------------------------------
2025-02-26 12:01:43,471 - INFO - 今天是工作日，执行签出签入流程。
2025-02-26 12:01:43,471 - INFO - 今天是星期2
2025-02-26 12:01:43,471 - INFO - 检查签出按钮状态
2025-02-26 12:01:45,171 - INFO - 签出 按钮已点击。
2025-02-26 12:01:51,662 - INFO - 签出 弹窗关闭按钮已点击。
2025-02-26 12:02:16,673 - INFO - 检查签入按钮状态
2025-02-26 12:02:16,875 - INFO - 检查签出按钮状态以决定是否点击签入按钮
2025-02-26 12:02:19,261 - INFO - 签入 按钮已点击。
2025-02-26 12:02:25,038 - INFO - 签入 弹窗关闭按钮已点击。
2025-02-26 12:02:35,048 - INFO - 关闭浏览器
2025-02-26 12:04:24,982 - ERROR - Service process refused to terminate gracefully with SIGTERM, escalating to SIGKILL.
Traceback (most recent call last):
  File "/opt/anaconda3/envs/oa/lib/python3.10/site-packages/selenium/webdriver/common/service.py", line 172, in _terminate_process
    self.process.wait(60)
  File "/opt/anaconda3/envs/oa/lib/python3.10/subprocess.py", line 1209, in wait
    return self._wait(timeout=timeout)
  File "/opt/anaconda3/envs/oa/lib/python3.10/subprocess.py", line 1951, in _wait
    raise TimeoutExpired(self.args, timeout)
subprocess.TimeoutExpired: Command '['/usr/local/bin/chromedriver', '--port=63028']' timed out after 60 seconds
2025-02-27 07:30:28,421 - INFO - 打开网址: https://myoa.omenow.com/Schedule/MySchedule/
2025-02-27 07:30:33,955 - INFO - 输入用户名和密码
2025-02-27 07:30:34,894 - INFO - 点击登录按钮
2025-02-27 07:31:31,466 - INFO - 未找到弹窗或弹窗已经关闭
2025-02-27 07:31:31,468 - INFO - ---------------------------------------------------
2025-02-27 07:31:31,468 - INFO - 今天是工作日，执行签出签入流程。
2025-02-27 07:31:31,468 - INFO - 今天是星期3
2025-02-27 07:31:31,468 - INFO - 检查签出按钮状态
2025-02-27 07:31:33,667 - INFO - 签出 按钮已点击。
2025-02-27 07:31:42,083 - INFO - 签出 弹窗关闭按钮已点击。
2025-02-27 07:32:07,101 - INFO - 检查签入按钮状态
2025-02-27 07:32:07,272 - INFO - 检查签出按钮状态以决定是否点击签入按钮
2025-02-27 07:32:09,387 - INFO - 签入 按钮已点击。
2025-02-27 07:32:16,822 - INFO - 签入 弹窗关闭按钮已点击。
2025-02-27 07:32:26,832 - INFO - 关闭浏览器
2025-02-27 07:33:52,080 - ERROR - Service process refused to terminate gracefully with SIGTERM, escalating to SIGKILL.
Traceback (most recent call last):
  File "/opt/anaconda3/envs/oa/lib/python3.10/site-packages/selenium/webdriver/common/service.py", line 172, in _terminate_process
    self.process.wait(60)
  File "/opt/anaconda3/envs/oa/lib/python3.10/subprocess.py", line 1209, in wait
    return self._wait(timeout=timeout)
  File "/opt/anaconda3/envs/oa/lib/python3.10/subprocess.py", line 1951, in _wait
    raise TimeoutExpired(self.args, timeout)
subprocess.TimeoutExpired: Command '['/usr/local/bin/chromedriver', '--port=57823']' timed out after 60 seconds
2025-02-27 12:00:30,213 - INFO - 打开网址: https://myoa.omenow.com/Schedule/MySchedule/
2025-02-27 12:00:36,429 - INFO - 输入用户名和密码
2025-02-27 12:00:37,564 - INFO - 点击登录按钮
2025-02-27 12:01:20,876 - INFO - 未找到弹窗或弹窗已经关闭
2025-02-27 12:01:20,877 - INFO - ---------------------------------------------------
2025-02-27 12:01:20,877 - INFO - 今天是工作日，执行签出签入流程。
2025-02-27 12:01:20,877 - INFO - 今天是星期3
2025-02-27 12:01:20,877 - INFO - 检查签出按钮状态
2025-02-27 12:01:24,969 - INFO - 签出 按钮已点击。
2025-02-27 12:01:33,900 - INFO - 签出 弹窗关闭按钮已点击。
2025-02-27 12:01:58,920 - INFO - 检查签入按钮状态
2025-02-27 12:01:59,157 - INFO - 检查签出按钮状态以决定是否点击签入按钮
2025-02-27 12:02:01,768 - INFO - 签入 按钮已点击。
2025-02-27 12:02:07,721 - INFO - 签入 弹窗关闭按钮已点击。
2025-02-27 12:02:17,724 - INFO - 关闭浏览器
2025-02-27 12:03:43,975 - ERROR - Service process refused to terminate gracefully with SIGTERM, escalating to SIGKILL.
Traceback (most recent call last):
  File "/opt/anaconda3/envs/oa/lib/python3.10/site-packages/selenium/webdriver/common/service.py", line 172, in _terminate_process
    self.process.wait(60)
  File "/opt/anaconda3/envs/oa/lib/python3.10/subprocess.py", line 1209, in wait
    return self._wait(timeout=timeout)
  File "/opt/anaconda3/envs/oa/lib/python3.10/subprocess.py", line 1951, in _wait
    raise TimeoutExpired(self.args, timeout)
subprocess.TimeoutExpired: Command '['/usr/local/bin/chromedriver', '--port=55422']' timed out after 60 seconds
2025-02-28 07:30:53,122 - INFO - 打开网址: https://myoa.omenow.com/Schedule/MySchedule/
2025-02-28 07:30:57,395 - INFO - 输入用户名和密码
2025-02-28 07:30:58,319 - INFO - 点击登录按钮
2025-02-28 07:31:38,690 - INFO - 未找到弹窗或弹窗已经关闭
2025-02-28 07:31:38,690 - INFO - ---------------------------------------------------
2025-02-28 07:31:38,690 - INFO - 今天是工作日，执行签出签入流程。
2025-02-28 07:31:38,690 - INFO - 今天是星期4
2025-02-28 07:31:38,690 - INFO - 检查签出按钮状态
2025-02-28 07:31:45,744 - INFO - 签出 按钮已点击。
2025-02-28 07:31:53,922 - INFO - 签出 弹窗关闭按钮已点击。
2025-02-28 07:32:18,942 - INFO - 检查签入按钮状态
2025-02-28 07:32:19,104 - INFO - 检查签出按钮状态以决定是否点击签入按钮
2025-02-28 07:32:20,851 - INFO - 签入 按钮已点击。
2025-02-28 07:32:28,526 - INFO - 签入 弹窗关闭按钮已点击。
2025-02-28 07:32:38,538 - INFO - 关闭浏览器
2025-02-28 07:34:02,575 - ERROR - Service process refused to terminate gracefully with SIGTERM, escalating to SIGKILL.
Traceback (most recent call last):
  File "/opt/anaconda3/envs/oa/lib/python3.10/site-packages/selenium/webdriver/common/service.py", line 172, in _terminate_process
    self.process.wait(60)
  File "/opt/anaconda3/envs/oa/lib/python3.10/subprocess.py", line 1209, in wait
    return self._wait(timeout=timeout)
  File "/opt/anaconda3/envs/oa/lib/python3.10/subprocess.py", line 1951, in _wait
    raise TimeoutExpired(self.args, timeout)
subprocess.TimeoutExpired: Command '['/usr/local/bin/chromedriver', '--port=57398']' timed out after 60 seconds
2025-02-28 12:00:29,268 - INFO - 打开网址: https://myoa.omenow.com/Schedule/MySchedule/
2025-02-28 12:00:36,197 - INFO - 输入用户名和密码
2025-02-28 12:00:37,359 - INFO - 点击登录按钮
2025-02-28 12:01:24,959 - INFO - 未找到弹窗或弹窗已经关闭
2025-02-28 12:01:24,960 - INFO - ---------------------------------------------------
2025-02-28 12:01:24,960 - INFO - 今天是工作日，执行签出签入流程。
2025-02-28 12:01:24,960 - INFO - 今天是星期4
2025-02-28 12:01:24,960 - INFO - 检查签出按钮状态
2025-02-28 12:01:27,892 - INFO - 签出 按钮已点击。
2025-02-28 12:01:38,075 - INFO - 签出 弹窗关闭按钮已点击。
2025-02-28 12:02:03,094 - INFO - 检查签入按钮状态
2025-02-28 12:02:03,209 - INFO - 检查签出按钮状态以决定是否点击签入按钮
2025-02-28 12:02:05,678 - INFO - 签入 按钮已点击。
2025-02-28 12:02:11,425 - INFO - 签入 弹窗关闭按钮已点击。
2025-02-28 12:02:21,425 - INFO - 关闭浏览器
2025-02-28 12:03:48,369 - ERROR - Service process refused to terminate gracefully with SIGTERM, escalating to SIGKILL.
Traceback (most recent call last):
  File "/opt/anaconda3/envs/oa/lib/python3.10/site-packages/selenium/webdriver/common/service.py", line 172, in _terminate_process
    self.process.wait(60)
  File "/opt/anaconda3/envs/oa/lib/python3.10/subprocess.py", line 1209, in wait
    return self._wait(timeout=timeout)
  File "/opt/anaconda3/envs/oa/lib/python3.10/subprocess.py", line 1951, in _wait
    raise TimeoutExpired(self.args, timeout)
subprocess.TimeoutExpired: Command '['/usr/local/bin/chromedriver', '--port=57132']' timed out after 60 seconds
2025-03-01 13:31:06,615 - INFO - Current time: 2025-03-01 13:31:06
2025-03-01 13:31:17,282 - INFO - 打开网址: https://myoa.omenow.com/Schedule/MySchedule/
2025-03-01 13:31:20,710 - INFO - 输入用户名和密码
2025-03-01 13:31:21,725 - INFO - 点击登录按钮
2025-03-01 13:31:42,724 - INFO - ---------------------------------------------------
2025-03-01 13:31:42,724 - INFO - 周六移动办公签出
2025-03-01 13:32:08,287 - INFO - 周六移动办公签出 按钮已点击。
2025-03-01 13:32:16,643 - INFO - 周六移动办公签出 弹窗关闭按钮已点击。
2025-03-01 13:32:21,653 - INFO - 关闭浏览器
2025-03-03 07:49:38,673 - INFO - 打开网址: https://myoa.omenow.com/Schedule/MySchedule/
2025-03-03 07:49:43,822 - INFO - 输入用户名和密码
2025-03-03 07:49:45,585 - INFO - 点击登录按钮
2025-03-03 07:50:35,334 - INFO - 弹窗已关闭
2025-03-03 07:50:35,335 - INFO - ---------------------------------------------------
2025-03-03 07:50:35,335 - INFO - 今天是工作日，执行签出签入流程。
2025-03-03 07:50:35,335 - INFO - 今天是星期0
2025-03-03 07:50:35,335 - INFO - 检查签出按钮状态
2025-03-03 07:50:37,060 - INFO - 签出 按钮已点击。
2025-03-03 07:50:42,715 - INFO - 签出 弹窗关闭按钮已点击。
2025-03-03 07:51:07,725 - INFO - 检查签入按钮状态
2025-03-03 07:51:07,810 - INFO - 检查签出按钮状态以决定是否点击签入按钮
2025-03-03 07:51:10,337 - INFO - 签入 按钮已点击。
2025-03-03 07:51:16,295 - INFO - 签入 弹窗关闭按钮已点击。
2025-03-03 07:51:26,300 - INFO - 关闭浏览器
2025-03-03 12:00:23,590 - INFO - 打开网址: https://myoa.omenow.com/Schedule/MySchedule/
2025-03-03 12:00:30,787 - INFO - 输入用户名和密码
2025-03-03 12:00:31,912 - INFO - 点击登录按钮
2025-03-03 12:01:18,542 - INFO - 弹窗已关闭
2025-03-03 12:01:18,542 - INFO - ---------------------------------------------------
2025-03-03 12:01:18,542 - INFO - 今天是工作日，执行签出签入流程。
2025-03-03 12:01:18,542 - INFO - 今天是星期0
2025-03-03 12:01:18,542 - INFO - 检查签出按钮状态
2025-03-03 12:01:20,076 - INFO - 签出 按钮已点击。
2025-03-03 12:01:26,984 - INFO - 签出 弹窗关闭按钮已点击。
2025-03-03 12:01:51,995 - INFO - 检查签入按钮状态
2025-03-03 12:01:52,443 - INFO - 检查签出按钮状态以决定是否点击签入按钮
2025-03-03 12:01:55,038 - INFO - 签入 按钮已点击。
2025-03-03 12:02:00,858 - INFO - 签入 弹窗关闭按钮已点击。
2025-03-03 12:02:10,863 - INFO - 关闭浏览器
2025-03-03 12:03:36,526 - ERROR - Service process refused to terminate gracefully with SIGTERM, escalating to SIGKILL.
Traceback (most recent call last):
  File "/opt/anaconda3/envs/oa/lib/python3.10/site-packages/selenium/webdriver/common/service.py", line 172, in _terminate_process
    self.process.wait(60)
  File "/opt/anaconda3/envs/oa/lib/python3.10/subprocess.py", line 1209, in wait
    return self._wait(timeout=timeout)
  File "/opt/anaconda3/envs/oa/lib/python3.10/subprocess.py", line 1951, in _wait
    raise TimeoutExpired(self.args, timeout)
subprocess.TimeoutExpired: Command '['/usr/local/bin/chromedriver', '--port=52025']' timed out after 60 seconds
2025-03-04 07:30:22,683 - INFO - 打开网址: https://myoa.omenow.com/Schedule/MySchedule/
2025-03-04 07:30:27,545 - INFO - 输入用户名和密码
2025-03-04 07:30:28,633 - INFO - 点击登录按钮
2025-03-04 07:31:15,369 - INFO - 未找到弹窗或弹窗已经关闭
2025-03-04 07:31:15,369 - INFO - ---------------------------------------------------
2025-03-04 07:31:15,369 - INFO - 今天是工作日，执行签出签入流程。
2025-03-04 07:31:15,369 - INFO - 今天是星期1
2025-03-04 07:31:15,369 - INFO - 检查签出按钮状态
2025-03-04 07:31:16,056 - INFO - 签出按钮当前处于禁用状态，无法点击。
2025-03-04 07:31:36,062 - INFO - 检查签入按钮状态
2025-03-04 07:31:36,233 - INFO - 检查签出按钮状态以决定是否点击签入按钮
2025-03-04 07:31:38,177 - INFO - 签出 按钮已点击。
2025-03-04 07:31:44,202 - INFO - 签出 弹窗关闭按钮已点击。
2025-03-04 07:32:05,450 - INFO - 签入 按钮已点击。
2025-03-04 07:32:12,087 - INFO - 签入 弹窗关闭按钮已点击。
2025-03-04 07:32:22,094 - INFO - 关闭浏览器
2025-03-04 07:33:48,820 - ERROR - Service process refused to terminate gracefully with SIGTERM, escalating to SIGKILL.
Traceback (most recent call last):
  File "/opt/anaconda3/envs/oa/lib/python3.10/site-packages/selenium/webdriver/common/service.py", line 172, in _terminate_process
    self.process.wait(60)
  File "/opt/anaconda3/envs/oa/lib/python3.10/subprocess.py", line 1209, in wait
    return self._wait(timeout=timeout)
  File "/opt/anaconda3/envs/oa/lib/python3.10/subprocess.py", line 1951, in _wait
    raise TimeoutExpired(self.args, timeout)
subprocess.TimeoutExpired: Command '['/usr/local/bin/chromedriver', '--port=55461']' timed out after 60 seconds
2025-03-04 12:00:24,171 - INFO - 打开网址: https://myoa.omenow.com/Schedule/MySchedule/
2025-03-04 12:00:29,698 - INFO - 输入用户名和密码
2025-03-04 12:00:30,847 - INFO - 点击登录按钮
2025-03-04 12:01:31,671 - INFO - 未找到弹窗或弹窗已经关闭
2025-03-04 12:01:31,672 - INFO - ---------------------------------------------------
2025-03-04 12:01:31,672 - INFO - 今天是工作日，执行签出签入流程。
2025-03-04 12:01:31,672 - INFO - 今天是星期1
2025-03-04 12:01:31,672 - INFO - 检查签出按钮状态
2025-03-04 12:01:33,800 - INFO - 签出 按钮已点击。
2025-03-04 12:01:40,088 - INFO - 签出 弹窗关闭按钮已点击。
2025-03-04 12:02:05,100 - INFO - 检查签入按钮状态
2025-03-04 12:02:05,204 - INFO - 检查签出按钮状态以决定是否点击签入按钮
2025-03-04 12:02:07,438 - INFO - 签入 按钮已点击。
2025-03-04 12:02:13,336 - INFO - 签入 弹窗关闭按钮已点击。
2025-03-04 12:02:23,346 - INFO - 关闭浏览器
2025-03-04 12:03:49,504 - ERROR - Service process refused to terminate gracefully with SIGTERM, escalating to SIGKILL.
Traceback (most recent call last):
  File "/opt/anaconda3/envs/oa/lib/python3.10/site-packages/selenium/webdriver/common/service.py", line 172, in _terminate_process
    self.process.wait(60)
  File "/opt/anaconda3/envs/oa/lib/python3.10/subprocess.py", line 1209, in wait
    return self._wait(timeout=timeout)
  File "/opt/anaconda3/envs/oa/lib/python3.10/subprocess.py", line 1951, in _wait
    raise TimeoutExpired(self.args, timeout)
subprocess.TimeoutExpired: Command '['/usr/local/bin/chromedriver', '--port=57731']' timed out after 60 seconds
2025-03-05 07:30:22,806 - INFO - 打开网址: https://myoa.omenow.com/Schedule/MySchedule/
2025-03-05 07:30:28,309 - INFO - 输入用户名和密码
2025-03-05 07:30:29,408 - INFO - 点击登录按钮
2025-03-05 07:31:18,030 - INFO - 弹窗已关闭
2025-03-05 07:31:18,031 - INFO - ---------------------------------------------------
2025-03-05 07:31:18,031 - INFO - 今天是工作日，执行签出签入流程。
2025-03-05 07:31:18,031 - INFO - 今天是星期2
2025-03-05 07:31:18,031 - INFO - 检查签出按钮状态
2025-03-05 07:31:19,148 - INFO - 签出 按钮已点击。
2025-03-05 07:31:26,816 - INFO - 签出 弹窗关闭按钮已点击。
2025-03-05 07:31:51,826 - INFO - 检查签入按钮状态
2025-03-05 07:31:51,916 - INFO - 检查签出按钮状态以决定是否点击签入按钮
2025-03-05 07:31:54,338 - INFO - 签入 按钮已点击。
2025-03-05 07:32:00,145 - INFO - 签入 弹窗关闭按钮已点击。
2025-03-05 07:32:10,150 - INFO - 关闭浏览器
2025-03-05 07:33:36,585 - ERROR - Service process refused to terminate gracefully with SIGTERM, escalating to SIGKILL.
Traceback (most recent call last):
  File "/opt/anaconda3/envs/oa/lib/python3.10/site-packages/selenium/webdriver/common/service.py", line 172, in _terminate_process
    self.process.wait(60)
  File "/opt/anaconda3/envs/oa/lib/python3.10/subprocess.py", line 1209, in wait
    return self._wait(timeout=timeout)
  File "/opt/anaconda3/envs/oa/lib/python3.10/subprocess.py", line 1951, in _wait
    raise TimeoutExpired(self.args, timeout)
subprocess.TimeoutExpired: Command '['/usr/local/bin/chromedriver', '--port=56410']' timed out after 60 seconds
2025-03-05 12:00:25,249 - INFO - 打开网址: https://myoa.omenow.com/Schedule/MySchedule/
2025-03-05 12:00:30,239 - INFO - 输入用户名和密码
2025-03-05 12:00:31,353 - INFO - 点击登录按钮
2025-03-05 12:01:17,212 - INFO - 弹窗已关闭
2025-03-05 12:01:17,213 - INFO - ---------------------------------------------------
2025-03-05 12:01:17,213 - INFO - 今天是工作日，执行签出签入流程。
2025-03-05 12:01:17,213 - INFO - 今天是星期2
2025-03-05 12:01:17,213 - INFO - 检查签出按钮状态
2025-03-05 12:01:18,292 - INFO - 签出 按钮已点击。
2025-03-05 12:01:25,426 - INFO - 签出 弹窗关闭按钮已点击。
2025-03-05 12:01:50,437 - INFO - 检查签入按钮状态
2025-03-05 12:01:50,539 - INFO - 检查签出按钮状态以决定是否点击签入按钮
2025-03-05 12:01:53,002 - INFO - 签入 按钮已点击。
2025-03-05 12:01:58,902 - INFO - 签入 弹窗关闭按钮已点击。
2025-03-05 12:02:08,908 - INFO - 关闭浏览器
2025-03-05 12:03:34,304 - ERROR - Service process refused to terminate gracefully with SIGTERM, escalating to SIGKILL.
Traceback (most recent call last):
  File "/opt/anaconda3/envs/oa/lib/python3.10/site-packages/selenium/webdriver/common/service.py", line 172, in _terminate_process
    self.process.wait(60)
  File "/opt/anaconda3/envs/oa/lib/python3.10/subprocess.py", line 1209, in wait
    return self._wait(timeout=timeout)
  File "/opt/anaconda3/envs/oa/lib/python3.10/subprocess.py", line 1951, in _wait
    raise TimeoutExpired(self.args, timeout)
subprocess.TimeoutExpired: Command '['/usr/local/bin/chromedriver', '--port=60863']' timed out after 60 seconds
2025-03-06 07:30:25,452 - INFO - 打开网址: https://myoa.omenow.com/Schedule/MySchedule/
2025-03-06 07:30:30,517 - INFO - 输入用户名和密码
2025-03-06 07:30:31,452 - INFO - 点击登录按钮
2025-03-06 07:31:36,116 - INFO - 未找到弹窗或弹窗已经关闭
2025-03-06 07:31:36,119 - INFO - ---------------------------------------------------
2025-03-06 07:31:36,119 - INFO - 今天是工作日，执行签出签入流程。
2025-03-06 07:31:36,119 - INFO - 今天是星期3
2025-03-06 07:31:36,119 - INFO - 检查签出按钮状态
2025-03-06 07:31:38,800 - INFO - 签出 按钮已点击。
2025-03-06 07:31:45,458 - INFO - 签出 弹窗关闭按钮已点击。
2025-03-06 07:32:10,475 - INFO - 检查签入按钮状态
2025-03-06 07:32:10,651 - INFO - 检查签出按钮状态以决定是否点击签入按钮
2025-03-06 07:32:12,444 - INFO - 签入 按钮已点击。
2025-03-06 07:32:19,698 - INFO - 签入 弹窗关闭按钮已点击。
2025-03-06 07:32:29,708 - INFO - 关闭浏览器
2025-03-06 07:33:53,401 - ERROR - Service process refused to terminate gracefully with SIGTERM, escalating to SIGKILL.
Traceback (most recent call last):
  File "/opt/anaconda3/envs/oa/lib/python3.10/site-packages/selenium/webdriver/common/service.py", line 172, in _terminate_process
    self.process.wait(60)
  File "/opt/anaconda3/envs/oa/lib/python3.10/subprocess.py", line 1209, in wait
    return self._wait(timeout=timeout)
  File "/opt/anaconda3/envs/oa/lib/python3.10/subprocess.py", line 1951, in _wait
    raise TimeoutExpired(self.args, timeout)
subprocess.TimeoutExpired: Command '['/usr/local/bin/chromedriver', '--port=59974']' timed out after 60 seconds
2025-03-06 12:00:24,892 - INFO - 打开网址: https://myoa.omenow.com/Schedule/MySchedule/
2025-03-06 12:00:31,002 - INFO - 输入用户名和密码
2025-03-06 12:00:32,096 - INFO - 点击登录按钮
2025-03-06 12:01:31,023 - INFO - 未找到弹窗或弹窗已经关闭
2025-03-06 12:01:31,025 - INFO - ---------------------------------------------------
2025-03-06 12:01:31,025 - INFO - 今天是工作日，执行签出签入流程。
2025-03-06 12:01:31,025 - INFO - 今天是星期3
2025-03-06 12:01:31,025 - INFO - 检查签出按钮状态
2025-03-06 12:01:32,988 - INFO - 签出 按钮已点击。
2025-03-06 12:01:40,257 - INFO - 签出 弹窗关闭按钮已点击。
2025-03-06 12:02:05,268 - INFO - 检查签入按钮状态
2025-03-06 12:02:05,380 - INFO - 检查签出按钮状态以决定是否点击签入按钮
2025-03-06 12:02:07,940 - INFO - 签入 按钮已点击。
2025-03-06 12:02:13,896 - INFO - 签入 弹窗关闭按钮已点击。
2025-03-06 12:02:23,907 - INFO - 关闭浏览器
2025-03-06 12:03:51,454 - ERROR - Service process refused to terminate gracefully with SIGTERM, escalating to SIGKILL.
Traceback (most recent call last):
  File "/opt/anaconda3/envs/oa/lib/python3.10/site-packages/selenium/webdriver/common/service.py", line 172, in _terminate_process
    self.process.wait(60)
  File "/opt/anaconda3/envs/oa/lib/python3.10/subprocess.py", line 1209, in wait
    return self._wait(timeout=timeout)
  File "/opt/anaconda3/envs/oa/lib/python3.10/subprocess.py", line 1951, in _wait
    raise TimeoutExpired(self.args, timeout)
subprocess.TimeoutExpired: Command '['/usr/local/bin/chromedriver', '--port=60771']' timed out after 60 seconds
2025-03-07 07:30:24,312 - INFO - 打开网址: https://myoa.omenow.com/Schedule/MySchedule/
2025-03-07 07:30:28,249 - INFO - 输入用户名和密码
2025-03-07 07:30:29,163 - INFO - 点击登录按钮
2025-03-07 07:31:31,027 - INFO - 弹窗已关闭
2025-03-07 07:31:31,027 - INFO - ---------------------------------------------------
2025-03-07 07:31:31,027 - INFO - 今天是工作日，执行签出签入流程。
2025-03-07 07:31:31,027 - INFO - 今天是星期4
2025-03-07 07:31:31,027 - INFO - 检查签出按钮状态
2025-03-07 07:31:33,136 - INFO - 签出 按钮已点击。
2025-03-07 07:31:39,477 - INFO - 签出 弹窗关闭按钮已点击。
2025-03-07 07:32:04,494 - INFO - 检查签入按钮状态
2025-03-07 07:32:04,578 - INFO - 检查签出按钮状态以决定是否点击签入按钮
2025-03-07 07:32:06,291 - INFO - 签入 按钮已点击。
2025-03-07 07:32:11,961 - INFO - 签入 弹窗关闭按钮已点击。
2025-03-07 07:32:21,971 - INFO - 关闭浏览器
2025-03-07 07:33:44,056 - ERROR - Service process refused to terminate gracefully with SIGTERM, escalating to SIGKILL.
Traceback (most recent call last):
  File "/opt/anaconda3/envs/oa/lib/python3.10/site-packages/selenium/webdriver/common/service.py", line 172, in _terminate_process
    self.process.wait(60)
  File "/opt/anaconda3/envs/oa/lib/python3.10/subprocess.py", line 1209, in wait
    return self._wait(timeout=timeout)
  File "/opt/anaconda3/envs/oa/lib/python3.10/subprocess.py", line 1951, in _wait
    raise TimeoutExpired(self.args, timeout)
subprocess.TimeoutExpired: Command '['/usr/local/bin/chromedriver', '--port=50676']' timed out after 60 seconds
2025-03-07 12:00:25,342 - INFO - 打开网址: https://myoa.omenow.com/Schedule/MySchedule/
2025-03-07 12:00:30,873 - INFO - 输入用户名和密码
2025-03-07 12:00:32,071 - INFO - 点击登录按钮
2025-03-07 12:01:31,153 - INFO - 弹窗已关闭
2025-03-07 12:01:31,154 - INFO - ---------------------------------------------------
2025-03-07 12:01:31,154 - INFO - 今天是工作日，执行签出签入流程。
2025-03-07 12:01:31,154 - INFO - 今天是星期4
2025-03-07 12:01:31,154 - INFO - 检查签出按钮状态
2025-03-07 12:01:32,279 - INFO - 签出 按钮已点击。
2025-03-07 12:01:37,964 - INFO - 签出 弹窗关闭按钮已点击。
2025-03-07 12:02:02,974 - INFO - 检查签入按钮状态
2025-03-07 12:02:03,077 - INFO - 检查签出按钮状态以决定是否点击签入按钮
2025-03-07 12:02:05,231 - INFO - 签入 按钮已点击。
2025-03-07 12:02:11,039 - INFO - 签入 弹窗关闭按钮已点击。
2025-03-07 12:02:21,044 - INFO - 关闭浏览器
2025-03-07 12:03:49,210 - ERROR - Service process refused to terminate gracefully with SIGTERM, escalating to SIGKILL.
Traceback (most recent call last):
  File "/opt/anaconda3/envs/oa/lib/python3.10/site-packages/selenium/webdriver/common/service.py", line 172, in _terminate_process
    self.process.wait(60)
  File "/opt/anaconda3/envs/oa/lib/python3.10/subprocess.py", line 1209, in wait
    return self._wait(timeout=timeout)
  File "/opt/anaconda3/envs/oa/lib/python3.10/subprocess.py", line 1951, in _wait
    raise TimeoutExpired(self.args, timeout)
subprocess.TimeoutExpired: Command '['/usr/local/bin/chromedriver', '--port=55535']' timed out after 60 seconds
2025-03-08 13:31:05,237 - INFO - Current time: 2025-03-08 13:31:05
2025-03-08 13:31:10,793 - INFO - 打开网址: https://myoa.omenow.com/Schedule/MySchedule/
2025-03-08 13:31:14,427 - INFO - 输入用户名和密码
2025-03-08 13:31:15,461 - INFO - 点击登录按钮
2025-03-08 13:31:36,475 - INFO - ---------------------------------------------------
2025-03-08 13:31:36,475 - INFO - 周六移动办公签出
2025-03-08 13:32:00,373 - INFO - 周六移动办公签出 按钮已点击。
2025-03-08 13:32:08,135 - INFO - 周六移动办公签出 弹窗关闭按钮已点击。
2025-03-08 13:32:13,145 - INFO - 关闭浏览器
2025-03-10 07:47:17,190 - INFO - 打开网址: https://myoa.omenow.com/Schedule/MySchedule/
2025-03-10 07:47:24,439 - INFO - 输入用户名和密码
2025-03-10 07:47:25,718 - INFO - 点击登录按钮
2025-03-10 07:48:35,639 - INFO - 未找到弹窗或弹窗已经关闭
2025-03-10 07:48:35,640 - INFO - ---------------------------------------------------
2025-03-10 07:48:35,640 - INFO - 今天是工作日，执行签出签入流程。
2025-03-10 07:48:35,640 - INFO - 今天是星期0
2025-03-10 07:48:35,640 - INFO - 检查签出按钮状态
2025-03-10 07:48:37,252 - INFO - 签出 按钮已点击。
2025-03-10 07:48:43,416 - INFO - 签出 弹窗关闭按钮已点击。
2025-03-10 07:49:08,427 - INFO - 检查签入按钮状态
2025-03-10 07:49:08,578 - INFO - 检查签出按钮状态以决定是否点击签入按钮
2025-03-10 07:49:14,194 - INFO - 签入 按钮已点击。
2025-03-10 07:49:20,150 - INFO - 签入 弹窗关闭按钮已点击。
2025-03-10 07:49:30,155 - INFO - 关闭浏览器
2025-03-10 12:00:23,467 - INFO - 打开网址: https://myoa.omenow.com/Schedule/MySchedule/
2025-03-10 12:00:30,356 - INFO - 输入用户名和密码
2025-03-10 12:00:31,476 - INFO - 点击登录按钮
2025-03-10 12:01:34,017 - INFO - 未找到弹窗或弹窗已经关闭
2025-03-10 12:01:34,018 - INFO - ---------------------------------------------------
2025-03-10 12:01:34,018 - INFO - 今天是工作日，执行签出签入流程。
2025-03-10 12:01:34,018 - INFO - 今天是星期0
2025-03-10 12:01:34,018 - INFO - 检查签出按钮状态
2025-03-10 12:01:35,487 - INFO - 签出 按钮已点击。
2025-03-10 12:01:43,153 - INFO - 签出 弹窗关闭按钮已点击。
2025-03-10 12:02:08,160 - INFO - 检查签入按钮状态
2025-03-10 12:02:08,236 - INFO - 检查签出按钮状态以决定是否点击签入按钮
2025-03-10 12:02:10,358 - INFO - 签入 按钮已点击。
2025-03-10 12:02:16,471 - INFO - 签入 弹窗关闭按钮已点击。
2025-03-10 12:02:26,480 - INFO - 关闭浏览器
2025-03-10 12:03:55,653 - ERROR - Service process refused to terminate gracefully with SIGTERM, escalating to SIGKILL.
Traceback (most recent call last):
  File "/opt/anaconda3/envs/oa/lib/python3.10/site-packages/selenium/webdriver/common/service.py", line 172, in _terminate_process
    self.process.wait(60)
  File "/opt/anaconda3/envs/oa/lib/python3.10/subprocess.py", line 1209, in wait
    return self._wait(timeout=timeout)
  File "/opt/anaconda3/envs/oa/lib/python3.10/subprocess.py", line 1951, in _wait
    raise TimeoutExpired(self.args, timeout)
subprocess.TimeoutExpired: Command '['/usr/local/bin/chromedriver', '--port=56158']' timed out after 60 seconds
2025-03-11 07:30:50,029 - INFO - 打开网址: https://myoa.omenow.com/Schedule/MySchedule/
2025-03-11 07:30:56,151 - INFO - 输入用户名和密码
2025-03-11 07:30:57,143 - INFO - 点击登录按钮
2025-03-11 07:31:39,260 - INFO - 未找到弹窗或弹窗已经关闭
2025-03-11 07:31:39,260 - INFO - ---------------------------------------------------
2025-03-11 07:31:39,260 - INFO - 今天是工作日，执行签出签入流程。
2025-03-11 07:31:39,260 - INFO - 今天是星期1
2025-03-11 07:31:39,260 - INFO - 检查签出按钮状态
2025-03-11 07:31:45,646 - INFO - 签出 按钮已点击。
2025-03-11 07:31:54,235 - INFO - 签出 弹窗关闭按钮已点击。
2025-03-11 07:32:19,251 - INFO - 检查签入按钮状态
2025-03-11 07:32:19,433 - INFO - 检查签出按钮状态以决定是否点击签入按钮
2025-03-11 07:32:20,637 - INFO - 签入 按钮已点击。
2025-03-11 07:32:26,666 - INFO - 签入 弹窗关闭按钮已点击。
2025-03-11 07:32:36,672 - INFO - 关闭浏览器
2025-03-11 07:34:02,169 - ERROR - Service process refused to terminate gracefully with SIGTERM, escalating to SIGKILL.
Traceback (most recent call last):
  File "/opt/anaconda3/envs/oa/lib/python3.10/site-packages/selenium/webdriver/common/service.py", line 172, in _terminate_process
    self.process.wait(60)
  File "/opt/anaconda3/envs/oa/lib/python3.10/subprocess.py", line 1209, in wait
    return self._wait(timeout=timeout)
  File "/opt/anaconda3/envs/oa/lib/python3.10/subprocess.py", line 1951, in _wait
    raise TimeoutExpired(self.args, timeout)
subprocess.TimeoutExpired: Command '['/usr/local/bin/chromedriver', '--port=50580']' timed out after 60 seconds
2025-03-11 12:00:23,646 - INFO - 打开网址: https://myoa.omenow.com/Schedule/MySchedule/
2025-03-11 12:00:29,960 - INFO - 输入用户名和密码
2025-03-11 12:00:31,131 - INFO - 点击登录按钮
2025-03-11 12:01:17,316 - INFO - 未找到弹窗或弹窗已经关闭
2025-03-11 12:01:17,316 - INFO - ---------------------------------------------------
2025-03-11 12:01:17,316 - INFO - 今天是工作日，执行签出签入流程。
2025-03-11 12:01:17,316 - INFO - 今天是星期1
2025-03-11 12:01:17,316 - INFO - 检查签出按钮状态
2025-03-11 12:01:21,013 - INFO - 签出 按钮已点击。
2025-03-11 12:01:27,466 - INFO - 签出 弹窗关闭按钮已点击。
2025-03-11 12:01:52,477 - INFO - 检查签入按钮状态
2025-03-11 12:01:52,575 - INFO - 检查签出按钮状态以决定是否点击签入按钮
2025-03-11 12:01:55,112 - INFO - 签入 按钮已点击。
2025-03-11 12:02:00,939 - INFO - 签入 弹窗关闭按钮已点击。
2025-03-11 12:02:10,945 - INFO - 关闭浏览器
2025-03-11 12:03:40,311 - ERROR - Service process refused to terminate gracefully with SIGTERM, escalating to SIGKILL.
Traceback (most recent call last):
  File "/opt/anaconda3/envs/oa/lib/python3.10/site-packages/selenium/webdriver/common/service.py", line 172, in _terminate_process
    self.process.wait(60)
  File "/opt/anaconda3/envs/oa/lib/python3.10/subprocess.py", line 1209, in wait
    return self._wait(timeout=timeout)
  File "/opt/anaconda3/envs/oa/lib/python3.10/subprocess.py", line 1951, in _wait
    raise TimeoutExpired(self.args, timeout)
subprocess.TimeoutExpired: Command '['/usr/local/bin/chromedriver', '--port=56694']' timed out after 60 seconds
2025-03-12 07:30:51,361 - INFO - 打开网址: https://myoa.omenow.com/Schedule/MySchedule/
2025-03-12 07:30:56,688 - INFO - 输入用户名和密码
2025-03-12 07:30:57,648 - INFO - 点击登录按钮
2025-03-12 07:31:43,272 - INFO - 未找到弹窗或弹窗已经关闭
2025-03-12 07:31:43,272 - INFO - ---------------------------------------------------
2025-03-12 07:31:43,272 - INFO - 今天是工作日，执行签出签入流程。
2025-03-12 07:31:43,272 - INFO - 今天是星期2
2025-03-12 07:31:43,272 - INFO - 检查签出按钮状态
2025-03-12 07:31:48,196 - INFO - 签出 按钮已点击。
2025-03-12 07:31:57,149 - INFO - 签出 弹窗关闭按钮已点击。
2025-03-12 07:32:22,167 - INFO - 检查签入按钮状态
2025-03-12 07:32:22,339 - INFO - 检查签出按钮状态以决定是否点击签入按钮
2025-03-12 07:32:23,939 - INFO - 签入 按钮已点击。
2025-03-12 07:32:31,549 - INFO - 签入 弹窗关闭按钮已点击。
2025-03-12 07:32:41,560 - INFO - 关闭浏览器
2025-03-12 07:34:03,756 - ERROR - Service process refused to terminate gracefully with SIGTERM, escalating to SIGKILL.
Traceback (most recent call last):
  File "/opt/anaconda3/envs/oa/lib/python3.10/site-packages/selenium/webdriver/common/service.py", line 172, in _terminate_process
    self.process.wait(60)
  File "/opt/anaconda3/envs/oa/lib/python3.10/subprocess.py", line 1209, in wait
    return self._wait(timeout=timeout)
  File "/opt/anaconda3/envs/oa/lib/python3.10/subprocess.py", line 1951, in _wait
    raise TimeoutExpired(self.args, timeout)
subprocess.TimeoutExpired: Command '['/usr/local/bin/chromedriver', '--port=62223']' timed out after 60 seconds
2025-03-12 12:00:30,445 - INFO - 打开网址: https://myoa.omenow.com/Schedule/MySchedule/
2025-03-12 12:00:36,811 - INFO - 输入用户名和密码
2025-03-12 12:00:38,076 - INFO - 点击登录按钮
2025-03-12 12:01:25,348 - INFO - 未找到弹窗或弹窗已经关闭
2025-03-12 12:01:25,348 - INFO - ---------------------------------------------------
2025-03-12 12:01:25,348 - INFO - 今天是工作日，执行签出签入流程。
2025-03-12 12:01:25,348 - INFO - 今天是星期2
2025-03-12 12:01:25,348 - INFO - 检查签出按钮状态
2025-03-12 12:01:28,658 - INFO - 签出 按钮已点击。
2025-03-12 12:01:35,972 - INFO - 签出 弹窗关闭按钮已点击。
2025-03-12 12:02:00,985 - INFO - 检查签入按钮状态
2025-03-12 12:02:01,120 - INFO - 检查签出按钮状态以决定是否点击签入按钮
2025-03-12 12:02:03,341 - INFO - 签入 按钮已点击。
2025-03-12 12:02:09,190 - INFO - 签入 弹窗关闭按钮已点击。
2025-03-12 12:02:19,196 - INFO - 关闭浏览器
2025-03-12 12:03:46,010 - ERROR - Service process refused to terminate gracefully with SIGTERM, escalating to SIGKILL.
Traceback (most recent call last):
  File "/opt/anaconda3/envs/oa/lib/python3.10/site-packages/selenium/webdriver/common/service.py", line 172, in _terminate_process
    self.process.wait(60)
  File "/opt/anaconda3/envs/oa/lib/python3.10/subprocess.py", line 1209, in wait
    return self._wait(timeout=timeout)
  File "/opt/anaconda3/envs/oa/lib/python3.10/subprocess.py", line 1951, in _wait
    raise TimeoutExpired(self.args, timeout)
subprocess.TimeoutExpired: Command '['/usr/local/bin/chromedriver', '--port=58472']' timed out after 60 seconds
2025-03-13 07:30:53,662 - INFO - 打开网址: https://myoa.omenow.com/Schedule/MySchedule/
2025-03-13 07:30:57,731 - INFO - 输入用户名和密码
2025-03-13 07:30:58,694 - INFO - 点击登录按钮
2025-03-13 07:31:39,839 - INFO - 未找到弹窗或弹窗已经关闭
2025-03-13 07:31:39,840 - INFO - ---------------------------------------------------
2025-03-13 07:31:39,841 - INFO - 今天是工作日，执行签出签入流程。
2025-03-13 07:31:39,841 - INFO - 今天是星期3
2025-03-13 07:31:39,841 - INFO - 检查签出按钮状态
2025-03-13 07:31:44,977 - INFO - 签出 按钮已点击。
2025-03-13 07:31:52,283 - INFO - 签出 弹窗关闭按钮已点击。
2025-03-13 07:32:17,293 - INFO - 检查签入按钮状态
2025-03-13 07:32:17,478 - INFO - 检查签出按钮状态以决定是否点击签入按钮
2025-03-13 07:32:18,975 - INFO - 签入 按钮已点击。
2025-03-13 07:32:24,821 - INFO - 签入 弹窗关闭按钮已点击。
2025-03-13 07:32:34,826 - INFO - 关闭浏览器
2025-03-13 07:33:58,082 - ERROR - Service process refused to terminate gracefully with SIGTERM, escalating to SIGKILL.
Traceback (most recent call last):
  File "/opt/anaconda3/envs/oa/lib/python3.10/site-packages/selenium/webdriver/common/service.py", line 172, in _terminate_process
    self.process.wait(60)
  File "/opt/anaconda3/envs/oa/lib/python3.10/subprocess.py", line 1209, in wait
    return self._wait(timeout=timeout)
  File "/opt/anaconda3/envs/oa/lib/python3.10/subprocess.py", line 1951, in _wait
    raise TimeoutExpired(self.args, timeout)
subprocess.TimeoutExpired: Command '['/usr/local/bin/chromedriver', '--port=58966']' timed out after 60 seconds
2025-03-13 12:00:28,220 - INFO - 打开网址: https://myoa.omenow.com/Schedule/MySchedule/
2025-03-13 12:00:33,213 - INFO - 输入用户名和密码
2025-03-13 12:00:34,323 - INFO - 点击登录按钮
2025-03-13 12:01:19,660 - INFO - 未找到弹窗或弹窗已经关闭
2025-03-13 12:01:19,660 - INFO - ---------------------------------------------------
2025-03-13 12:01:19,660 - INFO - 今天是工作日，执行签出签入流程。
2025-03-13 12:01:19,660 - INFO - 今天是星期3
2025-03-13 12:01:19,660 - INFO - 检查签出按钮状态
2025-03-13 12:01:24,045 - INFO - 签出 按钮已点击。
2025-03-13 12:01:30,531 - INFO - 签出 弹窗关闭按钮已点击。
2025-03-13 12:01:55,542 - INFO - 检查签入按钮状态
2025-03-13 12:01:55,712 - INFO - 检查签出按钮状态以决定是否点击签入按钮
2025-03-13 12:01:57,346 - INFO - 签入 按钮已点击。
2025-03-13 12:02:03,157 - INFO - 签入 弹窗关闭按钮已点击。
2025-03-13 12:02:13,162 - INFO - 关闭浏览器
2025-03-13 12:03:40,170 - ERROR - Service process refused to terminate gracefully with SIGTERM, escalating to SIGKILL.
Traceback (most recent call last):
  File "/opt/anaconda3/envs/oa/lib/python3.10/site-packages/selenium/webdriver/common/service.py", line 172, in _terminate_process
    self.process.wait(60)
  File "/opt/anaconda3/envs/oa/lib/python3.10/subprocess.py", line 1209, in wait
    return self._wait(timeout=timeout)
  File "/opt/anaconda3/envs/oa/lib/python3.10/subprocess.py", line 1951, in _wait
    raise TimeoutExpired(self.args, timeout)
subprocess.TimeoutExpired: Command '['/usr/local/bin/chromedriver', '--port=57837']' timed out after 60 seconds
2025-03-14 07:30:35,745 - INFO - 打开网址: https://myoa.omenow.com/Schedule/MySchedule/
2025-03-14 07:30:44,236 - INFO - 输入用户名和密码
2025-03-14 07:30:45,222 - INFO - 点击登录按钮
2025-03-14 07:31:28,661 - INFO - 未找到弹窗或弹窗已经关闭
2025-03-14 07:31:28,661 - INFO - ---------------------------------------------------
2025-03-14 07:31:28,661 - INFO - 今天是工作日，执行签出签入流程。
2025-03-14 07:31:28,661 - INFO - 今天是星期4
2025-03-14 07:31:28,661 - INFO - 检查签出按钮状态
2025-03-14 07:31:33,756 - INFO - 签出 按钮已点击。
2025-03-14 07:31:41,329 - INFO - 签出 弹窗关闭按钮已点击。
2025-03-14 07:32:06,349 - INFO - 检查签入按钮状态
2025-03-14 07:32:06,450 - INFO - 检查签出按钮状态以决定是否点击签入按钮
2025-03-14 07:32:07,810 - INFO - 签入 按钮已点击。
2025-03-14 07:32:14,411 - INFO - 签入 弹窗关闭按钮已点击。
2025-03-14 07:32:24,422 - INFO - 关闭浏览器
2025-03-14 07:33:55,120 - ERROR - Service process refused to terminate gracefully with SIGTERM, escalating to SIGKILL.
Traceback (most recent call last):
  File "/opt/anaconda3/envs/oa/lib/python3.10/site-packages/selenium/webdriver/common/service.py", line 172, in _terminate_process
    self.process.wait(60)
  File "/opt/anaconda3/envs/oa/lib/python3.10/subprocess.py", line 1209, in wait
    return self._wait(timeout=timeout)
  File "/opt/anaconda3/envs/oa/lib/python3.10/subprocess.py", line 1951, in _wait
    raise TimeoutExpired(self.args, timeout)
subprocess.TimeoutExpired: Command '['/usr/local/bin/chromedriver', '--port=50385']' timed out after 60 seconds
2025-03-14 12:00:33,785 - INFO - 打开网址: https://myoa.omenow.com/Schedule/MySchedule/
2025-03-14 12:00:40,205 - INFO - 输入用户名和密码
2025-03-14 12:00:41,389 - INFO - 点击登录按钮
2025-03-14 12:01:36,199 - INFO - 未找到弹窗或弹窗已经关闭
2025-03-14 12:01:36,200 - INFO - ---------------------------------------------------
2025-03-14 12:01:36,203 - INFO - 今天是工作日，执行签出签入流程。
2025-03-14 12:01:36,203 - INFO - 今天是星期4
2025-03-14 12:01:36,204 - INFO - 检查签出按钮状态
2025-03-14 12:01:39,065 - INFO - 签出 按钮已点击。
2025-03-14 12:01:45,237 - INFO - 签出 弹窗关闭按钮已点击。
2025-03-14 12:02:10,258 - INFO - 检查签入按钮状态
2025-03-14 12:02:10,339 - INFO - 检查签出按钮状态以决定是否点击签入按钮
2025-03-14 12:02:13,159 - INFO - 签入 按钮已点击。
2025-03-14 12:02:19,067 - INFO - 签入 弹窗关闭按钮已点击。
2025-03-14 12:02:29,077 - INFO - 关闭浏览器
2025-03-14 12:03:58,366 - ERROR - Service process refused to terminate gracefully with SIGTERM, escalating to SIGKILL.
Traceback (most recent call last):
  File "/opt/anaconda3/envs/oa/lib/python3.10/site-packages/selenium/webdriver/common/service.py", line 172, in _terminate_process
    self.process.wait(60)
  File "/opt/anaconda3/envs/oa/lib/python3.10/subprocess.py", line 1209, in wait
    return self._wait(timeout=timeout)
  File "/opt/anaconda3/envs/oa/lib/python3.10/subprocess.py", line 1951, in _wait
    raise TimeoutExpired(self.args, timeout)
subprocess.TimeoutExpired: Command '['/usr/local/bin/chromedriver', '--port=52009']' timed out after 60 seconds
2025-03-15 13:31:04,638 - INFO - Current time: 2025-03-15 13:31:04
2025-03-15 13:31:11,191 - INFO - 打开网址: https://myoa.omenow.com/Schedule/MySchedule/
2025-03-15 13:31:20,017 - INFO - 输入用户名和密码
2025-03-15 13:31:21,049 - INFO - 点击登录按钮
2025-03-15 13:31:41,805 - INFO - ---------------------------------------------------
2025-03-15 13:31:41,805 - INFO - 周六移动办公签出
2025-03-15 13:32:06,198 - INFO - 周六移动办公签出 按钮已点击。
2025-03-15 13:32:13,451 - INFO - 周六移动办公签出 弹窗关闭按钮已点击。
2025-03-15 13:32:18,461 - INFO - 关闭浏览器
2025-03-15 13:33:41,900 - ERROR - Service process refused to terminate gracefully with SIGTERM, escalating to SIGKILL.
Traceback (most recent call last):
  File "/opt/anaconda3/envs/oa/lib/python3.10/site-packages/selenium/webdriver/common/service.py", line 172, in _terminate_process
    self.process.wait(60)
  File "/opt/anaconda3/envs/oa/lib/python3.10/subprocess.py", line 1209, in wait
    return self._wait(timeout=timeout)
  File "/opt/anaconda3/envs/oa/lib/python3.10/subprocess.py", line 1951, in _wait
    raise TimeoutExpired(self.args, timeout)
subprocess.TimeoutExpired: Command '['/usr/local/bin/chromedriver', '--port=58250']' timed out after 60 seconds
2025-03-18 07:30:25,233 - INFO - 打开网址: https://myoa.omenow.com/Schedule/MySchedule/
2025-03-18 07:30:30,398 - INFO - 输入用户名和密码
2025-03-18 07:30:31,420 - INFO - 点击登录按钮
2025-03-18 07:31:16,101 - INFO - 未找到弹窗或弹窗已经关闭
2025-03-18 07:31:16,102 - INFO - ---------------------------------------------------
2025-03-18 07:31:16,102 - INFO - 今天是工作日，执行签出签入流程。
2025-03-18 07:31:16,102 - INFO - 今天是星期1
2025-03-18 07:31:16,102 - INFO - 检查签出按钮状态
2025-03-18 07:31:22,067 - INFO - 签出 按钮已点击。
2025-03-18 07:31:32,151 - INFO - 签出 弹窗关闭按钮已点击。
2025-03-18 07:31:57,169 - INFO - 检查签入按钮状态
2025-03-18 07:31:57,304 - INFO - 检查签出按钮状态以决定是否点击签入按钮
2025-03-18 07:31:58,564 - INFO - 签入 按钮已点击。
2025-03-18 07:32:04,949 - INFO - 签入 弹窗关闭按钮已点击。
2025-03-18 07:32:14,958 - INFO - 关闭浏览器
2025-03-18 07:33:40,044 - ERROR - Service process refused to terminate gracefully with SIGTERM, escalating to SIGKILL.
Traceback (most recent call last):
  File "/opt/anaconda3/envs/oa/lib/python3.10/site-packages/selenium/webdriver/common/service.py", line 172, in _terminate_process
    self.process.wait(60)
  File "/opt/anaconda3/envs/oa/lib/python3.10/subprocess.py", line 1209, in wait
    return self._wait(timeout=timeout)
  File "/opt/anaconda3/envs/oa/lib/python3.10/subprocess.py", line 1951, in _wait
    raise TimeoutExpired(self.args, timeout)
subprocess.TimeoutExpired: Command '['/usr/local/bin/chromedriver', '--port=62687']' timed out after 60 seconds
2025-03-18 12:00:23,603 - INFO - 打开网址: https://myoa.omenow.com/Schedule/MySchedule/
2025-03-18 12:00:30,504 - INFO - 输入用户名和密码
2025-03-18 12:00:31,915 - INFO - 点击登录按钮
2025-03-18 12:01:19,174 - INFO - 未找到弹窗或弹窗已经关闭
2025-03-18 12:01:19,175 - INFO - ---------------------------------------------------
2025-03-18 12:01:19,175 - INFO - 今天是工作日，执行签出签入流程。
2025-03-18 12:01:19,175 - INFO - 今天是星期1
2025-03-18 12:01:19,175 - INFO - 检查签出按钮状态
2025-03-18 12:01:22,392 - INFO - 签出 按钮已点击。
2025-03-18 12:01:30,131 - INFO - 签出 弹窗关闭按钮已点击。
2025-03-18 12:01:55,146 - INFO - 检查签入按钮状态
2025-03-18 12:01:55,252 - INFO - 检查签出按钮状态以决定是否点击签入按钮
2025-03-18 12:01:57,839 - INFO - 签入 按钮已点击。
2025-03-18 12:02:03,690 - INFO - 签入 弹窗关闭按钮已点击。
2025-03-18 12:02:13,695 - INFO - 关闭浏览器
2025-03-18 12:03:40,856 - ERROR - Service process refused to terminate gracefully with SIGTERM, escalating to SIGKILL.
Traceback (most recent call last):
  File "/opt/anaconda3/envs/oa/lib/python3.10/site-packages/selenium/webdriver/common/service.py", line 172, in _terminate_process
    self.process.wait(60)
  File "/opt/anaconda3/envs/oa/lib/python3.10/subprocess.py", line 1209, in wait
    return self._wait(timeout=timeout)
  File "/opt/anaconda3/envs/oa/lib/python3.10/subprocess.py", line 1951, in _wait
    raise TimeoutExpired(self.args, timeout)
subprocess.TimeoutExpired: Command '['/usr/local/bin/chromedriver', '--port=60697']' timed out after 60 seconds
2025-03-19 07:30:22,493 - INFO - 打开网址: https://myoa.omenow.com/Schedule/MySchedule/
2025-03-19 07:30:27,306 - INFO - 输入用户名和密码
2025-03-19 07:30:28,328 - INFO - 点击登录按钮
2025-03-19 07:31:13,626 - INFO - 未找到弹窗或弹窗已经关闭
2025-03-19 07:31:13,627 - INFO - ---------------------------------------------------
2025-03-19 07:31:13,627 - INFO - 今天是工作日，执行签出签入流程。
2025-03-19 07:31:13,627 - INFO - 今天是星期2
2025-03-19 07:31:13,627 - INFO - 检查签出按钮状态
2025-03-19 07:31:21,722 - INFO - 签出 按钮已点击。
2025-03-19 07:31:29,860 - INFO - 签出 弹窗关闭按钮已点击。
2025-03-19 07:31:54,881 - INFO - 检查签入按钮状态
2025-03-19 07:31:55,050 - INFO - 检查签出按钮状态以决定是否点击签入按钮
2025-03-19 07:31:56,247 - INFO - 签入 按钮已点击。
2025-03-19 07:32:02,892 - INFO - 签入 弹窗关闭按钮已点击。
2025-03-19 07:32:12,896 - INFO - 关闭浏览器
2025-03-19 07:33:39,744 - ERROR - Service process refused to terminate gracefully with SIGTERM, escalating to SIGKILL.
Traceback (most recent call last):
  File "/opt/anaconda3/envs/oa/lib/python3.10/site-packages/selenium/webdriver/common/service.py", line 172, in _terminate_process
    self.process.wait(60)
  File "/opt/anaconda3/envs/oa/lib/python3.10/subprocess.py", line 1209, in wait
    return self._wait(timeout=timeout)
  File "/opt/anaconda3/envs/oa/lib/python3.10/subprocess.py", line 1951, in _wait
    raise TimeoutExpired(self.args, timeout)
subprocess.TimeoutExpired: Command '['/usr/local/bin/chromedriver', '--port=51651']' timed out after 60 seconds
2025-03-19 12:00:24,144 - INFO - 打开网址: https://myoa.omenow.com/Schedule/MySchedule/
2025-03-19 12:00:29,653 - INFO - 输入用户名和密码
2025-03-19 12:00:30,791 - INFO - 点击登录按钮
2025-03-19 12:01:13,767 - INFO - 未找到弹窗或弹窗已经关闭
2025-03-19 12:01:13,767 - INFO - ---------------------------------------------------
2025-03-19 12:01:13,767 - INFO - 今天是工作日，执行签出签入流程。
2025-03-19 12:01:13,767 - INFO - 今天是星期2
2025-03-19 12:01:13,767 - INFO - 检查签出按钮状态
2025-03-19 12:01:17,967 - INFO - 签出 按钮已点击。
2025-03-19 12:01:24,474 - INFO - 签出 弹窗关闭按钮已点击。
2025-03-19 12:01:49,488 - INFO - 检查签入按钮状态
2025-03-19 12:01:49,611 - INFO - 检查签出按钮状态以决定是否点击签入按钮
2025-03-19 12:01:51,789 - INFO - 签入 按钮已点击。
2025-03-19 12:01:57,577 - INFO - 签入 弹窗关闭按钮已点击。
2025-03-19 12:02:07,582 - INFO - 关闭浏览器
2025-03-19 12:03:33,314 - ERROR - Service process refused to terminate gracefully with SIGTERM, escalating to SIGKILL.
Traceback (most recent call last):
  File "/opt/anaconda3/envs/oa/lib/python3.10/site-packages/selenium/webdriver/common/service.py", line 172, in _terminate_process
    self.process.wait(60)
  File "/opt/anaconda3/envs/oa/lib/python3.10/subprocess.py", line 1209, in wait
    return self._wait(timeout=timeout)
  File "/opt/anaconda3/envs/oa/lib/python3.10/subprocess.py", line 1951, in _wait
    raise TimeoutExpired(self.args, timeout)
subprocess.TimeoutExpired: Command '['/usr/local/bin/chromedriver', '--port=53306']' timed out after 60 seconds
2025-03-20 07:30:52,969 - INFO - 打开网址: https://myoa.omenow.com/Schedule/MySchedule/
2025-03-20 07:30:57,598 - INFO - 输入用户名和密码
2025-03-20 07:30:58,541 - INFO - 点击登录按钮
2025-03-20 07:31:41,823 - INFO - 未找到弹窗或弹窗已经关闭
2025-03-20 07:31:41,824 - INFO - ---------------------------------------------------
2025-03-20 07:31:41,824 - INFO - 今天是工作日，执行签出签入流程。
2025-03-20 07:31:41,824 - INFO - 今天是星期3
2025-03-20 07:31:41,824 - INFO - 检查签出按钮状态
2025-03-20 07:31:46,960 - INFO - 签出 按钮已点击。
2025-03-20 07:31:54,179 - INFO - 签出 弹窗关闭按钮已点击。
2025-03-20 07:32:19,193 - INFO - 检查签入按钮状态
2025-03-20 07:32:19,354 - INFO - 检查签出按钮状态以决定是否点击签入按钮
2025-03-20 07:32:21,299 - INFO - 签入 按钮已点击。
2025-03-20 07:32:28,689 - INFO - 签入 弹窗关闭按钮已点击。
2025-03-20 07:32:38,692 - INFO - 关闭浏览器
2025-03-20 07:34:06,388 - ERROR - Service process refused to terminate gracefully with SIGTERM, escalating to SIGKILL.
Traceback (most recent call last):
  File "/opt/anaconda3/envs/oa/lib/python3.10/site-packages/selenium/webdriver/common/service.py", line 172, in _terminate_process
    self.process.wait(60)
  File "/opt/anaconda3/envs/oa/lib/python3.10/subprocess.py", line 1209, in wait
    return self._wait(timeout=timeout)
  File "/opt/anaconda3/envs/oa/lib/python3.10/subprocess.py", line 1951, in _wait
    raise TimeoutExpired(self.args, timeout)
subprocess.TimeoutExpired: Command '['/usr/local/bin/chromedriver', '--port=49830']' timed out after 60 seconds
2025-03-20 12:00:29,110 - INFO - 打开网址: https://myoa.omenow.com/Schedule/MySchedule/
2025-03-20 12:00:34,777 - INFO - 输入用户名和密码
2025-03-20 12:00:35,909 - INFO - 点击登录按钮
2025-03-20 12:01:21,978 - INFO - 未找到弹窗或弹窗已经关闭
2025-03-20 12:01:21,981 - INFO - ---------------------------------------------------
2025-03-20 12:01:21,982 - INFO - 今天是工作日，执行签出签入流程。
2025-03-20 12:01:21,982 - INFO - 今天是星期3
2025-03-20 12:01:21,982 - INFO - 检查签出按钮状态
2025-03-20 12:01:25,460 - INFO - 签出 按钮已点击。
2025-03-20 12:01:31,749 - INFO - 签出 弹窗关闭按钮已点击。
2025-03-20 12:01:56,763 - INFO - 检查签入按钮状态
2025-03-20 12:01:56,854 - INFO - 检查签出按钮状态以决定是否点击签入按钮
2025-03-20 12:02:00,268 - INFO - 签入 按钮已点击。
2025-03-20 12:02:06,184 - INFO - 签入 弹窗关闭按钮已点击。
2025-03-20 12:02:16,185 - INFO - 关闭浏览器
2025-03-20 12:03:45,880 - ERROR - Service process refused to terminate gracefully with SIGTERM, escalating to SIGKILL.
Traceback (most recent call last):
  File "/opt/anaconda3/envs/oa/lib/python3.10/site-packages/selenium/webdriver/common/service.py", line 172, in _terminate_process
    self.process.wait(60)
  File "/opt/anaconda3/envs/oa/lib/python3.10/subprocess.py", line 1209, in wait
    return self._wait(timeout=timeout)
  File "/opt/anaconda3/envs/oa/lib/python3.10/subprocess.py", line 1951, in _wait
    raise TimeoutExpired(self.args, timeout)
subprocess.TimeoutExpired: Command '['/usr/local/bin/chromedriver', '--port=58636']' timed out after 60 seconds
2025-03-21 07:30:53,599 - INFO - 打开网址: https://myoa.omenow.com/Schedule/MySchedule/
2025-03-21 07:30:58,731 - INFO - 输入用户名和密码
2025-03-21 07:30:59,669 - INFO - 点击登录按钮
2025-03-21 07:31:40,648 - INFO - 未找到弹窗或弹窗已经关闭
2025-03-21 07:31:40,648 - INFO - ---------------------------------------------------
2025-03-21 07:31:40,648 - INFO - 今天是工作日，执行签出签入流程。
2025-03-21 07:31:40,648 - INFO - 今天是星期4
2025-03-21 07:31:40,648 - INFO - 检查签出按钮状态
2025-03-21 07:31:45,663 - INFO - 签出 按钮已点击。
2025-03-21 07:31:55,016 - INFO - 签出 弹窗关闭按钮已点击。
2025-03-21 07:32:20,024 - INFO - 检查签入按钮状态
2025-03-21 07:32:20,184 - INFO - 检查签出按钮状态以决定是否点击签入按钮
2025-03-21 07:32:21,451 - INFO - 签入 按钮已点击。
2025-03-21 07:32:27,946 - INFO - 签入 弹窗关闭按钮已点击。
2025-03-21 07:32:37,957 - INFO - 关闭浏览器
2025-03-21 07:34:01,378 - ERROR - Service process refused to terminate gracefully with SIGTERM, escalating to SIGKILL.
Traceback (most recent call last):
  File "/opt/anaconda3/envs/oa/lib/python3.10/site-packages/selenium/webdriver/common/service.py", line 172, in _terminate_process
    self.process.wait(60)
  File "/opt/anaconda3/envs/oa/lib/python3.10/subprocess.py", line 1209, in wait
    return self._wait(timeout=timeout)
  File "/opt/anaconda3/envs/oa/lib/python3.10/subprocess.py", line 1951, in _wait
    raise TimeoutExpired(self.args, timeout)
subprocess.TimeoutExpired: Command '['/usr/local/bin/chromedriver', '--port=60135']' timed out after 60 seconds
2025-03-21 12:00:24,895 - INFO - 打开网址: https://myoa.omenow.com/Schedule/MySchedule/
2025-03-21 12:00:30,854 - INFO - 输入用户名和密码
2025-03-21 12:00:32,010 - INFO - 点击登录按钮
2025-03-21 12:01:34,694 - INFO - 未找到弹窗或弹窗已经关闭
2025-03-21 12:01:34,695 - INFO - ---------------------------------------------------
2025-03-21 12:01:34,696 - INFO - 今天是工作日，执行签出签入流程。
2025-03-21 12:01:34,696 - INFO - 今天是星期4
2025-03-21 12:01:34,696 - INFO - 检查签出按钮状态
2025-03-21 12:01:36,454 - INFO - 签出 按钮已点击。
2025-03-21 12:01:42,887 - INFO - 签出 弹窗关闭按钮已点击。
2025-03-21 12:02:07,898 - INFO - 检查签入按钮状态
2025-03-21 12:02:08,005 - INFO - 检查签出按钮状态以决定是否点击签入按钮
2025-03-21 12:02:10,364 - INFO - 签入 按钮已点击。
2025-03-21 12:02:16,140 - INFO - 签入 弹窗关闭按钮已点击。
2025-03-21 12:02:26,143 - INFO - 关闭浏览器
2025-03-21 12:03:53,988 - ERROR - Service process refused to terminate gracefully with SIGTERM, escalating to SIGKILL.
Traceback (most recent call last):
  File "/opt/anaconda3/envs/oa/lib/python3.10/site-packages/selenium/webdriver/common/service.py", line 172, in _terminate_process
    self.process.wait(60)
  File "/opt/anaconda3/envs/oa/lib/python3.10/subprocess.py", line 1209, in wait
    return self._wait(timeout=timeout)
  File "/opt/anaconda3/envs/oa/lib/python3.10/subprocess.py", line 1951, in _wait
    raise TimeoutExpired(self.args, timeout)
subprocess.TimeoutExpired: Command '['/usr/local/bin/chromedriver', '--port=57586']' timed out after 60 seconds
2025-03-22 13:31:04,496 - INFO - Current time: 2025-03-22 13:31:04
2025-03-22 13:31:10,855 - INFO - 打开网址: https://myoa.omenow.com/Schedule/MySchedule/
2025-03-22 13:31:14,681 - INFO - 输入用户名和密码
2025-03-22 13:31:15,730 - INFO - 点击登录按钮
2025-03-22 13:31:36,566 - INFO - ---------------------------------------------------
2025-03-22 13:31:36,567 - INFO - 周六移动办公签出
2025-03-22 13:32:03,839 - INFO - 周六移动办公签出 按钮已点击。
2025-03-22 13:32:10,833 - INFO - 周六移动办公签出 弹窗关闭按钮已点击。
2025-03-22 13:32:15,844 - INFO - 关闭浏览器
2025-03-24 12:00:29,396 - INFO - 打开网址: https://myoa.omenow.com/Schedule/MySchedule/
2025-03-24 12:00:35,806 - INFO - 输入用户名和密码
2025-03-24 12:00:36,886 - INFO - 点击登录按钮
2025-03-24 12:01:22,051 - INFO - 未找到弹窗或弹窗已经关闭
2025-03-24 12:01:22,051 - INFO - ---------------------------------------------------
2025-03-24 12:01:22,051 - INFO - 今天是工作日，执行签出签入流程。
2025-03-24 12:01:22,051 - INFO - 今天是星期0
2025-03-24 12:01:22,051 - INFO - 检查签出按钮状态
2025-03-24 12:01:26,129 - INFO - 签出 按钮已点击。
2025-03-24 12:01:33,885 - INFO - 签出 弹窗关闭按钮已点击。
2025-03-24 12:01:58,901 - INFO - 检查签入按钮状态
2025-03-24 12:01:58,998 - INFO - 检查签出按钮状态以决定是否点击签入按钮
2025-03-24 12:02:01,456 - INFO - 签入 按钮已点击。
2025-03-24 12:02:07,171 - INFO - 签入 弹窗关闭按钮已点击。
2025-03-24 12:02:17,183 - INFO - 关闭浏览器
2025-03-24 12:03:44,181 - ERROR - Service process refused to terminate gracefully with SIGTERM, escalating to SIGKILL.
Traceback (most recent call last):
  File "/opt/anaconda3/envs/oa/lib/python3.10/site-packages/selenium/webdriver/common/service.py", line 172, in _terminate_process
    self.process.wait(60)
  File "/opt/anaconda3/envs/oa/lib/python3.10/subprocess.py", line 1209, in wait
    return self._wait(timeout=timeout)
  File "/opt/anaconda3/envs/oa/lib/python3.10/subprocess.py", line 1951, in _wait
    raise TimeoutExpired(self.args, timeout)
subprocess.TimeoutExpired: Command '['/usr/local/bin/chromedriver', '--port=49679']' timed out after 60 seconds
2025-03-25 07:30:23,985 - INFO - 打开网址: https://myoa.omenow.com/Schedule/MySchedule/
2025-03-25 07:30:29,741 - INFO - 输入用户名和密码
2025-03-25 07:30:30,675 - INFO - 点击登录按钮
2025-03-25 07:31:11,323 - INFO - 未找到弹窗或弹窗已经关闭
2025-03-25 07:31:11,323 - INFO - ---------------------------------------------------
2025-03-25 07:31:11,323 - INFO - 今天是工作日，执行签出签入流程。
2025-03-25 07:31:11,323 - INFO - 今天是星期1
2025-03-25 07:31:11,323 - INFO - 检查签出按钮状态
2025-03-25 07:31:17,267 - INFO - 签出 按钮已点击。
2025-03-25 07:31:25,751 - INFO - 签出 弹窗关闭按钮已点击。
2025-03-25 07:31:50,770 - INFO - 检查签入按钮状态
2025-03-25 07:31:50,896 - INFO - 检查签出按钮状态以决定是否点击签入按钮
2025-03-25 07:31:51,992 - INFO - 签入 按钮已点击。
2025-03-25 07:31:58,242 - INFO - 签入 弹窗关闭按钮已点击。
2025-03-25 07:32:08,253 - INFO - 关闭浏览器
2025-03-25 07:33:30,449 - ERROR - Service process refused to terminate gracefully with SIGTERM, escalating to SIGKILL.
Traceback (most recent call last):
  File "/opt/anaconda3/envs/oa/lib/python3.10/site-packages/selenium/webdriver/common/service.py", line 172, in _terminate_process
    self.process.wait(60)
  File "/opt/anaconda3/envs/oa/lib/python3.10/subprocess.py", line 1209, in wait
    return self._wait(timeout=timeout)
  File "/opt/anaconda3/envs/oa/lib/python3.10/subprocess.py", line 1951, in _wait
    raise TimeoutExpired(self.args, timeout)
subprocess.TimeoutExpired: Command '['/usr/local/bin/chromedriver', '--port=61190']' timed out after 60 seconds
2025-03-25 12:00:53,100 - INFO - 打开网址: https://myoa.omenow.com/Schedule/MySchedule/
2025-03-25 12:00:59,233 - INFO - 输入用户名和密码
2025-03-25 12:01:00,310 - INFO - 点击登录按钮
2025-03-25 12:01:43,479 - INFO - 未找到弹窗或弹窗已经关闭
2025-03-25 12:01:43,479 - INFO - ---------------------------------------------------
2025-03-25 12:01:43,479 - INFO - 今天是工作日，执行签出签入流程。
2025-03-25 12:01:43,479 - INFO - 今天是星期1
2025-03-25 12:01:43,479 - INFO - 检查签出按钮状态
2025-03-25 12:01:45,565 - INFO - 签出 按钮已点击。
2025-03-25 12:01:53,086 - INFO - 签出 弹窗关闭按钮已点击。
2025-03-25 12:02:18,101 - INFO - 检查签入按钮状态
2025-03-25 12:02:18,211 - INFO - 检查签出按钮状态以决定是否点击签入按钮
2025-03-25 12:02:20,708 - INFO - 签入 按钮已点击。
2025-03-25 12:02:26,531 - INFO - 签入 弹窗关闭按钮已点击。
2025-03-25 12:02:36,542 - INFO - 关闭浏览器
2025-03-25 12:04:02,445 - ERROR - Service process refused to terminate gracefully with SIGTERM, escalating to SIGKILL.
Traceback (most recent call last):
  File "/opt/anaconda3/envs/oa/lib/python3.10/site-packages/selenium/webdriver/common/service.py", line 172, in _terminate_process
    self.process.wait(60)
  File "/opt/anaconda3/envs/oa/lib/python3.10/subprocess.py", line 1209, in wait
    return self._wait(timeout=timeout)
  File "/opt/anaconda3/envs/oa/lib/python3.10/subprocess.py", line 1951, in _wait
    raise TimeoutExpired(self.args, timeout)
subprocess.TimeoutExpired: Command '['/usr/local/bin/chromedriver', '--port=64609']' timed out after 60 seconds
2025-03-26 07:30:30,070 - INFO - 打开网址: https://myoa.omenow.com/Schedule/MySchedule/
2025-03-26 07:30:35,092 - INFO - 输入用户名和密码
2025-03-26 07:30:36,159 - INFO - 点击登录按钮
2025-03-26 07:31:37,286 - INFO - 未找到弹窗或弹窗已经关闭
2025-03-26 07:31:37,287 - INFO - ---------------------------------------------------
2025-03-26 07:31:37,287 - INFO - 今天是工作日，执行签出签入流程。
2025-03-26 07:31:37,287 - INFO - 今天是星期2
2025-03-26 07:31:37,287 - INFO - 检查签出按钮状态
2025-03-26 07:31:40,265 - INFO - 签出 按钮已点击。
2025-03-26 07:31:46,238 - INFO - 签出 弹窗关闭按钮已点击。
2025-03-26 07:32:11,246 - INFO - 检查签入按钮状态
2025-03-26 07:32:11,333 - INFO - 检查签出按钮状态以决定是否点击签入按钮
2025-03-26 07:32:12,854 - INFO - 签入 按钮已点击。
2025-03-26 07:32:18,651 - INFO - 签入 弹窗关闭按钮已点击。
2025-03-26 07:32:28,661 - INFO - 关闭浏览器
2025-03-26 07:34:02,100 - ERROR - Service process refused to terminate gracefully with SIGTERM, escalating to SIGKILL.
Traceback (most recent call last):
  File "/opt/anaconda3/envs/oa/lib/python3.10/site-packages/selenium/webdriver/common/service.py", line 172, in _terminate_process
    self.process.wait(60)
  File "/opt/anaconda3/envs/oa/lib/python3.10/subprocess.py", line 1209, in wait
    return self._wait(timeout=timeout)
  File "/opt/anaconda3/envs/oa/lib/python3.10/subprocess.py", line 1951, in _wait
    raise TimeoutExpired(self.args, timeout)
subprocess.TimeoutExpired: Command '['/usr/local/bin/chromedriver', '--port=51994']' timed out after 60 seconds
2025-03-26 12:00:29,263 - INFO - 打开网址: https://myoa.omenow.com/Schedule/MySchedule/
2025-03-26 12:00:35,737 - INFO - 输入用户名和密码
2025-03-26 12:00:36,923 - INFO - 点击登录按钮
2025-03-26 12:01:22,968 - INFO - 未找到弹窗或弹窗已经关闭
2025-03-26 12:01:22,968 - INFO - ---------------------------------------------------
2025-03-26 12:01:22,968 - INFO - 今天是工作日，执行签出签入流程。
2025-03-26 12:01:22,968 - INFO - 今天是星期2
2025-03-26 12:01:22,969 - INFO - 检查签出按钮状态
2025-03-26 12:01:26,973 - INFO - 签出 按钮已点击。
2025-03-26 12:01:35,411 - INFO - 签出 弹窗关闭按钮已点击。
2025-03-26 12:02:00,433 - INFO - 检查签入按钮状态
2025-03-26 12:02:00,665 - INFO - 检查签出按钮状态以决定是否点击签入按钮
2025-03-26 12:02:03,212 - INFO - 签入 按钮已点击。
2025-03-26 12:02:09,278 - INFO - 签入 弹窗关闭按钮已点击。
2025-03-26 12:02:19,290 - INFO - 关闭浏览器
2025-03-26 12:03:45,340 - ERROR - Service process refused to terminate gracefully with SIGTERM, escalating to SIGKILL.
Traceback (most recent call last):
  File "/opt/anaconda3/envs/oa/lib/python3.10/site-packages/selenium/webdriver/common/service.py", line 172, in _terminate_process
    self.process.wait(60)
  File "/opt/anaconda3/envs/oa/lib/python3.10/subprocess.py", line 1209, in wait
    return self._wait(timeout=timeout)
  File "/opt/anaconda3/envs/oa/lib/python3.10/subprocess.py", line 1951, in _wait
    raise TimeoutExpired(self.args, timeout)
subprocess.TimeoutExpired: Command '['/usr/local/bin/chromedriver', '--port=57297']' timed out after 60 seconds
2025-03-27 07:30:56,313 - INFO - 打开网址: https://myoa.omenow.com/Schedule/MySchedule/
2025-03-27 07:31:03,287 - INFO - 输入用户名和密码
2025-03-27 07:31:04,260 - INFO - 点击登录按钮
2025-03-27 07:31:42,549 - INFO - 未找到弹窗或弹窗已经关闭
2025-03-27 07:31:42,550 - INFO - ---------------------------------------------------
2025-03-27 07:31:42,550 - INFO - 今天是工作日，执行签出签入流程。
2025-03-27 07:31:42,550 - INFO - 今天是星期3
2025-03-27 07:31:42,550 - INFO - 检查签出按钮状态
2025-03-27 07:31:48,623 - INFO - 签出 按钮已点击。
2025-03-27 07:31:56,850 - INFO - 签出 弹窗关闭按钮已点击。
2025-03-27 07:32:21,868 - INFO - 检查签入按钮状态
2025-03-27 07:32:22,038 - INFO - 检查签出按钮状态以决定是否点击签入按钮
2025-03-27 07:32:24,054 - INFO - 签入 按钮已点击。
2025-03-27 07:32:30,061 - INFO - 签入 弹窗关闭按钮已点击。
2025-03-27 07:32:40,071 - INFO - 关闭浏览器
2025-03-27 07:34:04,657 - ERROR - Service process refused to terminate gracefully with SIGTERM, escalating to SIGKILL.
Traceback (most recent call last):
  File "/opt/anaconda3/envs/oa/lib/python3.10/site-packages/selenium/webdriver/common/service.py", line 172, in _terminate_process
    self.process.wait(60)
  File "/opt/anaconda3/envs/oa/lib/python3.10/subprocess.py", line 1209, in wait
    return self._wait(timeout=timeout)
  File "/opt/anaconda3/envs/oa/lib/python3.10/subprocess.py", line 1951, in _wait
    raise TimeoutExpired(self.args, timeout)
subprocess.TimeoutExpired: Command '['/usr/local/bin/chromedriver', '--port=61546']' timed out after 60 seconds
2025-03-27 12:00:30,386 - INFO - 打开网址: https://myoa.omenow.com/Schedule/MySchedule/
2025-03-27 12:00:36,174 - INFO - 输入用户名和密码
2025-03-27 12:00:37,464 - INFO - 点击登录按钮
2025-03-27 12:01:37,597 - INFO - 未找到弹窗或弹窗已经关闭
2025-03-27 12:01:37,599 - INFO - ---------------------------------------------------
2025-03-27 12:01:37,599 - INFO - 今天是工作日，执行签出签入流程。
2025-03-27 12:01:37,599 - INFO - 今天是星期3
2025-03-27 12:01:37,599 - INFO - 检查签出按钮状态
2025-03-27 12:01:39,492 - INFO - 签出 按钮已点击。
2025-03-27 12:01:45,738 - INFO - 签出 弹窗关闭按钮已点击。
2025-03-27 12:02:10,763 - INFO - 检查签入按钮状态
2025-03-27 12:02:10,881 - INFO - 检查签出按钮状态以决定是否点击签入按钮
2025-03-27 12:02:13,653 - INFO - 签入 按钮已点击。
2025-03-27 12:02:19,518 - INFO - 签入 弹窗关闭按钮已点击。
2025-03-27 12:02:29,535 - INFO - 关闭浏览器
2025-03-27 12:03:55,742 - ERROR - Service process refused to terminate gracefully with SIGTERM, escalating to SIGKILL.
Traceback (most recent call last):
  File "/opt/anaconda3/envs/oa/lib/python3.10/site-packages/selenium/webdriver/common/service.py", line 172, in _terminate_process
    self.process.wait(60)
  File "/opt/anaconda3/envs/oa/lib/python3.10/subprocess.py", line 1209, in wait
    return self._wait(timeout=timeout)
  File "/opt/anaconda3/envs/oa/lib/python3.10/subprocess.py", line 1951, in _wait
    raise TimeoutExpired(self.args, timeout)
subprocess.TimeoutExpired: Command '['/usr/local/bin/chromedriver', '--port=49487']' timed out after 60 seconds
2025-03-28 07:30:28,224 - INFO - 打开网址: https://myoa.omenow.com/Schedule/MySchedule/
2025-03-28 07:30:32,361 - INFO - 输入用户名和密码
2025-03-28 07:30:33,359 - INFO - 点击登录按钮
2025-03-28 07:31:30,134 - INFO - 未找到弹窗或弹窗已经关闭
2025-03-28 07:31:30,136 - INFO - ---------------------------------------------------
2025-03-28 07:31:30,136 - INFO - 今天是工作日，执行签出签入流程。
2025-03-28 07:31:30,136 - INFO - 今天是星期4
2025-03-28 07:31:30,136 - INFO - 检查签出按钮状态
2025-03-28 07:31:37,850 - INFO - 签出 按钮已点击。
2025-03-28 07:31:47,522 - INFO - 签出 弹窗关闭按钮已点击。
2025-03-28 07:32:12,528 - INFO - 检查签入按钮状态
2025-03-28 07:32:12,779 - INFO - 检查签出按钮状态以决定是否点击签入按钮
2025-03-28 07:32:14,609 - INFO - 签入 按钮已点击。
2025-03-28 07:32:20,692 - INFO - 签入 弹窗关闭按钮已点击。
2025-03-28 07:32:30,702 - INFO - 关闭浏览器
2025-03-28 07:33:56,348 - ERROR - Service process refused to terminate gracefully with SIGTERM, escalating to SIGKILL.
Traceback (most recent call last):
  File "/opt/anaconda3/envs/oa/lib/python3.10/site-packages/selenium/webdriver/common/service.py", line 172, in _terminate_process
    self.process.wait(60)
  File "/opt/anaconda3/envs/oa/lib/python3.10/subprocess.py", line 1209, in wait
    return self._wait(timeout=timeout)
  File "/opt/anaconda3/envs/oa/lib/python3.10/subprocess.py", line 1951, in _wait
    raise TimeoutExpired(self.args, timeout)
subprocess.TimeoutExpired: Command '['/usr/local/bin/chromedriver', '--port=51737']' timed out after 60 seconds
2025-03-28 12:00:24,801 - INFO - 打开网址: https://myoa.omenow.com/Schedule/MySchedule/
2025-03-28 12:00:30,690 - INFO - 输入用户名和密码
2025-03-28 12:00:31,942 - INFO - 点击登录按钮
2025-03-28 12:01:33,680 - INFO - 未找到弹窗或弹窗已经关闭
2025-03-28 12:01:33,681 - INFO - ---------------------------------------------------
2025-03-28 12:01:33,681 - INFO - 今天是工作日，执行签出签入流程。
2025-03-28 12:01:33,681 - INFO - 今天是星期4
2025-03-28 12:01:33,681 - INFO - 检查签出按钮状态
2025-03-28 12:01:35,394 - INFO - 签出 按钮已点击。
2025-03-28 12:01:41,181 - INFO - 签出 弹窗关闭按钮已点击。
2025-03-28 12:02:06,191 - INFO - 检查签入按钮状态
2025-03-28 12:02:06,324 - INFO - 检查签出按钮状态以决定是否点击签入按钮
2025-03-28 12:02:08,445 - INFO - 签入 按钮已点击。
2025-03-28 12:02:14,161 - INFO - 签入 弹窗关闭按钮已点击。
2025-03-28 12:02:24,166 - INFO - 关闭浏览器
2025-03-28 12:03:52,355 - ERROR - Service process refused to terminate gracefully with SIGTERM, escalating to SIGKILL.
Traceback (most recent call last):
  File "/opt/anaconda3/envs/oa/lib/python3.10/site-packages/selenium/webdriver/common/service.py", line 172, in _terminate_process
    self.process.wait(60)
  File "/opt/anaconda3/envs/oa/lib/python3.10/subprocess.py", line 1209, in wait
    return self._wait(timeout=timeout)
  File "/opt/anaconda3/envs/oa/lib/python3.10/subprocess.py", line 1951, in _wait
    raise TimeoutExpired(self.args, timeout)
subprocess.TimeoutExpired: Command '['/usr/local/bin/chromedriver', '--port=57429']' timed out after 60 seconds
2025-03-29 13:31:05,255 - INFO - Current time: 2025-03-29 13:31:05
2025-03-29 13:31:11,204 - INFO - 打开网址: https://myoa.omenow.com/Schedule/MySchedule/
2025-03-29 13:31:14,984 - INFO - 输入用户名和密码
2025-03-29 13:31:16,069 - INFO - 点击登录按钮
2025-03-29 13:31:36,914 - INFO - ---------------------------------------------------
2025-03-29 13:31:36,914 - INFO - 周六移动办公签出
2025-03-29 13:32:05,867 - INFO - 周六移动办公签出 按钮已点击。
2025-03-29 13:32:15,105 - INFO - 周六移动办公签出 弹窗关闭按钮已点击。
2025-03-29 13:32:20,116 - INFO - 关闭浏览器
2025-03-31 12:00:25,091 - INFO - 打开网址: https://myoa.omenow.com/Schedule/MySchedule/
2025-03-31 12:00:38,079 - INFO - 输入用户名和密码
2025-03-31 12:00:39,566 - INFO - 点击登录按钮
2025-03-31 12:01:44,283 - INFO - 未找到弹窗或弹窗已经关闭
2025-03-31 12:01:44,286 - INFO - ---------------------------------------------------
2025-03-31 12:01:44,286 - INFO - 今天是工作日，执行签出签入流程。
2025-03-31 12:01:44,286 - INFO - 今天是星期0
2025-03-31 12:01:44,286 - INFO - 检查签出按钮状态
2025-03-31 12:01:46,232 - INFO - 签出 按钮已点击。
2025-03-31 12:01:52,287 - INFO - 签出 弹窗关闭按钮已点击。
2025-03-31 12:02:17,296 - INFO - 检查签入按钮状态
2025-03-31 12:02:17,413 - INFO - 检查签出按钮状态以决定是否点击签入按钮
2025-03-31 12:02:22,632 - INFO - 签入 按钮已点击。
2025-03-31 12:02:28,506 - INFO - 签入 弹窗关闭按钮已点击。
2025-03-31 12:02:38,508 - INFO - 关闭浏览器
2025-03-31 12:04:11,829 - ERROR - Service process refused to terminate gracefully with SIGTERM, escalating to SIGKILL.
Traceback (most recent call last):
  File "/opt/anaconda3/envs/oa/lib/python3.10/site-packages/selenium/webdriver/common/service.py", line 172, in _terminate_process
    self.process.wait(60)
  File "/opt/anaconda3/envs/oa/lib/python3.10/subprocess.py", line 1209, in wait
    return self._wait(timeout=timeout)
  File "/opt/anaconda3/envs/oa/lib/python3.10/subprocess.py", line 1951, in _wait
    raise TimeoutExpired(self.args, timeout)
subprocess.TimeoutExpired: Command '['/usr/local/bin/chromedriver', '--port=62486']' timed out after 60 seconds
2025-04-01 07:30:24,216 - INFO - 打开网址: https://myoa.omenow.com/Schedule/MySchedule/
2025-04-01 07:30:29,558 - INFO - 输入用户名和密码
2025-04-01 07:30:30,708 - INFO - 点击登录按钮
2025-04-01 07:31:14,654 - INFO - 未找到弹窗或弹窗已经关闭
2025-04-01 07:31:14,654 - INFO - ---------------------------------------------------
2025-04-01 07:31:14,654 - INFO - 今天是工作日，执行签出签入流程。
2025-04-01 07:31:14,654 - INFO - 今天是星期1
2025-04-01 07:31:14,655 - INFO - 检查签出按钮状态
2025-04-01 07:31:19,113 - INFO - 签出 按钮已点击。
2025-04-01 07:31:29,082 - INFO - 签出 弹窗关闭按钮已点击。
2025-04-01 07:31:54,088 - INFO - 检查签入按钮状态
2025-04-01 07:31:54,534 - INFO - 检查签出按钮状态以决定是否点击签入按钮
2025-04-01 07:31:57,140 - INFO - 签入 按钮已点击。
2025-04-01 07:32:03,150 - INFO - 签入 弹窗关闭按钮已点击。
2025-04-01 07:32:13,156 - INFO - 关闭浏览器
2025-04-01 07:33:39,249 - ERROR - Service process refused to terminate gracefully with SIGTERM, escalating to SIGKILL.
Traceback (most recent call last):
  File "/opt/anaconda3/envs/oa/lib/python3.10/site-packages/selenium/webdriver/common/service.py", line 172, in _terminate_process
    self.process.wait(60)
  File "/opt/anaconda3/envs/oa/lib/python3.10/subprocess.py", line 1209, in wait
    return self._wait(timeout=timeout)
  File "/opt/anaconda3/envs/oa/lib/python3.10/subprocess.py", line 1951, in _wait
    raise TimeoutExpired(self.args, timeout)
subprocess.TimeoutExpired: Command '['/usr/local/bin/chromedriver', '--port=49367']' timed out after 60 seconds
2025-04-01 12:00:24,152 - INFO - 打开网址: https://myoa.omenow.com/Schedule/MySchedule/
2025-04-01 12:00:27,940 - INFO - 输入用户名和密码
2025-04-01 12:00:29,109 - INFO - 点击登录按钮
2025-04-01 12:01:11,613 - INFO - 未找到弹窗或弹窗已经关闭
2025-04-01 12:01:11,613 - INFO - ---------------------------------------------------
2025-04-01 12:01:11,613 - INFO - 今天是工作日，执行签出签入流程。
2025-04-01 12:01:11,613 - INFO - 今天是星期1
2025-04-01 12:01:11,613 - INFO - 检查签出按钮状态
2025-04-01 12:01:16,116 - INFO - 签出 按钮已点击。
2025-04-01 12:01:23,092 - INFO - 签出 弹窗关闭按钮已点击。
2025-04-01 12:01:48,114 - INFO - 检查签入按钮状态
2025-04-01 12:01:48,215 - INFO - 检查签出按钮状态以决定是否点击签入按钮
2025-04-01 12:01:53,384 - INFO - 签入 按钮已点击。
2025-04-01 12:01:59,319 - INFO - 签入 弹窗关闭按钮已点击。
2025-04-01 12:02:09,324 - INFO - 关闭浏览器
2025-04-02 07:30:23,310 - INFO - 打开网址: https://myoa.omenow.com/Schedule/MySchedule/
2025-04-02 07:30:27,899 - INFO - 输入用户名和密码
2025-04-02 07:30:28,876 - INFO - 点击登录按钮
2025-04-02 07:31:07,069 - INFO - 未找到弹窗或弹窗已经关闭
2025-04-02 07:31:07,069 - INFO - ---------------------------------------------------
2025-04-02 07:31:07,069 - INFO - 今天是工作日，执行签出签入流程。
2025-04-02 07:31:07,069 - INFO - 今天是星期2
2025-04-02 07:31:07,069 - INFO - 检查签出按钮状态
2025-04-02 07:31:13,319 - INFO - 签出 按钮已点击。
2025-04-02 07:31:19,159 - INFO - 签出 弹窗关闭按钮已点击。
2025-04-02 07:31:44,186 - INFO - 检查签入按钮状态
2025-04-02 07:31:44,369 - INFO - 检查签出按钮状态以决定是否点击签入按钮
2025-04-02 07:31:46,492 - INFO - 签入 按钮已点击。
2025-04-02 07:31:52,503 - INFO - 签入 弹窗关闭按钮已点击。
2025-04-02 07:32:02,514 - INFO - 关闭浏览器
2025-04-02 07:33:25,476 - ERROR - Service process refused to terminate gracefully with SIGTERM, escalating to SIGKILL.
Traceback (most recent call last):
  File "/opt/anaconda3/envs/oa/lib/python3.10/site-packages/selenium/webdriver/common/service.py", line 172, in _terminate_process
    self.process.wait(60)
  File "/opt/anaconda3/envs/oa/lib/python3.10/subprocess.py", line 1209, in wait
    return self._wait(timeout=timeout)
  File "/opt/anaconda3/envs/oa/lib/python3.10/subprocess.py", line 1951, in _wait
    raise TimeoutExpired(self.args, timeout)
subprocess.TimeoutExpired: Command '['/usr/local/bin/chromedriver', '--port=64425']' timed out after 60 seconds
2025-04-02 12:00:22,898 - INFO - 打开网址: https://myoa.omenow.com/Schedule/MySchedule/
2025-04-02 12:00:28,515 - INFO - 输入用户名和密码
2025-04-02 12:00:29,699 - INFO - 点击登录按钮
2025-04-02 12:01:31,696 - INFO - 未找到弹窗或弹窗已经关闭
2025-04-02 12:01:31,697 - INFO - ---------------------------------------------------
2025-04-02 12:01:31,698 - INFO - 今天是工作日，执行签出签入流程。
2025-04-02 12:01:31,698 - INFO - 今天是星期2
2025-04-02 12:01:31,698 - INFO - 检查签出按钮状态
2025-04-02 12:01:33,040 - INFO - 签出 按钮已点击。
2025-04-02 12:01:39,308 - INFO - 签出 弹窗关闭按钮已点击。
2025-04-02 12:02:04,309 - INFO - 检查签入按钮状态
2025-04-02 12:02:04,424 - INFO - 检查签出按钮状态以决定是否点击签入按钮
2025-04-02 12:02:07,467 - INFO - 签入 按钮已点击。
2025-04-02 12:02:13,719 - INFO - 签入 弹窗关闭按钮已点击。
2025-04-02 12:02:23,730 - INFO - 关闭浏览器
2025-04-02 12:03:49,103 - ERROR - Service process refused to terminate gracefully with SIGTERM, escalating to SIGKILL.
Traceback (most recent call last):
  File "/opt/anaconda3/envs/oa/lib/python3.10/site-packages/selenium/webdriver/common/service.py", line 172, in _terminate_process
    self.process.wait(60)
  File "/opt/anaconda3/envs/oa/lib/python3.10/subprocess.py", line 1209, in wait
    return self._wait(timeout=timeout)
  File "/opt/anaconda3/envs/oa/lib/python3.10/subprocess.py", line 1951, in _wait
    raise TimeoutExpired(self.args, timeout)
subprocess.TimeoutExpired: Command '['/usr/local/bin/chromedriver', '--port=50057']' timed out after 60 seconds
2025-04-03 07:30:24,657 - INFO - 打开网址: https://myoa.omenow.com/Schedule/MySchedule/
2025-04-03 07:30:28,533 - INFO - 输入用户名和密码
2025-04-03 07:30:29,667 - INFO - 点击登录按钮
2025-04-03 07:31:17,617 - INFO - 未找到弹窗或弹窗已经关闭
2025-04-03 07:31:17,618 - INFO - ---------------------------------------------------
2025-04-03 07:31:17,618 - INFO - 今天是工作日，执行签出签入流程。
2025-04-03 07:31:17,618 - INFO - 今天是星期3
2025-04-03 07:31:17,618 - INFO - 检查签出按钮状态
2025-04-03 07:31:21,106 - INFO - 签出 按钮已点击。
2025-04-03 07:31:27,448 - INFO - 签出 弹窗关闭按钮已点击。
2025-04-03 07:31:52,457 - INFO - 检查签入按钮状态
2025-04-03 07:31:52,547 - INFO - 检查签出按钮状态以决定是否点击签入按钮
2025-04-03 07:31:58,133 - INFO - 签入 按钮已点击。
2025-04-03 07:32:04,106 - INFO - 签入 弹窗关闭按钮已点击。
2025-04-03 07:32:14,107 - INFO - 关闭浏览器
2025-04-03 12:00:25,871 - INFO - 打开网址: https://myoa.omenow.com/Schedule/MySchedule/
2025-04-03 12:00:29,872 - INFO - 输入用户名和密码
2025-04-03 12:00:31,095 - INFO - 点击登录按钮
2025-04-03 12:01:17,736 - INFO - 未找到弹窗或弹窗已经关闭
2025-04-03 12:01:17,737 - INFO - ---------------------------------------------------
2025-04-03 12:01:17,737 - INFO - 今天是工作日，执行签出签入流程。
2025-04-03 12:01:17,737 - INFO - 今天是星期3
2025-04-03 12:01:17,737 - INFO - 检查签出按钮状态
2025-04-03 12:01:22,223 - INFO - 签出 按钮已点击。
2025-04-03 12:01:28,425 - INFO - 签出 弹窗关闭按钮已点击。
2025-04-03 12:01:53,436 - INFO - 检查签入按钮状态
2025-04-03 12:01:53,526 - INFO - 检查签出按钮状态以决定是否点击签入按钮
2025-04-03 12:01:55,227 - INFO - 签入 按钮已点击。
2025-04-03 12:02:01,062 - INFO - 签入 弹窗关闭按钮已点击。
2025-04-03 12:02:11,068 - INFO - 关闭浏览器
2025-04-05 13:31:05,079 - INFO - Current time: 2025-04-05 13:31:05
2025-04-05 13:31:10,704 - INFO - 打开网址: https://myoa.omenow.com/Schedule/MySchedule/
2025-04-05 13:31:14,459 - INFO - 输入用户名和密码
2025-04-05 13:31:15,444 - INFO - 点击登录按钮
2025-04-05 13:31:36,206 - INFO - ---------------------------------------------------
2025-04-05 13:31:36,206 - INFO - 周六移动办公签出
2025-04-05 13:32:04,503 - INFO - 周六移动办公签出 按钮已点击。
2025-04-05 13:32:15,395 - INFO - 周六移动办公签出 弹窗关闭按钮已点击。
2025-04-05 13:32:20,405 - INFO - 关闭浏览器
2025-04-07 12:00:24,690 - INFO - 打开网址: https://myoa.omenow.com/Schedule/MySchedule/
2025-04-07 12:00:28,628 - INFO - 输入用户名和密码
2025-04-07 12:00:29,882 - INFO - 点击登录按钮
2025-04-07 12:01:31,393 - INFO - 未找到弹窗或弹窗已经关闭
2025-04-07 12:01:31,393 - INFO - ---------------------------------------------------
2025-04-07 12:01:31,393 - INFO - 今天是工作日，执行签出签入流程。
2025-04-07 12:01:31,394 - INFO - 今天是星期0
2025-04-07 12:01:31,394 - INFO - 检查签出按钮状态
2025-04-07 12:01:33,702 - INFO - 签出 按钮已点击。
2025-04-07 12:01:39,748 - INFO - 签出 弹窗关闭按钮已点击。
2025-04-07 12:02:04,766 - INFO - 检查签入按钮状态
2025-04-07 12:02:04,878 - INFO - 检查签出按钮状态以决定是否点击签入按钮
2025-04-07 12:02:11,053 - INFO - 签入 按钮已点击。
2025-04-07 12:02:17,039 - INFO - 签入 弹窗关闭按钮已点击。
2025-04-07 12:02:27,049 - INFO - 关闭浏览器
2025-04-08 07:30:24,042 - INFO - 打开网址: https://myoa.omenow.com/Schedule/MySchedule/
2025-04-08 07:30:31,422 - INFO - 输入用户名和密码
2025-04-08 07:30:32,465 - INFO - 点击登录按钮
2025-04-08 07:31:13,656 - INFO - 未找到弹窗或弹窗已经关闭
2025-04-08 07:31:13,657 - INFO - ---------------------------------------------------
2025-04-08 07:31:13,657 - INFO - 今天是工作日，执行签出签入流程。
2025-04-08 07:31:13,657 - INFO - 今天是星期1
2025-04-08 07:31:13,657 - INFO - 检查签出按钮状态
2025-04-08 07:31:19,471 - INFO - 签出 按钮已点击。
2025-04-08 07:31:26,371 - INFO - 签出 弹窗关闭按钮已点击。
2025-04-08 07:31:51,394 - INFO - 检查签入按钮状态
2025-04-08 07:31:51,565 - INFO - 检查签出按钮状态以决定是否点击签入按钮
2025-04-08 07:31:52,984 - INFO - 签入 按钮已点击。
2025-04-08 07:31:59,031 - INFO - 签入 弹窗关闭按钮已点击。
2025-04-08 07:32:09,042 - INFO - 关闭浏览器
2025-04-08 07:33:34,428 - ERROR - Service process refused to terminate gracefully with SIGTERM, escalating to SIGKILL.
Traceback (most recent call last):
  File "/opt/anaconda3/envs/oa/lib/python3.10/site-packages/selenium/webdriver/common/service.py", line 172, in _terminate_process
    self.process.wait(60)
  File "/opt/anaconda3/envs/oa/lib/python3.10/subprocess.py", line 1209, in wait
    return self._wait(timeout=timeout)
  File "/opt/anaconda3/envs/oa/lib/python3.10/subprocess.py", line 1951, in _wait
    raise TimeoutExpired(self.args, timeout)
subprocess.TimeoutExpired: Command '['/usr/local/bin/chromedriver', '--port=64999']' timed out after 60 seconds
2025-04-08 12:00:24,247 - INFO - 打开网址: https://myoa.omenow.com/Schedule/MySchedule/
2025-04-08 12:00:35,492 - INFO - 输入用户名和密码
2025-04-08 12:00:36,650 - INFO - 点击登录按钮
2025-04-08 12:01:22,093 - INFO - 未找到弹窗或弹窗已经关闭
2025-04-08 12:01:22,094 - INFO - ---------------------------------------------------
2025-04-08 12:01:22,094 - INFO - 今天是工作日，执行签出签入流程。
2025-04-08 12:01:22,094 - INFO - 今天是星期1
2025-04-08 12:01:22,094 - INFO - 检查签出按钮状态
2025-04-08 12:01:24,799 - INFO - 签出 按钮已点击。
2025-04-08 12:01:31,200 - INFO - 签出 弹窗关闭按钮已点击。
2025-04-08 12:01:56,212 - INFO - 检查签入按钮状态
2025-04-08 12:01:56,296 - INFO - 检查签出按钮状态以决定是否点击签入按钮
2025-04-08 12:01:58,963 - INFO - 签入 按钮已点击。
2025-04-08 12:02:04,857 - INFO - 签入 弹窗关闭按钮已点击。
2025-04-08 12:02:14,870 - INFO - 关闭浏览器
2025-04-08 12:03:40,734 - ERROR - Service process refused to terminate gracefully with SIGTERM, escalating to SIGKILL.
Traceback (most recent call last):
  File "/opt/anaconda3/envs/oa/lib/python3.10/site-packages/selenium/webdriver/common/service.py", line 172, in _terminate_process
    self.process.wait(60)
  File "/opt/anaconda3/envs/oa/lib/python3.10/subprocess.py", line 1209, in wait
    return self._wait(timeout=timeout)
  File "/opt/anaconda3/envs/oa/lib/python3.10/subprocess.py", line 1951, in _wait
    raise TimeoutExpired(self.args, timeout)
subprocess.TimeoutExpired: Command '['/usr/local/bin/chromedriver', '--port=59852']' timed out after 60 seconds
2025-04-09 07:31:53,943 - ERROR - Service process refused to terminate gracefully with SIGTERM, escalating to SIGKILL.
Traceback (most recent call last):
  File "/opt/anaconda3/envs/oa/lib/python3.10/site-packages/selenium/webdriver/chromium/webdriver.py", line 66, in __init__
    super().__init__(command_executor=executor, options=options)
  File "/opt/anaconda3/envs/oa/lib/python3.10/site-packages/selenium/webdriver/remote/webdriver.py", line 212, in __init__
    self.start_session(capabilities)
  File "/opt/anaconda3/envs/oa/lib/python3.10/site-packages/selenium/webdriver/remote/webdriver.py", line 299, in start_session
    response = self.execute(Command.NEW_SESSION, caps)["value"]
  File "/opt/anaconda3/envs/oa/lib/python3.10/site-packages/selenium/webdriver/remote/webdriver.py", line 354, in execute
    self.error_handler.check_response(response)
  File "/opt/anaconda3/envs/oa/lib/python3.10/site-packages/selenium/webdriver/remote/errorhandler.py", line 229, in check_response
    raise exception_class(message, screen, stacktrace)
selenium.common.exceptions.SessionNotCreatedException: Message: session not created: This version of ChromeDriver only supports Chrome version 133
Current browser version is 135.0.7049.42 with binary path /Applications/Google Chrome.app/Contents/MacOS/Google Chrome
Stacktrace:
0   chromedriver                        0x0000000100d58bc8 chromedriver + 5766088
1   chromedriver                        0x0000000100d507ea chromedriver + 5732330
2   chromedriver                        0x000000010083e680 chromedriver + 415360
3   chromedriver                        0x000000010087ec74 chromedriver + 679028
4   chromedriver                        0x000000010087dc64 chromedriver + 674916
5   chromedriver                        0x0000000100878925 chromedriver + 653605
6   chromedriver                        0x0000000100873b18 chromedriver + 633624
7   chromedriver                        0x00000001008c4802 chromedriver + 964610
8   chromedriver                        0x00000001008c3cf6 chromedriver + 961782
9   chromedriver                        0x00000001008b5e23 chromedriver + 904739
10  chromedriver                        0x0000000100881bea chromedriver + 691178
11  chromedriver                        0x0000000100882d41 chromedriver + 695617
12  chromedriver                        0x0000000100d1c100 chromedriver + 5517568
13  chromedriver                        0x0000000100d20040 chromedriver + 5533760
14  chromedriver                        0x0000000100cfdc87 chromedriver + 5393543
15  chromedriver                        0x0000000100d20acb chromedriver + 5536459
16  chromedriver                        0x0000000100cec544 chromedriver + 5322052
17  chromedriver                        0x0000000100d3e6e8 chromedriver + 5658344
18  chromedriver                        0x0000000100d3e8af chromedriver + 5658799
19  chromedriver                        0x0000000100d503c8 chromedriver + 5731272
20  libsystem_pthread.dylib             0x00007ff8159831d3 _pthread_start + 125
21  libsystem_pthread.dylib             0x00007ff81597ebd3 thread_start + 15


During handling of the above exception, another exception occurred:

Traceback (most recent call last):
  File "/opt/anaconda3/envs/oa/lib/python3.10/site-packages/selenium/webdriver/common/service.py", line 172, in _terminate_process
    self.process.wait(60)
  File "/opt/anaconda3/envs/oa/lib/python3.10/subprocess.py", line 1209, in wait
    return self._wait(timeout=timeout)
  File "/opt/anaconda3/envs/oa/lib/python3.10/subprocess.py", line 1951, in _wait
    raise TimeoutExpired(self.args, timeout)
subprocess.TimeoutExpired: Command '['/usr/local/bin/chromedriver', '--port=64576']' timed out after 60 seconds
2025-04-09 12:01:31,421 - ERROR - Service process refused to terminate gracefully with SIGTERM, escalating to SIGKILL.
Traceback (most recent call last):
  File "/opt/anaconda3/envs/oa/lib/python3.10/site-packages/selenium/webdriver/chromium/webdriver.py", line 66, in __init__
    super().__init__(command_executor=executor, options=options)
  File "/opt/anaconda3/envs/oa/lib/python3.10/site-packages/selenium/webdriver/remote/webdriver.py", line 212, in __init__
    self.start_session(capabilities)
  File "/opt/anaconda3/envs/oa/lib/python3.10/site-packages/selenium/webdriver/remote/webdriver.py", line 299, in start_session
    response = self.execute(Command.NEW_SESSION, caps)["value"]
  File "/opt/anaconda3/envs/oa/lib/python3.10/site-packages/selenium/webdriver/remote/webdriver.py", line 354, in execute
    self.error_handler.check_response(response)
  File "/opt/anaconda3/envs/oa/lib/python3.10/site-packages/selenium/webdriver/remote/errorhandler.py", line 229, in check_response
    raise exception_class(message, screen, stacktrace)
selenium.common.exceptions.SessionNotCreatedException: Message: session not created: This version of ChromeDriver only supports Chrome version 133
Current browser version is 135.0.7049.42 with binary path /Applications/Google Chrome.app/Contents/MacOS/Google Chrome
Stacktrace:
0   chromedriver                        0x00000001051eebc8 chromedriver + 5766088
1   chromedriver                        0x00000001051e67ea chromedriver + 5732330
2   chromedriver                        0x0000000104cd4680 chromedriver + 415360
3   chromedriver                        0x0000000104d14c74 chromedriver + 679028
4   chromedriver                        0x0000000104d13c64 chromedriver + 674916
5   chromedriver                        0x0000000104d0e925 chromedriver + 653605
6   chromedriver                        0x0000000104d09b18 chromedriver + 633624
7   chromedriver                        0x0000000104d5a802 chromedriver + 964610
8   chromedriver                        0x0000000104d59cf6 chromedriver + 961782
9   chromedriver                        0x0000000104d4be23 chromedriver + 904739
10  chromedriver                        0x0000000104d17bea chromedriver + 691178
11  chromedriver                        0x0000000104d18d41 chromedriver + 695617
12  chromedriver                        0x00000001051b2100 chromedriver + 5517568
13  chromedriver                        0x00000001051b6040 chromedriver + 5533760
14  chromedriver                        0x0000000105193c87 chromedriver + 5393543
15  chromedriver                        0x00000001051b6acb chromedriver + 5536459
16  chromedriver                        0x0000000105182544 chromedriver + 5322052
17  chromedriver                        0x00000001051d46e8 chromedriver + 5658344
18  chromedriver                        0x00000001051d48af chromedriver + 5658799
19  chromedriver                        0x00000001051e63c8 chromedriver + 5731272
20  libsystem_pthread.dylib             0x00007ff8159831d3 _pthread_start + 125
21  libsystem_pthread.dylib             0x00007ff81597ebd3 thread_start + 15


During handling of the above exception, another exception occurred:

Traceback (most recent call last):
  File "/opt/anaconda3/envs/oa/lib/python3.10/site-packages/selenium/webdriver/common/service.py", line 172, in _terminate_process
    self.process.wait(60)
  File "/opt/anaconda3/envs/oa/lib/python3.10/subprocess.py", line 1209, in wait
    return self._wait(timeout=timeout)
  File "/opt/anaconda3/envs/oa/lib/python3.10/subprocess.py", line 1951, in _wait
    raise TimeoutExpired(self.args, timeout)
subprocess.TimeoutExpired: Command '['/usr/local/bin/chromedriver', '--port=51586']' timed out after 60 seconds
2025-04-10 07:31:56,051 - ERROR - Service process refused to terminate gracefully with SIGTERM, escalating to SIGKILL.
Traceback (most recent call last):
  File "/opt/anaconda3/envs/oa/lib/python3.10/site-packages/selenium/webdriver/chromium/webdriver.py", line 66, in __init__
    super().__init__(command_executor=executor, options=options)
  File "/opt/anaconda3/envs/oa/lib/python3.10/site-packages/selenium/webdriver/remote/webdriver.py", line 212, in __init__
    self.start_session(capabilities)
  File "/opt/anaconda3/envs/oa/lib/python3.10/site-packages/selenium/webdriver/remote/webdriver.py", line 299, in start_session
    response = self.execute(Command.NEW_SESSION, caps)["value"]
  File "/opt/anaconda3/envs/oa/lib/python3.10/site-packages/selenium/webdriver/remote/webdriver.py", line 354, in execute
    self.error_handler.check_response(response)
  File "/opt/anaconda3/envs/oa/lib/python3.10/site-packages/selenium/webdriver/remote/errorhandler.py", line 229, in check_response
    raise exception_class(message, screen, stacktrace)
selenium.common.exceptions.SessionNotCreatedException: Message: session not created: This version of ChromeDriver only supports Chrome version 133
Current browser version is 135.0.7049.84 with binary path /Applications/Google Chrome.app/Contents/MacOS/Google Chrome
Stacktrace:
0   chromedriver                        0x0000000100f6ebc8 chromedriver + 5766088
1   chromedriver                        0x0000000100f667ea chromedriver + 5732330
2   chromedriver                        0x0000000100a54680 chromedriver + 415360
3   chromedriver                        0x0000000100a94c74 chromedriver + 679028
4   chromedriver                        0x0000000100a93c64 chromedriver + 674916
5   chromedriver                        0x0000000100a8e925 chromedriver + 653605
6   chromedriver                        0x0000000100a89b18 chromedriver + 633624
7   chromedriver                        0x0000000100ada802 chromedriver + 964610
8   chromedriver                        0x0000000100ad9cf6 chromedriver + 961782
9   chromedriver                        0x0000000100acbe23 chromedriver + 904739
10  chromedriver                        0x0000000100a97bea chromedriver + 691178
11  chromedriver                        0x0000000100a98d41 chromedriver + 695617
12  chromedriver                        0x0000000100f32100 chromedriver + 5517568
13  chromedriver                        0x0000000100f36040 chromedriver + 5533760
14  chromedriver                        0x0000000100f13c87 chromedriver + 5393543
15  chromedriver                        0x0000000100f36acb chromedriver + 5536459
16  chromedriver                        0x0000000100f02544 chromedriver + 5322052
17  chromedriver                        0x0000000100f546e8 chromedriver + 5658344
18  chromedriver                        0x0000000100f548af chromedriver + 5658799
19  chromedriver                        0x0000000100f663c8 chromedriver + 5731272
20  libsystem_pthread.dylib             0x00007ff8159831d3 _pthread_start + 125
21  libsystem_pthread.dylib             0x00007ff81597ebd3 thread_start + 15


During handling of the above exception, another exception occurred:

Traceback (most recent call last):
  File "/opt/anaconda3/envs/oa/lib/python3.10/site-packages/selenium/webdriver/common/service.py", line 172, in _terminate_process
    self.process.wait(60)
  File "/opt/anaconda3/envs/oa/lib/python3.10/subprocess.py", line 1209, in wait
    return self._wait(timeout=timeout)
  File "/opt/anaconda3/envs/oa/lib/python3.10/subprocess.py", line 1951, in _wait
    raise TimeoutExpired(self.args, timeout)
subprocess.TimeoutExpired: Command '['/usr/local/bin/chromedriver', '--port=54773']' timed out after 60 seconds
2025-04-10 12:01:58,375 - ERROR - Service process refused to terminate gracefully with SIGTERM, escalating to SIGKILL.
Traceback (most recent call last):
  File "/opt/anaconda3/envs/oa/lib/python3.10/site-packages/selenium/webdriver/chromium/webdriver.py", line 66, in __init__
    super().__init__(command_executor=executor, options=options)
  File "/opt/anaconda3/envs/oa/lib/python3.10/site-packages/selenium/webdriver/remote/webdriver.py", line 212, in __init__
    self.start_session(capabilities)
  File "/opt/anaconda3/envs/oa/lib/python3.10/site-packages/selenium/webdriver/remote/webdriver.py", line 299, in start_session
    response = self.execute(Command.NEW_SESSION, caps)["value"]
  File "/opt/anaconda3/envs/oa/lib/python3.10/site-packages/selenium/webdriver/remote/webdriver.py", line 354, in execute
    self.error_handler.check_response(response)
  File "/opt/anaconda3/envs/oa/lib/python3.10/site-packages/selenium/webdriver/remote/errorhandler.py", line 229, in check_response
    raise exception_class(message, screen, stacktrace)
selenium.common.exceptions.SessionNotCreatedException: Message: session not created: This version of ChromeDriver only supports Chrome version 133
Current browser version is 135.0.7049.84 with binary path /Applications/Google Chrome.app/Contents/MacOS/Google Chrome
Stacktrace:
0   chromedriver                        0x0000000104914bc8 chromedriver + 5766088
1   chromedriver                        0x000000010490c7ea chromedriver + 5732330
2   chromedriver                        0x00000001043fa680 chromedriver + 415360
3   chromedriver                        0x000000010443ac74 chromedriver + 679028
4   chromedriver                        0x0000000104439c64 chromedriver + 674916
5   chromedriver                        0x0000000104434925 chromedriver + 653605
6   chromedriver                        0x000000010442fb18 chromedriver + 633624
7   chromedriver                        0x0000000104480802 chromedriver + 964610
8   chromedriver                        0x000000010447fcf6 chromedriver + 961782
9   chromedriver                        0x0000000104471e23 chromedriver + 904739
10  chromedriver                        0x000000010443dbea chromedriver + 691178
11  chromedriver                        0x000000010443ed41 chromedriver + 695617
12  chromedriver                        0x00000001048d8100 chromedriver + 5517568
13  chromedriver                        0x00000001048dc040 chromedriver + 5533760
14  chromedriver                        0x00000001048b9c87 chromedriver + 5393543
15  chromedriver                        0x00000001048dcacb chromedriver + 5536459
16  chromedriver                        0x00000001048a8544 chromedriver + 5322052
17  chromedriver                        0x00000001048fa6e8 chromedriver + 5658344
18  chromedriver                        0x00000001048fa8af chromedriver + 5658799
19  chromedriver                        0x000000010490c3c8 chromedriver + 5731272
20  libsystem_pthread.dylib             0x00007ff8159831d3 _pthread_start + 125
21  libsystem_pthread.dylib             0x00007ff81597ebd3 thread_start + 15


During handling of the above exception, another exception occurred:

Traceback (most recent call last):
  File "/opt/anaconda3/envs/oa/lib/python3.10/site-packages/selenium/webdriver/common/service.py", line 172, in _terminate_process
    self.process.wait(60)
  File "/opt/anaconda3/envs/oa/lib/python3.10/subprocess.py", line 1209, in wait
    return self._wait(timeout=timeout)
  File "/opt/anaconda3/envs/oa/lib/python3.10/subprocess.py", line 1951, in _wait
    raise TimeoutExpired(self.args, timeout)
subprocess.TimeoutExpired: Command '['/usr/local/bin/chromedriver', '--port=54780']' timed out after 60 seconds
2025-04-10 14:23:51,987 - INFO - 打开网址: https://myoa.omenow.com/Schedule/MySchedule/
2025-04-10 14:23:55,631 - INFO - 输入用户名和密码
2025-04-10 14:23:55,738 - INFO - 点击登录按钮
2025-04-10 14:24:02,123 - INFO - 关闭浏览器
2025-04-11 07:30:18,791 - INFO - 打开网址: https://myoa.omenow.com/Schedule/MySchedule/
2025-04-11 07:30:19,940 - INFO - 输入用户名和密码
2025-04-11 07:30:20,048 - INFO - 点击登录按钮
2025-04-11 07:30:45,365 - INFO - 未找到弹窗或弹窗已经关闭
2025-04-11 07:30:45,367 - INFO - ---------------------------------------------------
2025-04-11 07:30:45,368 - INFO - 今天是工作日，执行签出签入流程。
2025-04-11 07:30:45,368 - INFO - 今天是星期4
2025-04-11 07:30:45,368 - INFO - 检查签出按钮状态
2025-04-11 07:30:45,437 - INFO - 签出 按钮已点击。
2025-04-11 07:30:50,509 - INFO - 签出 弹窗关闭按钮已点击。
2025-04-11 07:31:15,522 - INFO - 检查签入按钮状态
2025-04-11 07:31:15,545 - INFO - 检查签出按钮状态以决定是否点击签入按钮
2025-04-11 07:31:15,611 - INFO - 签入 按钮已点击。
2025-04-11 07:31:20,684 - INFO - 签入 弹窗关闭按钮已点击。
2025-04-11 07:31:30,684 - INFO - 关闭浏览器
2025-04-11 12:00:19,208 - INFO - 打开网址: https://myoa.omenow.com/Schedule/MySchedule/
2025-04-11 12:00:20,546 - INFO - 输入用户名和密码
2025-04-11 12:00:20,658 - INFO - 点击登录按钮
2025-04-11 12:00:46,165 - INFO - 未找到弹窗或弹窗已经关闭
2025-04-11 12:00:46,168 - INFO - ---------------------------------------------------
2025-04-11 12:00:46,168 - INFO - 今天是工作日，执行签出签入流程。
2025-04-11 12:00:46,168 - INFO - 今天是星期4
2025-04-11 12:00:46,168 - INFO - 检查签出按钮状态
2025-04-11 12:00:46,243 - INFO - 签出 按钮已点击。
2025-04-11 12:00:51,301 - INFO - 签出 弹窗关闭按钮已点击。
2025-04-11 12:01:16,317 - INFO - 检查签入按钮状态
2025-04-11 12:01:16,355 - INFO - 检查签出按钮状态以决定是否点击签入按钮
2025-04-11 12:01:16,403 - INFO - 签入 按钮已点击。
2025-04-11 12:01:21,486 - INFO - 签入 弹窗关闭按钮已点击。
2025-04-11 12:01:31,486 - INFO - 关闭浏览器
2025-04-12 13:31:05,526 - INFO - Current time: 2025-04-12 13:31:05
2025-04-12 13:31:06,324 - INFO - 打开网址: https://myoa.omenow.com/Schedule/MySchedule/
2025-04-12 13:31:07,710 - INFO - 输入用户名和密码
2025-04-12 13:31:07,787 - INFO - 点击登录按钮
2025-04-12 13:31:27,833 - INFO - ---------------------------------------------------
2025-04-12 13:31:27,834 - INFO - 周六移动办公签出
2025-04-12 13:31:27,948 - INFO - 周六移动办公签出 按钮已点击。
2025-04-12 13:31:33,085 - INFO - 周六移动办公签出 弹窗关闭按钮已点击。
2025-04-12 13:31:38,088 - INFO - 关闭浏览器
2025-04-14 12:00:18,175 - INFO - 打开网址: https://myoa.omenow.com/Schedule/MySchedule/
2025-04-14 12:00:23,483 - INFO - 输入用户名和密码
2025-04-14 12:00:23,599 - INFO - 点击登录按钮
2025-04-14 12:00:48,822 - INFO - 未找到弹窗或弹窗已经关闭
2025-04-14 12:00:48,823 - INFO - ---------------------------------------------------
2025-04-14 12:00:48,823 - INFO - 今天是工作日，执行签出签入流程。
2025-04-14 12:00:48,823 - INFO - 今天是星期0
2025-04-14 12:00:48,823 - INFO - 检查签出按钮状态
2025-04-14 12:00:48,911 - INFO - 签出 按钮已点击。
2025-04-14 12:00:53,996 - INFO - 签出 弹窗关闭按钮已点击。
2025-04-14 12:01:19,015 - INFO - 检查签入按钮状态
2025-04-14 12:01:19,050 - INFO - 检查签出按钮状态以决定是否点击签入按钮
2025-04-14 12:01:19,118 - INFO - 签入 按钮已点击。
2025-04-14 12:01:24,196 - INFO - 签入 弹窗关闭按钮已点击。
2025-04-14 12:01:34,198 - INFO - 关闭浏览器
2025-04-14 12:02:51,417 - ERROR - Service process refused to terminate gracefully with SIGTERM, escalating to SIGKILL.
Traceback (most recent call last):
  File "/opt/anaconda3/envs/oa/lib/python3.10/site-packages/selenium/webdriver/common/service.py", line 172, in _terminate_process
    self.process.wait(60)
  File "/opt/anaconda3/envs/oa/lib/python3.10/subprocess.py", line 1209, in wait
    return self._wait(timeout=timeout)
  File "/opt/anaconda3/envs/oa/lib/python3.10/subprocess.py", line 1951, in _wait
    raise TimeoutExpired(self.args, timeout)
subprocess.TimeoutExpired: Command '['/usr/local/bin/chromedriver', '--port=55506']' timed out after 60 seconds
2025-04-15 07:30:18,220 - INFO - 打开网址: https://myoa.omenow.com/Schedule/MySchedule/
2025-04-15 07:30:18,603 - INFO - 输入用户名和密码
2025-04-15 07:30:18,682 - INFO - 点击登录按钮
2025-04-15 07:30:44,089 - INFO - 未找到弹窗或弹窗已经关闭
2025-04-15 07:30:44,090 - INFO - ---------------------------------------------------
2025-04-15 07:30:44,091 - INFO - 今天是工作日，执行签出签入流程。
2025-04-15 07:30:44,091 - INFO - 今天是星期1
2025-04-15 07:30:44,091 - INFO - 检查签出按钮状态
2025-04-15 07:30:44,209 - INFO - 签出 按钮已点击。
2025-04-15 07:30:49,328 - INFO - 签出 弹窗关闭按钮已点击。
2025-04-15 07:31:14,349 - INFO - 检查签入按钮状态
2025-04-15 07:31:14,387 - INFO - 检查签出按钮状态以决定是否点击签入按钮
2025-04-15 07:31:14,464 - INFO - 签入 按钮已点击。
2025-04-15 07:31:19,539 - INFO - 签入 弹窗关闭按钮已点击。
2025-04-15 07:31:29,550 - INFO - 关闭浏览器
2025-04-15 12:00:19,371 - INFO - 打开网址: https://myoa.omenow.com/Schedule/MySchedule/
2025-04-15 12:00:20,531 - INFO - 输入用户名和密码
2025-04-15 12:00:20,644 - INFO - 点击登录按钮
2025-04-15 12:00:45,992 - INFO - 未找到弹窗或弹窗已经关闭
2025-04-15 12:00:45,992 - INFO - ---------------------------------------------------
2025-04-15 12:00:45,992 - INFO - 今天是工作日，执行签出签入流程。
2025-04-15 12:00:45,992 - INFO - 今天是星期1
2025-04-15 12:00:45,992 - INFO - 检查签出按钮状态
2025-04-15 12:00:46,076 - INFO - 签出 按钮已点击。
2025-04-15 12:00:51,162 - INFO - 签出 弹窗关闭按钮已点击。
2025-04-15 12:01:16,184 - INFO - 检查签入按钮状态
2025-04-15 12:01:16,217 - INFO - 检查签出按钮状态以决定是否点击签入按钮
2025-04-15 12:01:16,284 - INFO - 签入 按钮已点击。
2025-04-15 12:01:21,361 - INFO - 签入 弹窗关闭按钮已点击。
2025-04-15 12:01:31,372 - INFO - 关闭浏览器
2025-04-16 07:30:18,517 - INFO - 打开网址: https://myoa.omenow.com/Schedule/MySchedule/
2025-04-16 07:30:21,822 - INFO - 输入用户名和密码
2025-04-16 07:30:21,898 - INFO - 点击登录按钮
2025-04-16 07:30:47,181 - INFO - 未找到弹窗或弹窗已经关闭
2025-04-16 07:30:47,182 - INFO - ---------------------------------------------------
2025-04-16 07:30:47,183 - INFO - 今天是工作日，执行签出签入流程。
2025-04-16 07:30:47,183 - INFO - 今天是星期2
2025-04-16 07:30:47,183 - INFO - 检查签出按钮状态
2025-04-16 07:30:47,298 - INFO - 签出 按钮已点击。
2025-04-16 07:30:52,413 - INFO - 签出 弹窗关闭按钮已点击。
2025-04-16 07:31:17,427 - INFO - 检查签入按钮状态
2025-04-16 07:31:17,461 - INFO - 检查签出按钮状态以决定是否点击签入按钮
2025-04-16 07:31:17,540 - INFO - 签入 按钮已点击。
2025-04-16 07:31:22,627 - INFO - 签入 弹窗关闭按钮已点击。
2025-04-16 07:31:32,637 - INFO - 关闭浏览器
2025-04-16 07:32:47,499 - ERROR - Service process refused to terminate gracefully with SIGTERM, escalating to SIGKILL.
Traceback (most recent call last):
  File "/opt/anaconda3/envs/oa/lib/python3.10/site-packages/selenium/webdriver/common/service.py", line 172, in _terminate_process
    self.process.wait(60)
  File "/opt/anaconda3/envs/oa/lib/python3.10/subprocess.py", line 1209, in wait
    return self._wait(timeout=timeout)
  File "/opt/anaconda3/envs/oa/lib/python3.10/subprocess.py", line 1951, in _wait
    raise TimeoutExpired(self.args, timeout)
subprocess.TimeoutExpired: Command '['/usr/local/bin/chromedriver', '--port=49702']' timed out after 60 seconds
2025-04-16 12:00:18,849 - INFO - 打开网址: https://myoa.omenow.com/Schedule/MySchedule/
2025-04-16 12:00:25,025 - INFO - 输入用户名和密码
2025-04-16 12:00:25,129 - INFO - 点击登录按钮
2025-04-16 12:00:50,374 - INFO - 未找到弹窗或弹窗已经关闭
2025-04-16 12:00:50,375 - INFO - ---------------------------------------------------
2025-04-16 12:00:50,375 - INFO - 今天是工作日，执行签出签入流程。
2025-04-16 12:00:50,375 - INFO - 今天是星期2
2025-04-16 12:00:50,375 - INFO - 检查签出按钮状态
2025-04-16 12:00:50,460 - INFO - 签出 按钮已点击。
2025-04-16 12:00:55,545 - INFO - 签出 弹窗关闭按钮已点击。
2025-04-16 12:01:20,564 - INFO - 检查签入按钮状态
2025-04-16 12:01:20,602 - INFO - 检查签出按钮状态以决定是否点击签入按钮
2025-04-16 12:01:20,670 - INFO - 签入 按钮已点击。
2025-04-16 12:01:25,754 - INFO - 签入 弹窗关闭按钮已点击。
2025-04-16 12:01:35,761 - INFO - 关闭浏览器
2025-04-16 12:02:51,995 - ERROR - Service process refused to terminate gracefully with SIGTERM, escalating to SIGKILL.
Traceback (most recent call last):
  File "/opt/anaconda3/envs/oa/lib/python3.10/site-packages/selenium/webdriver/common/service.py", line 172, in _terminate_process
    self.process.wait(60)
  File "/opt/anaconda3/envs/oa/lib/python3.10/subprocess.py", line 1209, in wait
    return self._wait(timeout=timeout)
  File "/opt/anaconda3/envs/oa/lib/python3.10/subprocess.py", line 1951, in _wait
    raise TimeoutExpired(self.args, timeout)
subprocess.TimeoutExpired: Command '['/usr/local/bin/chromedriver', '--port=50510']' timed out after 60 seconds
2025-04-17 07:30:20,255 - INFO - 打开网址: https://myoa.omenow.com/Schedule/MySchedule/
2025-04-17 07:30:23,496 - INFO - 输入用户名和密码
2025-04-17 07:30:23,589 - INFO - 点击登录按钮
2025-04-17 07:30:48,879 - INFO - 未找到弹窗或弹窗已经关闭
2025-04-17 07:30:48,882 - INFO - ---------------------------------------------------
2025-04-17 07:30:48,883 - INFO - 今天是工作日，执行签出签入流程。
2025-04-17 07:30:48,883 - INFO - 今天是星期3
2025-04-17 07:30:48,883 - INFO - 检查签出按钮状态
2025-04-17 07:30:48,997 - INFO - 签出 按钮已点击。
2025-04-17 07:30:54,107 - INFO - 签出 弹窗关闭按钮已点击。
2025-04-17 07:31:19,124 - INFO - 检查签入按钮状态
2025-04-17 07:31:19,160 - INFO - 检查签出按钮状态以决定是否点击签入按钮
2025-04-17 07:31:19,239 - INFO - 签入 按钮已点击。
2025-04-17 07:31:24,323 - INFO - 签入 弹窗关闭按钮已点击。
2025-04-17 07:31:34,334 - INFO - 关闭浏览器
2025-04-17 07:32:49,479 - ERROR - Service process refused to terminate gracefully with SIGTERM, escalating to SIGKILL.
Traceback (most recent call last):
  File "/opt/anaconda3/envs/oa/lib/python3.10/site-packages/selenium/webdriver/common/service.py", line 172, in _terminate_process
    self.process.wait(60)
  File "/opt/anaconda3/envs/oa/lib/python3.10/subprocess.py", line 1209, in wait
    return self._wait(timeout=timeout)
  File "/opt/anaconda3/envs/oa/lib/python3.10/subprocess.py", line 1951, in _wait
    raise TimeoutExpired(self.args, timeout)
subprocess.TimeoutExpired: Command '['/usr/local/bin/chromedriver', '--port=64349']' timed out after 60 seconds
2025-04-17 12:00:19,155 - INFO - 打开网址: https://myoa.omenow.com/Schedule/MySchedule/
2025-04-17 12:00:23,229 - INFO - 输入用户名和密码
2025-04-17 12:00:23,341 - INFO - 点击登录按钮
2025-04-17 12:00:53,208 - INFO - 未找到弹窗或弹窗已经关闭
2025-04-17 12:00:53,209 - INFO - ---------------------------------------------------
2025-04-17 12:00:53,212 - INFO - 今天是工作日，执行签出签入流程。
2025-04-17 12:00:53,212 - INFO - 今天是星期3
2025-04-17 12:00:53,212 - INFO - 检查签出按钮状态
2025-04-17 12:00:53,281 - INFO - 签出 按钮已点击。
2025-04-17 12:00:58,368 - INFO - 签出 弹窗关闭按钮已点击。
2025-04-17 12:01:23,368 - INFO - 检查签入按钮状态
2025-04-17 12:01:23,388 - INFO - 检查签出按钮状态以决定是否点击签入按钮
2025-04-17 12:01:23,451 - INFO - 签入 按钮已点击。
2025-04-17 12:01:28,525 - INFO - 签入 弹窗关闭按钮已点击。
2025-04-17 12:01:38,531 - INFO - 关闭浏览器
2025-04-17 12:02:55,431 - ERROR - Service process refused to terminate gracefully with SIGTERM, escalating to SIGKILL.
Traceback (most recent call last):
  File "/opt/anaconda3/envs/oa/lib/python3.10/site-packages/selenium/webdriver/common/service.py", line 172, in _terminate_process
    self.process.wait(60)
  File "/opt/anaconda3/envs/oa/lib/python3.10/subprocess.py", line 1209, in wait
    return self._wait(timeout=timeout)
  File "/opt/anaconda3/envs/oa/lib/python3.10/subprocess.py", line 1951, in _wait
    raise TimeoutExpired(self.args, timeout)
subprocess.TimeoutExpired: Command '['/usr/local/bin/chromedriver', '--port=52244']' timed out after 60 seconds
2025-04-18 07:30:26,140 - INFO - 打开网址: https://myoa.omenow.com/Schedule/MySchedule/
2025-04-18 07:30:27,529 - INFO - 输入用户名和密码
2025-04-18 07:30:27,632 - INFO - 点击登录按钮
2025-04-18 07:30:52,914 - INFO - 未找到弹窗或弹窗已经关闭
2025-04-18 07:30:52,915 - INFO - ---------------------------------------------------
2025-04-18 07:30:52,915 - INFO - 今天是工作日，执行签出签入流程。
2025-04-18 07:30:52,915 - INFO - 今天是星期4
2025-04-18 07:30:52,915 - INFO - 检查签出按钮状态
2025-04-18 07:30:53,034 - INFO - 签出 按钮已点击。
2025-04-18 07:30:58,143 - INFO - 签出 弹窗关闭按钮已点击。
2025-04-18 07:31:23,161 - INFO - 检查签入按钮状态
2025-04-18 07:31:23,200 - INFO - 检查签出按钮状态以决定是否点击签入按钮
2025-04-18 07:31:23,278 - INFO - 签入 按钮已点击。
2025-04-18 07:31:28,363 - INFO - 签入 弹窗关闭按钮已点击。
2025-04-18 07:31:38,374 - INFO - 关闭浏览器
2025-04-18 12:00:23,742 - INFO - 打开网址: https://myoa.omenow.com/Schedule/MySchedule/
2025-04-18 12:00:27,825 - INFO - 输入用户名和密码
2025-04-18 12:00:27,946 - INFO - 点击登录按钮
2025-04-18 12:00:53,298 - INFO - 未找到弹窗或弹窗已经关闭
2025-04-18 12:00:53,305 - INFO - ---------------------------------------------------
2025-04-18 12:00:53,305 - INFO - 今天是工作日，执行签出签入流程。
2025-04-18 12:00:53,305 - INFO - 今天是星期4
2025-04-18 12:00:53,305 - INFO - 检查签出按钮状态
2025-04-18 12:00:53,386 - INFO - 签出 按钮已点击。
2025-04-18 12:00:58,471 - INFO - 签出 弹窗关闭按钮已点击。
2025-04-18 12:01:23,490 - INFO - 检查签入按钮状态
2025-04-18 12:01:23,518 - INFO - 检查签出按钮状态以决定是否点击签入按钮
2025-04-18 12:01:23,584 - INFO - 签入 按钮已点击。
2025-04-18 12:01:28,666 - INFO - 签入 弹窗关闭按钮已点击。
2025-04-18 12:01:38,674 - INFO - 关闭浏览器
2025-04-18 12:02:52,495 - ERROR - Service process refused to terminate gracefully with SIGTERM, escalating to SIGKILL.
Traceback (most recent call last):
  File "/opt/anaconda3/envs/oa/lib/python3.10/site-packages/selenium/webdriver/common/service.py", line 172, in _terminate_process
    self.process.wait(60)
  File "/opt/anaconda3/envs/oa/lib/python3.10/subprocess.py", line 1209, in wait
    return self._wait(timeout=timeout)
  File "/opt/anaconda3/envs/oa/lib/python3.10/subprocess.py", line 1951, in _wait
    raise TimeoutExpired(self.args, timeout)
subprocess.TimeoutExpired: Command '['/usr/local/bin/chromedriver', '--port=54223']' timed out after 60 seconds
2025-04-19 13:31:05,361 - INFO - Current time: 2025-04-19 13:31:05
2025-04-19 13:31:07,166 - INFO - 打开网址: https://myoa.omenow.com/Schedule/MySchedule/
2025-04-19 13:31:08,592 - INFO - 输入用户名和密码
2025-04-19 13:31:08,685 - INFO - 点击登录按钮
2025-04-19 13:31:28,733 - INFO - ---------------------------------------------------
2025-04-19 13:31:28,734 - INFO - 周六移动办公签出
2025-04-19 13:31:28,847 - INFO - 周六移动办公签出 按钮已点击。
2025-04-19 13:31:33,986 - INFO - 周六移动办公签出 弹窗关闭按钮已点击。
2025-04-19 13:31:38,993 - INFO - 关闭浏览器
2025-04-21 07:30:19,806 - INFO - 打开网址: https://myoa.omenow.com/Schedule/MySchedule/
2025-04-21 07:30:20,145 - INFO - 输入用户名和密码
2025-04-21 07:30:20,248 - INFO - 点击登录按钮
2025-04-21 07:30:45,554 - INFO - 未找到弹窗或弹窗已经关闭
2025-04-21 07:30:45,556 - INFO - ---------------------------------------------------
2025-04-21 07:30:45,557 - INFO - 今天是工作日，执行签出签入流程。
2025-04-21 07:30:45,557 - INFO - 今天是星期0
2025-04-21 07:30:45,557 - INFO - 检查签出按钮状态
2025-04-21 07:30:45,678 - INFO - 签出 按钮已点击。
2025-04-21 07:30:50,788 - INFO - 签出 弹窗关闭按钮已点击。
2025-04-21 07:31:15,807 - INFO - 检查签入按钮状态
2025-04-21 07:31:15,842 - INFO - 检查签出按钮状态以决定是否点击签入按钮
2025-04-21 07:31:15,928 - INFO - 签入 按钮已点击。
2025-04-21 07:31:21,067 - INFO - 签入 弹窗关闭按钮已点击。
2025-04-21 07:31:31,077 - INFO - 关闭浏览器
2025-04-21 12:00:20,870 - INFO - 打开网址: https://myoa.omenow.com/Schedule/MySchedule/
2025-04-21 12:00:26,521 - INFO - 输入用户名和密码
2025-04-21 12:00:26,654 - INFO - 点击登录按钮
2025-04-21 12:00:51,890 - INFO - 未找到弹窗或弹窗已经关闭
2025-04-21 12:00:51,892 - INFO - ---------------------------------------------------
2025-04-21 12:00:51,892 - INFO - 今天是工作日，执行签出签入流程。
2025-04-21 12:00:51,892 - INFO - 今天是星期0
2025-04-21 12:00:51,892 - INFO - 检查签出按钮状态
2025-04-21 12:00:51,965 - INFO - 签出 按钮已点击。
2025-04-21 12:00:57,058 - INFO - 签出 弹窗关闭按钮已点击。
2025-04-21 12:01:22,394 - INFO - 检查签入按钮状态
2025-04-21 12:01:22,416 - INFO - 检查签出按钮状态以决定是否点击签入按钮
2025-04-21 12:01:22,486 - INFO - 签入 按钮已点击。
2025-04-21 12:01:27,561 - INFO - 签入 弹窗关闭按钮已点击。
2025-04-21 12:01:37,571 - INFO - 关闭浏览器
2025-04-21 12:03:17,873 - ERROR - Service process refused to terminate gracefully with SIGTERM, escalating to SIGKILL.
Traceback (most recent call last):
  File "/opt/anaconda3/envs/oa/lib/python3.10/site-packages/selenium/webdriver/common/service.py", line 172, in _terminate_process
    self.process.wait(60)
  File "/opt/anaconda3/envs/oa/lib/python3.10/subprocess.py", line 1209, in wait
    return self._wait(timeout=timeout)
  File "/opt/anaconda3/envs/oa/lib/python3.10/subprocess.py", line 1951, in _wait
    raise TimeoutExpired(self.args, timeout)
subprocess.TimeoutExpired: Command '['/usr/local/bin/chromedriver', '--port=57993']' timed out after 60 seconds
2025-04-22 07:30:19,774 - INFO - 打开网址: https://myoa.omenow.com/Schedule/MySchedule/
2025-04-22 07:30:22,986 - INFO - 输入用户名和密码
2025-04-22 07:30:23,110 - INFO - 点击登录按钮
2025-04-22 07:30:48,597 - INFO - 未找到弹窗或弹窗已经关闭
2025-04-22 07:30:48,598 - INFO - ---------------------------------------------------
2025-04-22 07:30:48,598 - INFO - 今天是工作日，执行签出签入流程。
2025-04-22 07:30:48,598 - INFO - 今天是星期1
2025-04-22 07:30:48,598 - INFO - 检查签出按钮状态
2025-04-22 07:30:48,675 - INFO - 签出 按钮已点击。
2025-04-22 07:30:53,759 - INFO - 签出 弹窗关闭按钮已点击。
2025-04-22 07:31:18,770 - INFO - 检查签入按钮状态
2025-04-22 07:31:18,803 - INFO - 检查签出按钮状态以决定是否点击签入按钮
2025-04-22 07:31:18,869 - INFO - 签入 按钮已点击。
2025-04-22 07:31:23,951 - INFO - 签入 弹窗关闭按钮已点击。
2025-04-22 07:31:33,957 - INFO - 关闭浏览器
2025-04-22 12:00:20,210 - INFO - 打开网址: https://myoa.omenow.com/Schedule/MySchedule/
2025-04-22 12:00:21,935 - INFO - 输入用户名和密码
2025-04-22 12:00:22,052 - INFO - 点击登录按钮
2025-04-22 12:00:47,304 - INFO - 未找到弹窗或弹窗已经关闭
2025-04-22 12:00:47,306 - INFO - ---------------------------------------------------
2025-04-22 12:00:47,306 - INFO - 今天是工作日，执行签出签入流程。
2025-04-22 12:00:47,306 - INFO - 今天是星期1
2025-04-22 12:00:47,306 - INFO - 检查签出按钮状态
2025-04-22 12:00:47,385 - INFO - 签出 按钮已点击。
2025-04-22 12:00:52,472 - INFO - 签出 弹窗关闭按钮已点击。
2025-04-22 12:01:17,488 - INFO - 检查签入按钮状态
2025-04-22 12:01:17,522 - INFO - 检查签出按钮状态以决定是否点击签入按钮
2025-04-22 12:01:17,591 - INFO - 签入 按钮已点击。
2025-04-22 12:01:22,657 - INFO - 签入 弹窗关闭按钮已点击。
2025-04-22 12:01:32,668 - INFO - 关闭浏览器
2025-04-23 07:30:23,412 - INFO - 打开网址: https://myoa.omenow.com/Schedule/MySchedule/
2025-04-23 07:30:25,665 - INFO - 输入用户名和密码
2025-04-23 07:30:25,776 - INFO - 点击登录按钮
2025-04-23 07:30:51,437 - INFO - 未找到弹窗或弹窗已经关闭
2025-04-23 07:30:51,440 - INFO - ---------------------------------------------------
2025-04-23 07:30:51,440 - INFO - 今天是工作日，执行签出签入流程。
2025-04-23 07:30:51,440 - INFO - 今天是星期2
2025-04-23 07:30:51,440 - INFO - 检查签出按钮状态
2025-04-23 07:30:51,525 - INFO - 签出 按钮已点击。
2025-04-23 07:30:56,610 - INFO - 签出 弹窗关闭按钮已点击。
2025-04-23 07:31:21,625 - INFO - 检查签入按钮状态
2025-04-23 07:31:21,658 - INFO - 检查签出按钮状态以决定是否点击签入按钮
2025-04-23 07:31:21,726 - INFO - 签入 按钮已点击。
2025-04-23 07:31:26,789 - INFO - 签入 弹窗关闭按钮已点击。
2025-04-23 07:31:36,799 - INFO - 关闭浏览器
2025-04-23 12:00:25,038 - INFO - 打开网址: https://myoa.omenow.com/Schedule/MySchedule/
2025-04-23 12:00:26,773 - INFO - 输入用户名和密码
2025-04-23 12:00:26,892 - INFO - 点击登录按钮
2025-04-23 12:00:52,354 - INFO - 未找到弹窗或弹窗已经关闭
2025-04-23 12:00:52,359 - INFO - ---------------------------------------------------
2025-04-23 12:00:52,359 - INFO - 今天是工作日，执行签出签入流程。
2025-04-23 12:00:52,359 - INFO - 今天是星期2
2025-04-23 12:00:52,359 - INFO - 检查签出按钮状态
2025-04-23 12:00:52,433 - INFO - 签出 按钮已点击。
2025-04-23 12:00:57,515 - INFO - 签出 弹窗关闭按钮已点击。
2025-04-23 12:01:22,521 - INFO - 检查签入按钮状态
2025-04-23 12:01:22,553 - INFO - 检查签出按钮状态以决定是否点击签入按钮
2025-04-23 12:01:22,625 - INFO - 签入 按钮已点击。
2025-04-23 12:01:27,698 - INFO - 签入 弹窗关闭按钮已点击。
2025-04-23 12:01:37,703 - INFO - 关闭浏览器
2025-04-24 07:30:23,876 - INFO - 打开网址: https://myoa.omenow.com/Schedule/MySchedule/
2025-04-24 07:30:29,497 - INFO - 输入用户名和密码
2025-04-24 07:30:29,577 - INFO - 点击登录按钮
2025-04-24 07:30:54,867 - INFO - 未找到弹窗或弹窗已经关闭
2025-04-24 07:30:54,870 - INFO - ---------------------------------------------------
2025-04-24 07:30:54,870 - INFO - 今天是工作日，执行签出签入流程。
2025-04-24 07:30:54,870 - INFO - 今天是星期3
2025-04-24 07:30:54,870 - INFO - 检查签出按钮状态
2025-04-24 07:30:54,986 - INFO - 签出 按钮已点击。
2025-04-24 07:31:00,155 - INFO - 签出 弹窗关闭按钮已点击。
2025-04-24 07:31:25,169 - INFO - 检查签入按钮状态
2025-04-24 07:31:25,205 - INFO - 检查签出按钮状态以决定是否点击签入按钮
2025-04-24 07:31:25,284 - INFO - 签入 按钮已点击。
2025-04-24 07:31:30,369 - INFO - 签入 弹窗关闭按钮已点击。
2025-04-24 07:31:40,379 - INFO - 关闭浏览器
2025-04-24 12:00:24,035 - INFO - 打开网址: https://myoa.omenow.com/Schedule/MySchedule/
2025-04-24 12:00:34,772 - INFO - 输入用户名和密码
2025-04-24 12:00:34,884 - INFO - 点击登录按钮
2025-04-24 12:01:00,152 - INFO - 未找到弹窗或弹窗已经关闭
2025-04-24 12:01:00,154 - INFO - ---------------------------------------------------
2025-04-24 12:01:00,155 - INFO - 今天是工作日，执行签出签入流程。
2025-04-24 12:01:00,155 - INFO - 今天是星期3
2025-04-24 12:01:00,155 - INFO - 检查签出按钮状态
2025-04-24 12:01:00,233 - INFO - 签出 按钮已点击。
2025-04-24 12:01:05,321 - INFO - 签出 弹窗关闭按钮已点击。
2025-04-24 12:01:30,333 - INFO - 检查签入按钮状态
2025-04-24 12:01:30,362 - INFO - 检查签出按钮状态以决定是否点击签入按钮
2025-04-24 12:01:30,431 - INFO - 签入 按钮已点击。
2025-04-24 12:01:35,508 - INFO - 签入 弹窗关闭按钮已点击。
2025-04-24 12:01:45,519 - INFO - 关闭浏览器
2025-04-24 12:02:59,860 - ERROR - Service process refused to terminate gracefully with SIGTERM, escalating to SIGKILL.
Traceback (most recent call last):
  File "/opt/anaconda3/envs/oa/lib/python3.10/site-packages/selenium/webdriver/common/service.py", line 172, in _terminate_process
    self.process.wait(60)
  File "/opt/anaconda3/envs/oa/lib/python3.10/subprocess.py", line 1209, in wait
    return self._wait(timeout=timeout)
  File "/opt/anaconda3/envs/oa/lib/python3.10/subprocess.py", line 1951, in _wait
    raise TimeoutExpired(self.args, timeout)
subprocess.TimeoutExpired: Command '['/usr/local/bin/chromedriver', '--port=52351']' timed out after 60 seconds
2025-04-25 07:30:23,415 - INFO - 打开网址: https://myoa.omenow.com/Schedule/MySchedule/
2025-04-25 07:30:25,791 - INFO - 输入用户名和密码
2025-04-25 07:30:25,901 - INFO - 点击登录按钮
2025-04-25 07:30:51,136 - INFO - 未找到弹窗或弹窗已经关闭
2025-04-25 07:30:51,138 - INFO - ---------------------------------------------------
2025-04-25 07:30:51,138 - INFO - 今天是工作日，执行签出签入流程。
2025-04-25 07:30:51,138 - INFO - 今天是星期4
2025-04-25 07:30:51,138 - INFO - 检查签出按钮状态
2025-04-25 07:30:51,223 - INFO - 签出 按钮已点击。
2025-04-25 07:30:56,309 - INFO - 签出 弹窗关闭按钮已点击。
2025-04-25 07:31:21,315 - INFO - 检查签入按钮状态
2025-04-25 07:31:21,343 - INFO - 检查签出按钮状态以决定是否点击签入按钮
2025-04-25 07:31:21,412 - INFO - 签入 按钮已点击。
2025-04-25 07:31:26,484 - INFO - 签入 弹窗关闭按钮已点击。
2025-04-25 07:31:36,492 - INFO - 关闭浏览器
2025-04-26 13:31:06,801 - INFO - Current time: 2025-04-26 13:31:06
2025-04-26 13:31:11,681 - INFO - 打开网址: https://myoa.omenow.com/Schedule/MySchedule/
2025-04-26 13:31:13,359 - INFO - 输入用户名和密码
2025-04-26 13:31:13,433 - INFO - 点击登录按钮
2025-04-26 13:31:33,479 - INFO - ---------------------------------------------------
2025-04-26 13:31:33,480 - INFO - 周六移动办公签出
2025-04-26 13:31:33,595 - INFO - 周六移动办公签出 按钮已点击。
2025-04-26 13:31:38,677 - INFO - 周六移动办公签出 弹窗关闭按钮已点击。
2025-04-26 13:31:43,687 - INFO - 关闭浏览器
2025-05-01 07:30:17,534 - INFO - 打开网址: https://myoa.omenow.com/Schedule/MySchedule/
2025-05-01 07:30:17,882 - INFO - 输入用户名和密码
2025-05-01 07:30:17,980 - INFO - 点击登录按钮
2025-05-01 07:30:43,240 - INFO - 未找到弹窗或弹窗已经关闭
2025-05-01 07:30:43,241 - INFO - ---------------------------------------------------
2025-05-01 07:30:43,241 - INFO - 今天是工作日，执行签出签入流程。
2025-05-01 07:30:43,241 - INFO - 今天是星期3
2025-05-01 07:30:43,241 - INFO - 检查签出按钮状态
2025-05-01 07:30:43,358 - INFO - 签出 按钮已点击。
2025-05-01 07:30:48,475 - INFO - 签出 弹窗关闭按钮已点击。
2025-05-01 07:31:13,492 - INFO - 检查签入按钮状态
2025-05-01 07:31:13,529 - INFO - 检查签出按钮状态以决定是否点击签入按钮
2025-05-01 07:31:13,609 - INFO - 签入 按钮已点击。
2025-05-01 07:31:18,715 - INFO - 签入 弹窗关闭按钮已点击。
2025-05-01 07:31:28,726 - INFO - 关闭浏览器
2025-05-01 12:00:19,278 - INFO - 打开网址: https://myoa.omenow.com/Schedule/MySchedule/
2025-05-01 12:00:20,874 - INFO - 输入用户名和密码
2025-05-01 12:00:20,966 - INFO - 点击登录按钮
2025-05-01 12:00:46,261 - INFO - 未找到弹窗或弹窗已经关闭
2025-05-01 12:00:46,262 - INFO - ---------------------------------------------------
2025-05-01 12:00:46,263 - INFO - 今天是工作日，执行签出签入流程。
2025-05-01 12:00:46,263 - INFO - 今天是星期3
2025-05-01 12:00:46,263 - INFO - 检查签出按钮状态
2025-05-01 12:00:46,437 - INFO - 签出 按钮已点击。
2025-05-01 12:00:51,559 - INFO - 签出 弹窗关闭按钮已点击。
2025-05-01 12:01:16,579 - INFO - 检查签入按钮状态
2025-05-01 12:01:16,613 - INFO - 检查签出按钮状态以决定是否点击签入按钮
2025-05-01 12:01:16,693 - INFO - 签入 按钮已点击。
2025-05-01 12:01:21,856 - INFO - 签入 弹窗关闭按钮已点击。
2025-05-01 12:01:31,867 - INFO - 关闭浏览器
2025-05-02 07:30:20,478 - INFO - 打开网址: https://myoa.omenow.com/Schedule/MySchedule/
2025-05-02 07:30:20,831 - INFO - 输入用户名和密码
2025-05-02 07:30:20,928 - INFO - 点击登录按钮
2025-05-02 07:30:46,302 - INFO - 未找到弹窗或弹窗已经关闭
2025-05-02 07:30:46,304 - INFO - ---------------------------------------------------
2025-05-02 07:30:46,305 - INFO - 今天是工作日，执行签出签入流程。
2025-05-02 07:30:46,305 - INFO - 今天是星期4
2025-05-02 07:30:46,305 - INFO - 检查签出按钮状态
2025-05-02 07:30:46,433 - INFO - 签出 按钮已点击。
2025-05-02 07:30:51,562 - INFO - 签出 弹窗关闭按钮已点击。
2025-05-02 07:31:16,571 - INFO - 检查签入按钮状态
2025-05-02 07:31:16,607 - INFO - 检查签出按钮状态以决定是否点击签入按钮
2025-05-02 07:31:16,685 - INFO - 签入 按钮已点击。
2025-05-02 07:31:21,749 - INFO - 签入 弹窗关闭按钮已点击。
2025-05-02 07:31:31,746 - INFO - 关闭浏览器
2025-05-02 12:00:19,087 - INFO - 打开网址: https://myoa.omenow.com/Schedule/MySchedule/
2025-05-02 12:00:20,452 - INFO - 输入用户名和密码
2025-05-02 12:00:20,547 - INFO - 点击登录按钮
2025-05-02 12:00:45,837 - INFO - 未找到弹窗或弹窗已经关闭
2025-05-02 12:00:45,838 - INFO - ---------------------------------------------------
2025-05-02 12:00:45,838 - INFO - 今天是工作日，执行签出签入流程。
2025-05-02 12:00:45,838 - INFO - 今天是星期4
2025-05-02 12:00:45,838 - INFO - 检查签出按钮状态
2025-05-02 12:00:45,954 - INFO - 签出 按钮已点击。
2025-05-02 12:00:51,072 - INFO - 签出 弹窗关闭按钮已点击。
2025-05-02 12:01:16,091 - INFO - 检查签入按钮状态
2025-05-02 12:01:16,127 - INFO - 检查签出按钮状态以决定是否点击签入按钮
2025-05-02 12:01:16,206 - INFO - 签入 按钮已点击。
2025-05-02 12:01:21,306 - INFO - 签入 弹窗关闭按钮已点击。
2025-05-02 12:01:31,317 - INFO - 关闭浏览器
2025-05-03 13:31:04,242 - INFO - Current time: 2025-05-03 13:31:04
2025-05-03 13:31:05,884 - INFO - 打开网址: https://myoa.omenow.com/Schedule/MySchedule/
2025-05-03 13:31:07,303 - INFO - 输入用户名和密码
2025-05-03 13:31:07,394 - INFO - 点击登录按钮
2025-05-03 13:31:27,441 - INFO - ---------------------------------------------------
2025-05-03 13:31:27,443 - INFO - 周六移动办公签出
2025-05-03 13:31:27,558 - INFO - 周六移动办公签出 按钮已点击。
2025-05-03 13:31:32,694 - INFO - 周六移动办公签出 弹窗关闭按钮已点击。
2025-05-03 13:31:37,705 - INFO - 关闭浏览器
2025-05-05 07:30:20,042 - INFO - 打开网址: https://myoa.omenow.com/Schedule/MySchedule/
2025-05-05 07:30:20,467 - INFO - 输入用户名和密码
2025-05-05 07:30:20,564 - INFO - 点击登录按钮
2025-05-05 07:30:45,987 - INFO - 未找到弹窗或弹窗已经关闭
2025-05-05 07:30:45,990 - INFO - ---------------------------------------------------
2025-05-05 07:30:45,990 - INFO - 今天是工作日，执行签出签入流程。
2025-05-05 07:30:45,990 - INFO - 今天是星期0
2025-05-05 07:30:45,990 - INFO - 检查签出按钮状态
2025-05-05 07:30:46,107 - INFO - 签出 按钮已点击。
2025-05-05 07:30:51,228 - INFO - 签出 弹窗关闭按钮已点击。
2025-05-05 07:31:16,246 - INFO - 检查签入按钮状态
2025-05-05 07:31:16,282 - INFO - 检查签出按钮状态以决定是否点击签入按钮
2025-05-05 07:31:16,361 - INFO - 签入 按钮已点击。
2025-05-05 07:31:21,447 - INFO - 签入 弹窗关闭按钮已点击。
2025-05-05 07:31:31,457 - INFO - 关闭浏览器
2025-05-05 12:00:20,609 - INFO - 打开网址: https://myoa.omenow.com/Schedule/MySchedule/
2025-05-05 12:00:25,893 - INFO - 输入用户名和密码
2025-05-05 12:00:26,238 - INFO - 点击登录按钮
2025-05-05 12:00:53,326 - INFO - 未找到弹窗或弹窗已经关闭
2025-05-05 12:00:53,327 - INFO - ---------------------------------------------------
2025-05-05 12:00:53,327 - INFO - 今天是工作日，执行签出签入流程。
2025-05-05 12:00:53,327 - INFO - 今天是星期0
2025-05-05 12:00:53,327 - INFO - 检查签出按钮状态
2025-05-05 12:00:53,396 - INFO - 签出 按钮已点击。
2025-05-05 12:00:58,479 - INFO - 签出 弹窗关闭按钮已点击。
2025-05-05 12:01:23,498 - INFO - 检查签入按钮状态
2025-05-05 12:01:23,530 - INFO - 检查签出按钮状态以决定是否点击签入按钮
2025-05-05 12:01:23,598 - INFO - 签入 按钮已点击。
2025-05-05 12:01:28,675 - INFO - 签入 弹窗关闭按钮已点击。
2025-05-05 12:01:38,677 - INFO - 关闭浏览器
2025-05-06 07:30:19,737 - INFO - 打开网址: https://myoa.omenow.com/Schedule/MySchedule/
2025-05-06 07:30:33,737 - INFO - 输入用户名和密码
2025-05-06 07:30:33,841 - INFO - 点击登录按钮
2025-05-06 07:30:59,112 - INFO - 未找到弹窗或弹窗已经关闭
2025-05-06 07:30:59,113 - INFO - ---------------------------------------------------
2025-05-06 07:30:59,113 - INFO - 今天是工作日，执行签出签入流程。
2025-05-06 07:30:59,113 - INFO - 今天是星期1
2025-05-06 07:30:59,113 - INFO - 检查签出按钮状态
2025-05-06 07:30:59,235 - INFO - 签出 按钮已点击。
2025-05-06 07:31:04,369 - INFO - 签出 弹窗关闭按钮已点击。
2025-05-06 07:31:29,387 - INFO - 检查签入按钮状态
2025-05-06 07:31:29,420 - INFO - 检查签出按钮状态以决定是否点击签入按钮
2025-05-06 07:31:29,499 - INFO - 签入 按钮已点击。
2025-05-06 07:31:34,595 - INFO - 签入 弹窗关闭按钮已点击。
2025-05-06 07:31:44,605 - INFO - 关闭浏览器
2025-05-06 12:00:19,827 - INFO - 打开网址: https://myoa.omenow.com/Schedule/MySchedule/
2025-05-06 12:00:23,051 - INFO - 输入用户名和密码
2025-05-06 12:00:23,183 - INFO - 点击登录按钮
2025-05-06 12:00:51,511 - INFO - 未找到弹窗或弹窗已经关闭
2025-05-06 12:00:51,513 - INFO - ---------------------------------------------------
2025-05-06 12:00:51,514 - INFO - 今天是工作日，执行签出签入流程。
2025-05-06 12:00:51,514 - INFO - 今天是星期1
2025-05-06 12:00:51,514 - INFO - 检查签出按钮状态
2025-05-06 12:00:51,583 - INFO - 签出 按钮已点击。
2025-05-06 12:00:56,670 - INFO - 签出 弹窗关闭按钮已点击。
2025-05-06 12:01:21,690 - INFO - 检查签入按钮状态
2025-05-06 12:01:21,723 - INFO - 检查签出按钮状态以决定是否点击签入按钮
2025-05-06 12:01:21,794 - INFO - 签入 按钮已点击。
2025-05-06 12:01:26,868 - INFO - 签入 弹窗关闭按钮已点击。
2025-05-06 12:01:36,878 - INFO - 关闭浏览器
2025-05-06 12:02:51,046 - ERROR - Service process refused to terminate gracefully with SIGTERM, escalating to SIGKILL.
Traceback (most recent call last):
  File "/opt/anaconda3/envs/oa/lib/python3.10/site-packages/selenium/webdriver/common/service.py", line 172, in _terminate_process
    self.process.wait(60)
  File "/opt/anaconda3/envs/oa/lib/python3.10/subprocess.py", line 1209, in wait
    return self._wait(timeout=timeout)
  File "/opt/anaconda3/envs/oa/lib/python3.10/subprocess.py", line 1951, in _wait
    raise TimeoutExpired(self.args, timeout)
subprocess.TimeoutExpired: Command '['/usr/local/bin/chromedriver', '--port=56669']' timed out after 60 seconds
2025-05-07 07:30:20,649 - INFO - 打开网址: https://myoa.omenow.com/Schedule/MySchedule/
2025-05-07 07:30:23,405 - INFO - 输入用户名和密码
2025-05-07 07:30:23,500 - INFO - 点击登录按钮
2025-05-07 07:30:48,783 - INFO - 未找到弹窗或弹窗已经关闭
2025-05-07 07:30:48,787 - INFO - ---------------------------------------------------
2025-05-07 07:30:48,787 - INFO - 今天是工作日，执行签出签入流程。
2025-05-07 07:30:48,787 - INFO - 今天是星期2
2025-05-07 07:30:48,787 - INFO - 检查签出按钮状态
2025-05-07 07:30:48,902 - INFO - 签出 按钮已点击。
2025-05-07 07:30:54,061 - INFO - 签出 弹窗关闭按钮已点击。
2025-05-07 07:31:19,074 - INFO - 检查签入按钮状态
2025-05-07 07:31:19,108 - INFO - 检查签出按钮状态以决定是否点击签入按钮
2025-05-07 07:31:19,188 - INFO - 签入 按钮已点击。
2025-05-07 07:31:24,290 - INFO - 签入 弹窗关闭按钮已点击。
2025-05-07 07:31:34,300 - INFO - 关闭浏览器
2025-05-07 07:32:48,729 - ERROR - Service process refused to terminate gracefully with SIGTERM, escalating to SIGKILL.
Traceback (most recent call last):
  File "/opt/anaconda3/envs/oa/lib/python3.10/site-packages/selenium/webdriver/common/service.py", line 172, in _terminate_process
    self.process.wait(60)
  File "/opt/anaconda3/envs/oa/lib/python3.10/subprocess.py", line 1209, in wait
    return self._wait(timeout=timeout)
  File "/opt/anaconda3/envs/oa/lib/python3.10/subprocess.py", line 1951, in _wait
    raise TimeoutExpired(self.args, timeout)
subprocess.TimeoutExpired: Command '['/usr/local/bin/chromedriver', '--port=52123']' timed out after 60 seconds
2025-05-07 12:00:20,061 - INFO - 打开网址: https://myoa.omenow.com/Schedule/MySchedule/
2025-05-07 12:00:24,607 - INFO - 输入用户名和密码
2025-05-07 12:00:24,733 - INFO - 点击登录按钮
2025-05-07 12:00:49,996 - INFO - 未找到弹窗或弹窗已经关闭
2025-05-07 12:00:49,999 - INFO - ---------------------------------------------------
2025-05-07 12:00:49,999 - INFO - 今天是工作日，执行签出签入流程。
2025-05-07 12:00:49,999 - INFO - 今天是星期2
2025-05-07 12:00:49,999 - INFO - 检查签出按钮状态
2025-05-07 12:00:50,086 - INFO - 签出 按钮已点击。
2025-05-07 12:00:55,167 - INFO - 签出 弹窗关闭按钮已点击。
2025-05-07 12:01:20,181 - INFO - 检查签入按钮状态
2025-05-07 12:01:20,208 - INFO - 检查签出按钮状态以决定是否点击签入按钮
2025-05-07 12:01:20,281 - INFO - 签入 按钮已点击。
2025-05-07 12:01:25,366 - INFO - 签入 弹窗关闭按钮已点击。
2025-05-07 12:01:35,377 - INFO - 关闭浏览器
2025-05-08 07:30:19,852 - INFO - 打开网址: https://myoa.omenow.com/Schedule/MySchedule/
2025-05-08 07:30:25,296 - INFO - 输入用户名和密码
2025-05-08 07:30:25,393 - INFO - 点击登录按钮
2025-05-08 07:30:50,678 - INFO - 未找到弹窗或弹窗已经关闭
2025-05-08 07:30:50,679 - INFO - ---------------------------------------------------
2025-05-08 07:30:50,679 - INFO - 今天是工作日，执行签出签入流程。
2025-05-08 07:30:50,680 - INFO - 今天是星期3
2025-05-08 07:30:50,680 - INFO - 检查签出按钮状态
2025-05-08 07:30:50,796 - INFO - 签出 按钮已点击。
2025-05-08 07:30:55,912 - INFO - 签出 弹窗关闭按钮已点击。
2025-05-08 07:31:20,927 - INFO - 检查签入按钮状态
2025-05-08 07:31:20,955 - INFO - 检查签出按钮状态以决定是否点击签入按钮
2025-05-08 07:31:21,034 - INFO - 签入 按钮已点击。
2025-05-08 07:31:26,143 - INFO - 签入 弹窗关闭按钮已点击。
2025-05-08 07:31:36,153 - INFO - 关闭浏览器
2025-05-08 12:00:19,265 - INFO - 打开网址: https://myoa.omenow.com/Schedule/MySchedule/
2025-05-08 12:00:20,993 - INFO - 输入用户名和密码
2025-05-08 12:00:21,138 - INFO - 点击登录按钮
2025-05-08 12:00:46,736 - INFO - 未找到弹窗或弹窗已经关闭
2025-05-08 12:00:46,736 - INFO - ---------------------------------------------------
2025-05-08 12:00:46,737 - INFO - 今天是工作日，执行签出签入流程。
2025-05-08 12:00:46,737 - INFO - 今天是星期3
2025-05-08 12:00:46,737 - INFO - 检查签出按钮状态
2025-05-08 12:00:46,820 - INFO - 签出 按钮已点击。
2025-05-08 12:00:51,897 - INFO - 签出 弹窗关闭按钮已点击。
2025-05-08 12:01:16,903 - INFO - 检查签入按钮状态
2025-05-08 12:01:16,923 - INFO - 检查签出按钮状态以决定是否点击签入按钮
2025-05-08 12:01:16,995 - INFO - 签入 按钮已点击。
2025-05-08 12:01:22,066 - INFO - 签入 弹窗关闭按钮已点击。
2025-05-08 12:01:32,068 - INFO - 关闭浏览器
2025-05-09 07:30:19,703 - INFO - 打开网址: https://myoa.omenow.com/Schedule/MySchedule/
2025-05-09 07:30:21,181 - INFO - 输入用户名和密码
2025-05-09 07:30:21,298 - INFO - 点击登录按钮
2025-05-09 07:30:46,528 - INFO - 未找到弹窗或弹窗已经关闭
2025-05-09 07:30:46,530 - INFO - ---------------------------------------------------
2025-05-09 07:30:46,530 - INFO - 今天是工作日，执行签出签入流程。
2025-05-09 07:30:46,530 - INFO - 今天是星期4
2025-05-09 07:30:46,530 - INFO - 检查签出按钮状态
2025-05-09 07:30:46,647 - INFO - 签出 按钮已点击。
2025-05-09 07:30:51,751 - INFO - 签出 弹窗关闭按钮已点击。
2025-05-09 07:31:16,762 - INFO - 检查签入按钮状态
2025-05-09 07:31:16,796 - INFO - 检查签出按钮状态以决定是否点击签入按钮
2025-05-09 07:31:16,931 - INFO - 签入 按钮已点击。
2025-05-09 07:31:22,028 - INFO - 签入 弹窗关闭按钮已点击。
2025-05-09 07:31:32,030 - INFO - 关闭浏览器
2025-05-09 12:00:23,761 - INFO - 打开网址: https://myoa.omenow.com/Schedule/MySchedule/
2025-05-09 12:00:25,139 - INFO - 输入用户名和密码
2025-05-09 12:00:25,258 - INFO - 点击登录按钮
2025-05-09 12:00:50,736 - INFO - 未找到弹窗或弹窗已经关闭
2025-05-09 12:00:50,738 - INFO - ---------------------------------------------------
2025-05-09 12:00:50,738 - INFO - 今天是工作日，执行签出签入流程。
2025-05-09 12:00:50,738 - INFO - 今天是星期4
2025-05-09 12:00:50,739 - INFO - 检查签出按钮状态
2025-05-09 12:00:50,822 - INFO - 签出 按钮已点击。
2025-05-09 12:00:55,912 - INFO - 签出 弹窗关闭按钮已点击。
2025-05-09 12:01:20,929 - INFO - 检查签入按钮状态
2025-05-09 12:01:20,964 - INFO - 检查签出按钮状态以决定是否点击签入按钮
2025-05-09 12:01:21,014 - INFO - 签入 按钮已点击。
2025-05-09 12:01:26,080 - INFO - 签入 弹窗关闭按钮已点击。
2025-05-09 12:01:36,087 - INFO - 关闭浏览器
2025-05-10 13:31:05,477 - INFO - Current time: 2025-05-10 13:31:05
2025-05-10 13:31:10,390 - INFO - 打开网址: https://myoa.omenow.com/Schedule/MySchedule/
2025-05-10 13:31:13,816 - INFO - 输入用户名和密码
2025-05-10 13:31:13,915 - INFO - 点击登录按钮
2025-05-10 13:31:33,953 - INFO - ---------------------------------------------------
2025-05-10 13:31:33,954 - INFO - 周六移动办公签出
2025-05-10 13:31:34,053 - INFO - 周六移动办公签出 按钮已点击。
2025-05-10 13:31:39,196 - INFO - 周六移动办公签出 弹窗关闭按钮已点击。
2025-05-10 13:31:44,205 - INFO - 关闭浏览器
2025-05-12 07:30:23,346 - INFO - 打开网址: https://myoa.omenow.com/Schedule/MySchedule/
2025-05-12 07:30:34,299 - INFO - 输入用户名和密码
2025-05-12 07:30:34,394 - INFO - 点击登录按钮
2025-05-12 07:31:01,826 - INFO - 未找到弹窗或弹窗已经关闭
2025-05-12 07:31:01,827 - INFO - ---------------------------------------------------
2025-05-12 07:31:01,827 - INFO - 今天是工作日，执行签出签入流程。
2025-05-12 07:31:01,827 - INFO - 今天是星期0
2025-05-12 07:31:01,827 - INFO - 检查签出按钮状态
2025-05-12 07:31:01,914 - INFO - 签出 按钮已点击。
2025-05-12 07:31:06,990 - INFO - 签出 弹窗关闭按钮已点击。
2025-05-12 07:31:32,005 - INFO - 检查签入按钮状态
2025-05-12 07:31:32,027 - INFO - 检查签出按钮状态以决定是否点击签入按钮
2025-05-12 07:31:32,093 - INFO - 签入 按钮已点击。
2025-05-12 07:31:37,166 - INFO - 签入 弹窗关闭按钮已点击。
2025-05-12 07:31:47,168 - INFO - 关闭浏览器
2025-05-12 12:00:23,812 - INFO - 打开网址: https://myoa.omenow.com/Schedule/MySchedule/
2025-05-12 12:00:25,046 - INFO - 输入用户名和密码
2025-05-12 12:00:25,161 - INFO - 点击登录按钮
2025-05-12 12:00:50,392 - INFO - 未找到弹窗或弹窗已经关闭
2025-05-12 12:00:50,393 - INFO - ---------------------------------------------------
2025-05-12 12:00:50,393 - INFO - 今天是工作日，执行签出签入流程。
2025-05-12 12:00:50,393 - INFO - 今天是星期0
2025-05-12 12:00:50,393 - INFO - 检查签出按钮状态
2025-05-12 12:00:50,486 - INFO - 签出 按钮已点击。
2025-05-12 12:00:55,546 - INFO - 签出 弹窗关闭按钮已点击。
2025-05-12 12:01:20,548 - INFO - 检查签入按钮状态
2025-05-12 12:01:20,574 - INFO - 检查签出按钮状态以决定是否点击签入按钮
2025-05-12 12:01:20,644 - INFO - 签入 按钮已点击。
2025-05-12 12:01:25,721 - INFO - 签入 弹窗关闭按钮已点击。
2025-05-12 12:01:35,730 - INFO - 关闭浏览器
2025-05-13 07:30:17,500 - INFO - 打开网址: https://myoa.omenow.com/Schedule/MySchedule/
2025-05-13 07:30:21,190 - INFO - 输入用户名和密码
2025-05-13 07:30:21,311 - INFO - 点击登录按钮
2025-05-13 07:30:48,892 - INFO - 未找到弹窗或弹窗已经关闭
2025-05-13 07:30:48,896 - INFO - ---------------------------------------------------
2025-05-13 07:30:48,896 - INFO - 今天是工作日，执行签出签入流程。
2025-05-13 07:30:48,896 - INFO - 今天是星期1
2025-05-13 07:30:48,896 - INFO - 检查签出按钮状态
2025-05-13 07:30:48,986 - INFO - 签出 按钮已点击。
2025-05-13 07:30:54,070 - INFO - 签出 弹窗关闭按钮已点击。
2025-05-13 07:31:19,079 - INFO - 检查签入按钮状态
2025-05-13 07:31:19,105 - INFO - 检查签出按钮状态以决定是否点击签入按钮
2025-05-13 07:31:19,165 - INFO - 签入 按钮已点击。
2025-05-13 07:31:24,240 - INFO - 签入 弹窗关闭按钮已点击。
2025-05-13 07:31:34,245 - INFO - 关闭浏览器
2025-05-13 07:32:47,502 - ERROR - Service process refused to terminate gracefully with SIGTERM, escalating to SIGKILL.
Traceback (most recent call last):
  File "/opt/anaconda3/envs/oa/lib/python3.10/site-packages/selenium/webdriver/common/service.py", line 172, in _terminate_process
    self.process.wait(60)
  File "/opt/anaconda3/envs/oa/lib/python3.10/subprocess.py", line 1209, in wait
    return self._wait(timeout=timeout)
  File "/opt/anaconda3/envs/oa/lib/python3.10/subprocess.py", line 1951, in _wait
    raise TimeoutExpired(self.args, timeout)
subprocess.TimeoutExpired: Command '['/usr/local/bin/chromedriver', '--port=51702']' timed out after 60 seconds
2025-05-13 12:00:20,227 - INFO - 打开网址: https://myoa.omenow.com/Schedule/MySchedule/
2025-05-13 12:00:24,176 - INFO - 输入用户名和密码
2025-05-13 12:00:24,298 - INFO - 点击登录按钮
2025-05-13 12:00:52,030 - INFO - 未找到弹窗或弹窗已经关闭
2025-05-13 12:00:52,034 - INFO - ---------------------------------------------------
2025-05-13 12:00:52,034 - INFO - 今天是工作日，执行签出签入流程。
2025-05-13 12:00:52,034 - INFO - 今天是星期1
2025-05-13 12:00:52,034 - INFO - 检查签出按钮状态
2025-05-13 12:00:52,107 - INFO - 签出 按钮已点击。
2025-05-13 12:00:57,182 - INFO - 签出 弹窗关闭按钮已点击。
2025-05-13 12:01:22,195 - INFO - 检查签入按钮状态
2025-05-13 12:01:22,233 - INFO - 检查签出按钮状态以决定是否点击签入按钮
2025-05-13 12:01:22,298 - INFO - 签入 按钮已点击。
2025-05-13 12:01:27,377 - INFO - 签入 弹窗关闭按钮已点击。
2025-05-13 12:01:37,380 - INFO - 关闭浏览器
2025-05-13 12:03:00,212 - ERROR - Service process refused to terminate gracefully with SIGTERM, escalating to SIGKILL.
Traceback (most recent call last):
  File "/opt/anaconda3/envs/oa/lib/python3.10/site-packages/selenium/webdriver/common/service.py", line 172, in _terminate_process
    self.process.wait(60)
  File "/opt/anaconda3/envs/oa/lib/python3.10/subprocess.py", line 1209, in wait
    return self._wait(timeout=timeout)
  File "/opt/anaconda3/envs/oa/lib/python3.10/subprocess.py", line 1951, in _wait
    raise TimeoutExpired(self.args, timeout)
subprocess.TimeoutExpired: Command '['/usr/local/bin/chromedriver', '--port=64411']' timed out after 60 seconds
2025-05-14 07:30:20,263 - INFO - 打开网址: https://myoa.omenow.com/Schedule/MySchedule/
2025-05-14 07:30:30,320 - INFO - 输入用户名和密码
2025-05-14 07:30:30,436 - INFO - 点击登录按钮
2025-05-14 07:30:55,702 - INFO - 未找到弹窗或弹窗已经关闭
2025-05-14 07:30:55,703 - INFO - ---------------------------------------------------
2025-05-14 07:30:55,703 - INFO - 今天是工作日，执行签出签入流程。
2025-05-14 07:30:55,703 - INFO - 今天是星期2
2025-05-14 07:30:55,703 - INFO - 检查签出按钮状态
2025-05-14 07:30:55,784 - INFO - 签出 按钮已点击。
2025-05-14 07:31:00,873 - INFO - 签出 弹窗关闭按钮已点击。
2025-05-14 07:31:25,894 - INFO - 检查签入按钮状态
2025-05-14 07:31:25,939 - INFO - 检查签出按钮状态以决定是否点击签入按钮
2025-05-14 07:31:26,002 - INFO - 签入 按钮已点击。
2025-05-14 07:31:31,075 - INFO - 签入 弹窗关闭按钮已点击。
2025-05-14 07:31:41,079 - INFO - 关闭浏览器
2025-05-14 07:32:54,966 - ERROR - Service process refused to terminate gracefully with SIGTERM, escalating to SIGKILL.
Traceback (most recent call last):
  File "/opt/anaconda3/envs/oa/lib/python3.10/site-packages/selenium/webdriver/common/service.py", line 172, in _terminate_process
    self.process.wait(60)
  File "/opt/anaconda3/envs/oa/lib/python3.10/subprocess.py", line 1209, in wait
    return self._wait(timeout=timeout)
  File "/opt/anaconda3/envs/oa/lib/python3.10/subprocess.py", line 1951, in _wait
    raise TimeoutExpired(self.args, timeout)
subprocess.TimeoutExpired: Command '['/usr/local/bin/chromedriver', '--port=60601']' timed out after 60 seconds
2025-05-14 12:00:19,458 - INFO - 打开网址: https://myoa.omenow.com/Schedule/MySchedule/
2025-05-14 12:00:20,843 - INFO - 输入用户名和密码
2025-05-14 12:00:20,968 - INFO - 点击登录按钮
2025-05-14 12:00:47,938 - INFO - 未找到弹窗或弹窗已经关闭
2025-05-14 12:00:47,940 - INFO - ---------------------------------------------------
2025-05-14 12:00:47,940 - INFO - 今天是工作日，执行签出签入流程。
2025-05-14 12:00:47,940 - INFO - 今天是星期2
2025-05-14 12:00:47,941 - INFO - 检查签出按钮状态
2025-05-14 12:00:48,031 - INFO - 签出 按钮已点击。
2025-05-14 12:00:53,114 - INFO - 签出 弹窗关闭按钮已点击。
2025-05-14 12:01:18,119 - INFO - 检查签入按钮状态
2025-05-14 12:01:18,142 - INFO - 检查签出按钮状态以决定是否点击签入按钮
2025-05-14 12:01:18,207 - INFO - 签入 按钮已点击。
2025-05-14 12:01:23,290 - INFO - 签入 弹窗关闭按钮已点击。
2025-05-14 12:01:33,293 - INFO - 关闭浏览器
2025-05-15 07:30:23,601 - INFO - 打开网址: https://myoa.omenow.com/Schedule/MySchedule/
2025-05-15 07:30:24,771 - INFO - 输入用户名和密码
2025-05-15 07:30:24,849 - INFO - 点击登录按钮
2025-05-15 07:30:50,124 - INFO - 未找到弹窗或弹窗已经关闭
2025-05-15 07:30:50,124 - INFO - ---------------------------------------------------
2025-05-15 07:30:50,124 - INFO - 今天是工作日，执行签出签入流程。
2025-05-15 07:30:50,125 - INFO - 今天是星期3
2025-05-15 07:30:50,125 - INFO - 检查签出按钮状态
2025-05-15 07:30:50,214 - INFO - 签出 按钮已点击。
2025-05-15 07:30:55,299 - INFO - 签出 弹窗关闭按钮已点击。
2025-05-15 07:31:20,310 - INFO - 检查签入按钮状态
2025-05-15 07:31:20,346 - INFO - 检查签出按钮状态以决定是否点击签入按钮
2025-05-15 07:31:20,409 - INFO - 签入 按钮已点击。
2025-05-15 07:31:25,498 - INFO - 签入 弹窗关闭按钮已点击。
2025-05-15 07:31:35,509 - INFO - 关闭浏览器
2025-05-15 12:00:23,431 - INFO - 打开网址: https://myoa.omenow.com/Schedule/MySchedule/
2025-05-15 12:00:24,884 - INFO - 输入用户名和密码
2025-05-15 12:00:24,990 - INFO - 点击登录按钮
2025-05-15 12:00:50,272 - INFO - 未找到弹窗或弹窗已经关闭
2025-05-15 12:00:50,274 - INFO - ---------------------------------------------------
2025-05-15 12:00:50,274 - INFO - 今天是工作日，执行签出签入流程。
2025-05-15 12:00:50,274 - INFO - 今天是星期3
2025-05-15 12:00:50,274 - INFO - 检查签出按钮状态
2025-05-15 12:00:50,366 - INFO - 签出 按钮已点击。
2025-05-15 12:00:55,436 - INFO - 签出 弹窗关闭按钮已点击。
2025-05-15 12:01:20,449 - INFO - 检查签入按钮状态
2025-05-15 12:01:20,482 - INFO - 检查签出按钮状态以决定是否点击签入按钮
2025-05-15 12:01:20,548 - INFO - 签入 按钮已点击。
2025-05-15 12:01:25,632 - INFO - 签入 弹窗关闭按钮已点击。
2025-05-15 12:01:35,643 - INFO - 关闭浏览器
2025-05-16 07:30:22,207 - INFO - 打开网址: https://myoa.omenow.com/Schedule/MySchedule/
2025-05-16 07:30:25,513 - INFO - 输入用户名和密码
2025-05-16 07:30:25,609 - INFO - 点击登录按钮
2025-05-16 07:30:52,969 - INFO - 未找到弹窗或弹窗已经关闭
2025-05-16 07:30:52,971 - INFO - ---------------------------------------------------
2025-05-16 07:30:52,971 - INFO - 今天是工作日，执行签出签入流程。
2025-05-16 07:30:52,971 - INFO - 今天是星期4
2025-05-16 07:30:52,971 - INFO - 检查签出按钮状态
2025-05-16 07:30:53,054 - INFO - 签出 按钮已点击。
2025-05-16 07:30:58,139 - INFO - 签出 弹窗关闭按钮已点击。
2025-05-16 07:31:23,147 - INFO - 检查签入按钮状态
2025-05-16 07:31:23,181 - INFO - 检查签出按钮状态以决定是否点击签入按钮
2025-05-16 07:31:23,244 - INFO - 签入 按钮已点击。
2025-05-16 07:31:28,322 - INFO - 签入 弹窗关闭按钮已点击。
2025-05-16 07:31:38,327 - INFO - 关闭浏览器
2025-05-16 07:32:52,477 - ERROR - Service process refused to terminate gracefully with SIGTERM, escalating to SIGKILL.
Traceback (most recent call last):
  File "/opt/anaconda3/envs/oa/lib/python3.10/site-packages/selenium/webdriver/common/service.py", line 172, in _terminate_process
    self.process.wait(60)
  File "/opt/anaconda3/envs/oa/lib/python3.10/subprocess.py", line 1209, in wait
    return self._wait(timeout=timeout)
  File "/opt/anaconda3/envs/oa/lib/python3.10/subprocess.py", line 1951, in _wait
    raise TimeoutExpired(self.args, timeout)
subprocess.TimeoutExpired: Command '['/usr/local/bin/chromedriver', '--port=50438']' timed out after 60 seconds
2025-05-16 12:00:21,898 - INFO - 打开网址: https://myoa.omenow.com/Schedule/MySchedule/
2025-05-16 12:00:23,380 - INFO - 输入用户名和密码
2025-05-16 12:00:23,488 - INFO - 点击登录按钮
2025-05-16 12:00:48,761 - INFO - 未找到弹窗或弹窗已经关闭
2025-05-16 12:00:48,762 - INFO - ---------------------------------------------------
2025-05-16 12:00:48,762 - INFO - 今天是工作日，执行签出签入流程。
2025-05-16 12:00:48,763 - INFO - 今天是星期4
2025-05-16 12:00:48,763 - INFO - 检查签出按钮状态
2025-05-16 12:00:48,851 - INFO - 签出 按钮已点击。
2025-05-16 12:00:53,936 - INFO - 签出 弹窗关闭按钮已点击。
2025-05-16 12:01:18,956 - INFO - 检查签入按钮状态
2025-05-16 12:01:18,989 - INFO - 检查签出按钮状态以决定是否点击签入按钮
2025-05-16 12:01:19,052 - INFO - 签入 按钮已点击。
2025-05-16 12:01:24,134 - INFO - 签入 弹窗关闭按钮已点击。
2025-05-16 12:01:34,144 - INFO - 关闭浏览器
2025-05-17 13:31:04,501 - INFO - Current time: 2025-05-17 13:31:04
2025-05-17 13:31:06,188 - INFO - 打开网址: https://myoa.omenow.com/Schedule/MySchedule/
2025-05-17 13:31:07,521 - INFO - 输入用户名和密码
2025-05-17 13:31:07,609 - INFO - 点击登录按钮
2025-05-17 13:31:27,658 - INFO - ---------------------------------------------------
2025-05-17 13:31:27,661 - INFO - 周六移动办公签出
2025-05-17 13:31:27,761 - INFO - 周六移动办公签出 按钮已点击。
2025-05-17 13:31:32,891 - INFO - 周六移动办公签出 弹窗关闭按钮已点击。
2025-05-17 13:31:37,901 - INFO - 关闭浏览器
2025-05-19 07:30:18,363 - INFO - 打开网址: https://myoa.omenow.com/Schedule/MySchedule/
2025-05-19 07:30:19,588 - INFO - 输入用户名和密码
2025-05-19 07:30:19,681 - INFO - 点击登录按钮
2025-05-19 07:30:44,966 - INFO - 未找到弹窗或弹窗已经关闭
2025-05-19 07:30:44,968 - INFO - ---------------------------------------------------
2025-05-19 07:30:44,968 - INFO - 今天是工作日，执行签出签入流程。
2025-05-19 07:30:44,968 - INFO - 今天是星期0
2025-05-19 07:30:44,968 - INFO - 检查签出按钮状态
2025-05-19 07:30:45,077 - INFO - 签出 按钮已点击。
2025-05-19 07:30:50,218 - INFO - 签出 弹窗关闭按钮已点击。
2025-05-19 07:31:15,236 - INFO - 检查签入按钮状态
2025-05-19 07:31:15,273 - INFO - 检查签出按钮状态以决定是否点击签入按钮
2025-05-19 07:31:15,333 - INFO - 签入 按钮已点击。
2025-05-19 07:31:20,474 - INFO - 签入 弹窗关闭按钮已点击。
2025-05-19 07:31:30,485 - INFO - 关闭浏览器
2025-05-19 12:00:20,290 - INFO - 打开网址: https://myoa.omenow.com/Schedule/MySchedule/
2025-05-19 12:00:21,468 - INFO - 输入用户名和密码
2025-05-19 12:00:21,589 - INFO - 点击登录按钮
2025-05-19 12:00:46,937 - INFO - 未找到弹窗或弹窗已经关闭
2025-05-19 12:00:46,937 - INFO - ---------------------------------------------------
2025-05-19 12:00:46,937 - INFO - 今天是工作日，执行签出签入流程。
2025-05-19 12:00:46,937 - INFO - 今天是星期0
2025-05-19 12:00:46,937 - INFO - 检查签出按钮状态
2025-05-19 12:00:47,006 - INFO - 签出 按钮已点击。
2025-05-19 12:00:52,094 - INFO - 签出 弹窗关闭按钮已点击。
2025-05-19 12:01:17,111 - INFO - 检查签入按钮状态
2025-05-19 12:01:17,131 - INFO - 检查签出按钮状态以决定是否点击签入按钮
2025-05-19 12:01:17,199 - INFO - 签入 按钮已点击。
2025-05-19 12:01:22,268 - INFO - 签入 弹窗关闭按钮已点击。
2025-05-19 12:01:32,271 - INFO - 关闭浏览器
2025-05-20 07:30:19,689 - INFO - 打开网址: https://myoa.omenow.com/Schedule/MySchedule/
2025-05-20 07:30:20,504 - INFO - 输入用户名和密码
2025-05-20 07:30:20,649 - INFO - 点击登录按钮
2025-05-20 07:30:46,044 - INFO - 未找到弹窗或弹窗已经关闭
2025-05-20 07:30:46,045 - INFO - ---------------------------------------------------
2025-05-20 07:30:46,045 - INFO - 今天是工作日，执行签出签入流程。
2025-05-20 07:30:46,045 - INFO - 今天是星期1
2025-05-20 07:30:46,045 - INFO - 检查签出按钮状态
2025-05-20 07:30:46,131 - INFO - 签出 按钮已点击。
2025-05-20 07:30:51,209 - INFO - 签出 弹窗关闭按钮已点击。
2025-05-20 07:31:16,218 - INFO - 检查签入按钮状态
2025-05-20 07:31:16,252 - INFO - 检查签出按钮状态以决定是否点击签入按钮
2025-05-20 07:31:16,318 - INFO - 签入 按钮已点击。
2025-05-20 07:31:21,393 - INFO - 签入 弹窗关闭按钮已点击。
2025-05-20 07:31:31,397 - INFO - 关闭浏览器
2025-05-20 12:00:20,251 - INFO - 打开网址: https://myoa.omenow.com/Schedule/MySchedule/
2025-05-20 12:00:21,672 - INFO - 输入用户名和密码
2025-05-20 12:00:21,791 - INFO - 点击登录按钮
2025-05-20 12:00:47,359 - INFO - 未找到弹窗或弹窗已经关闭
2025-05-20 12:00:47,361 - INFO - ---------------------------------------------------
2025-05-20 12:00:47,361 - INFO - 今天是工作日，执行签出签入流程。
2025-05-20 12:00:47,362 - INFO - 今天是星期1
2025-05-20 12:00:47,362 - INFO - 检查签出按钮状态
2025-05-20 12:00:47,445 - INFO - 签出 按钮已点击。
2025-05-20 12:00:52,523 - INFO - 签出 弹窗关闭按钮已点击。
2025-05-20 12:01:17,430 - INFO - 检查签入按钮状态
2025-05-20 12:01:17,470 - INFO - 检查签出按钮状态以决定是否点击签入按钮
2025-05-20 12:01:17,519 - INFO - 签入 按钮已点击。
2025-05-20 12:01:22,597 - INFO - 签入 弹窗关闭按钮已点击。
2025-05-20 12:01:32,607 - INFO - 关闭浏览器
2025-05-21 07:30:18,460 - INFO - 打开网址: https://myoa.omenow.com/Schedule/MySchedule/
2025-05-21 07:30:20,564 - INFO - 输入用户名和密码
2025-05-21 07:30:20,643 - INFO - 点击登录按钮
2025-05-21 07:30:45,919 - INFO - 未找到弹窗或弹窗已经关闭
2025-05-21 07:30:45,920 - INFO - ---------------------------------------------------
2025-05-21 07:30:45,920 - INFO - 今天是工作日，执行签出签入流程。
2025-05-21 07:30:45,921 - INFO - 今天是星期2
2025-05-21 07:30:45,921 - INFO - 检查签出按钮状态
2025-05-21 07:30:46,026 - INFO - 签出 按钮已点击。
2025-05-21 07:30:51,168 - INFO - 签出 弹窗关闭按钮已点击。
2025-05-21 07:31:16,188 - INFO - 检查签入按钮状态
2025-05-21 07:31:16,217 - INFO - 检查签出按钮状态以决定是否点击签入按钮
2025-05-21 07:31:16,276 - INFO - 签入 按钮已点击。
2025-05-21 07:31:21,415 - INFO - 签入 弹窗关闭按钮已点击。
2025-05-21 07:31:31,425 - INFO - 关闭浏览器
2025-05-21 12:00:18,651 - INFO - 打开网址: https://myoa.omenow.com/Schedule/MySchedule/
2025-05-21 12:00:19,895 - INFO - 输入用户名和密码
2025-05-21 12:00:20,002 - INFO - 点击登录按钮
2025-05-21 12:00:45,245 - INFO - 未找到弹窗或弹窗已经关闭
2025-05-21 12:00:45,246 - INFO - ---------------------------------------------------
2025-05-21 12:00:45,246 - INFO - 今天是工作日，执行签出签入流程。
2025-05-21 12:00:45,246 - INFO - 今天是星期2
2025-05-21 12:00:45,246 - INFO - 检查签出按钮状态
2025-05-21 12:00:45,332 - INFO - 签出 按钮已点击。
2025-05-21 12:00:50,413 - INFO - 签出 弹窗关闭按钮已点击。
2025-05-21 12:01:15,434 - INFO - 检查签入按钮状态
2025-05-21 12:01:15,465 - INFO - 检查签出按钮状态以决定是否点击签入按钮
2025-05-21 12:01:15,526 - INFO - 签入 按钮已点击。
2025-05-21 12:01:20,603 - INFO - 签入 弹窗关闭按钮已点击。
2025-05-21 12:01:30,614 - INFO - 关闭浏览器
2025-05-22 07:30:20,020 - INFO - 打开网址: https://myoa.omenow.com/Schedule/MySchedule/
2025-05-22 07:30:22,640 - INFO - 输入用户名和密码
2025-05-22 07:30:22,733 - INFO - 点击登录按钮
2025-05-22 07:30:48,026 - INFO - 未找到弹窗或弹窗已经关闭
2025-05-22 07:30:48,027 - INFO - ---------------------------------------------------
2025-05-22 07:30:48,027 - INFO - 今天是工作日，执行签出签入流程。
2025-05-22 07:30:48,027 - INFO - 今天是星期3
2025-05-22 07:30:48,027 - INFO - 检查签出按钮状态
2025-05-22 07:30:48,130 - INFO - 签出 按钮已点击。
2025-05-22 07:30:53,274 - INFO - 签出 弹窗关闭按钮已点击。
2025-05-22 07:31:18,294 - INFO - 检查签入按钮状态
2025-05-22 07:31:18,331 - INFO - 检查签出按钮状态以决定是否点击签入按钮
2025-05-22 07:31:18,390 - INFO - 签入 按钮已点击。
2025-05-22 07:31:23,478 - INFO - 签入 弹窗关闭按钮已点击。
2025-05-22 07:31:33,491 - INFO - 关闭浏览器
2025-05-22 07:32:48,019 - ERROR - Service process refused to terminate gracefully with SIGTERM, escalating to SIGKILL.
Traceback (most recent call last):
  File "/opt/anaconda3/envs/oa/lib/python3.10/site-packages/selenium/webdriver/common/service.py", line 172, in _terminate_process
    self.process.wait(60)
  File "/opt/anaconda3/envs/oa/lib/python3.10/subprocess.py", line 1209, in wait
    return self._wait(timeout=timeout)
  File "/opt/anaconda3/envs/oa/lib/python3.10/subprocess.py", line 1951, in _wait
    raise TimeoutExpired(self.args, timeout)
subprocess.TimeoutExpired: Command '['/usr/local/bin/chromedriver', '--port=53024']' timed out after 60 seconds
2025-05-22 12:00:20,340 - INFO - 打开网址: https://myoa.omenow.com/Schedule/MySchedule/
2025-05-22 12:00:23,330 - INFO - 输入用户名和密码
2025-05-22 12:00:24,654 - INFO - 点击登录按钮
2025-05-22 12:00:53,723 - INFO - 未找到弹窗或弹窗已经关闭
2025-05-22 12:00:53,725 - INFO - ---------------------------------------------------
2025-05-22 12:00:53,726 - INFO - 今天是工作日，执行签出签入流程。
2025-05-22 12:00:53,726 - INFO - 今天是星期3
2025-05-22 12:00:53,726 - INFO - 检查签出按钮状态
2025-05-22 12:00:53,812 - INFO - 签出 按钮已点击。
2025-05-22 12:00:58,900 - INFO - 签出 弹窗关闭按钮已点击。
2025-05-22 12:01:23,919 - INFO - 检查签入按钮状态
2025-05-22 12:01:23,956 - INFO - 检查签出按钮状态以决定是否点击签入按钮
2025-05-22 12:01:24,018 - INFO - 签入 按钮已点击。
2025-05-22 12:01:29,097 - INFO - 签入 弹窗关闭按钮已点击。
2025-05-22 12:01:39,098 - INFO - 关闭浏览器
2025-05-22 12:02:55,911 - ERROR - Service process refused to terminate gracefully with SIGTERM, escalating to SIGKILL.
Traceback (most recent call last):
  File "/opt/anaconda3/envs/oa/lib/python3.10/site-packages/selenium/webdriver/common/service.py", line 172, in _terminate_process
    self.process.wait(60)
  File "/opt/anaconda3/envs/oa/lib/python3.10/subprocess.py", line 1209, in wait
    return self._wait(timeout=timeout)
  File "/opt/anaconda3/envs/oa/lib/python3.10/subprocess.py", line 1951, in _wait
    raise TimeoutExpired(self.args, timeout)
subprocess.TimeoutExpired: Command '['/usr/local/bin/chromedriver', '--port=55931']' timed out after 60 seconds
2025-05-23 07:30:19,493 - INFO - 打开网址: https://myoa.omenow.com/Schedule/MySchedule/
2025-05-23 07:30:23,162 - INFO - 输入用户名和密码
2025-05-23 07:30:23,260 - INFO - 点击登录按钮
2025-05-23 07:30:48,558 - INFO - 未找到弹窗或弹窗已经关闭
2025-05-23 07:30:48,560 - INFO - ---------------------------------------------------
2025-05-23 07:30:48,561 - INFO - 今天是工作日，执行签出签入流程。
2025-05-23 07:30:48,561 - INFO - 今天是星期4
2025-05-23 07:30:48,561 - INFO - 检查签出按钮状态
2025-05-23 07:30:48,665 - INFO - 签出 按钮已点击。
2025-05-23 07:30:53,805 - INFO - 签出 弹窗关闭按钮已点击。
2025-05-23 07:31:18,825 - INFO - 检查签入按钮状态
2025-05-23 07:31:18,862 - INFO - 检查签出按钮状态以决定是否点击签入按钮
2025-05-23 07:31:18,919 - INFO - 签入 按钮已点击。
2025-05-23 07:31:24,007 - INFO - 签入 弹窗关闭按钮已点击。
2025-05-23 07:31:34,018 - INFO - 关闭浏览器
2025-05-23 07:32:50,326 - ERROR - Service process refused to terminate gracefully with SIGTERM, escalating to SIGKILL.
Traceback (most recent call last):
  File "/opt/anaconda3/envs/oa/lib/python3.10/site-packages/selenium/webdriver/common/service.py", line 172, in _terminate_process
    self.process.wait(60)
  File "/opt/anaconda3/envs/oa/lib/python3.10/subprocess.py", line 1209, in wait
    return self._wait(timeout=timeout)
  File "/opt/anaconda3/envs/oa/lib/python3.10/subprocess.py", line 1951, in _wait
    raise TimeoutExpired(self.args, timeout)
subprocess.TimeoutExpired: Command '['/usr/local/bin/chromedriver', '--port=64759']' timed out after 60 seconds
2025-05-23 12:00:18,604 - INFO - 打开网址: https://myoa.omenow.com/Schedule/MySchedule/
2025-05-23 12:00:19,901 - INFO - 输入用户名和密码
2025-05-23 12:00:20,002 - INFO - 点击登录按钮
2025-05-23 12:00:45,285 - INFO - 未找到弹窗或弹窗已经关闭
2025-05-23 12:00:45,285 - INFO - ---------------------------------------------------
2025-05-23 12:00:45,285 - INFO - 今天是工作日，执行签出签入流程。
2025-05-23 12:00:45,285 - INFO - 今天是星期4
2025-05-23 12:00:45,286 - INFO - 检查签出按钮状态
2025-05-23 12:00:45,365 - INFO - 签出 按钮已点击。
2025-05-23 12:00:50,441 - INFO - 签出 弹窗关闭按钮已点击。
2025-05-23 12:01:15,461 - INFO - 检查签入按钮状态
2025-05-23 12:01:15,495 - INFO - 检查签出按钮状态以决定是否点击签入按钮
2025-05-23 12:01:15,557 - INFO - 签入 按钮已点击。
2025-05-23 12:01:20,641 - INFO - 签入 弹窗关闭按钮已点击。
2025-05-23 12:01:30,651 - INFO - 关闭浏览器
2025-05-24 13:31:05,283 - INFO - Current time: 2025-05-24 13:31:05
2025-05-24 13:31:06,196 - INFO - 打开网址: https://myoa.omenow.com/Schedule/MySchedule/
2025-05-24 13:31:07,444 - INFO - 输入用户名和密码
2025-05-24 13:31:07,519 - INFO - 点击登录按钮
2025-05-24 13:31:27,569 - INFO - ---------------------------------------------------
2025-05-24 13:31:27,570 - INFO - 周六移动办公签出
2025-05-24 13:31:27,670 - INFO - 周六移动办公签出 按钮已点击。
2025-05-24 13:31:32,802 - INFO - 周六移动办公签出 弹窗关闭按钮已点击。
2025-05-24 13:31:37,813 - INFO - 关闭浏览器
2025-05-27 07:30:19,284 - INFO - 打开网址: https://myoa.omenow.com/Schedule/MySchedule/
2025-05-27 07:30:20,427 - INFO - 输入用户名和密码
2025-05-27 07:30:20,533 - INFO - 点击登录按钮
2025-05-27 07:30:45,920 - INFO - 未找到弹窗或弹窗已经关闭
2025-05-27 07:30:45,926 - INFO - ---------------------------------------------------
2025-05-27 07:30:45,926 - INFO - 今天是工作日，执行签出签入流程。
2025-05-27 07:30:45,926 - INFO - 今天是星期1
2025-05-27 07:30:45,926 - INFO - 检查签出按钮状态
2025-05-27 07:30:46,004 - INFO - 签出 按钮已点击。
2025-05-27 07:30:51,092 - INFO - 签出 弹窗关闭按钮已点击。
2025-05-27 07:31:16,109 - INFO - 检查签入按钮状态
2025-05-27 07:31:16,140 - INFO - 检查签出按钮状态以决定是否点击签入按钮
2025-05-27 07:31:16,201 - INFO - 签入 按钮已点击。
2025-05-27 07:31:21,282 - INFO - 签入 弹窗关闭按钮已点击。
2025-05-27 07:31:31,292 - INFO - 关闭浏览器
2025-05-27 12:00:19,745 - INFO - 打开网址: https://myoa.omenow.com/Schedule/MySchedule/
2025-05-27 12:00:21,092 - INFO - 输入用户名和密码
2025-05-27 12:00:21,195 - INFO - 点击登录按钮
2025-05-27 12:00:46,432 - INFO - 未找到弹窗或弹窗已经关闭
2025-05-27 12:00:46,434 - INFO - ---------------------------------------------------
2025-05-27 12:00:46,434 - INFO - 今天是工作日，执行签出签入流程。
2025-05-27 12:00:46,434 - INFO - 今天是星期1
2025-05-27 12:00:46,434 - INFO - 检查签出按钮状态
2025-05-27 12:00:46,517 - INFO - 签出 按钮已点击。
2025-05-27 12:00:51,608 - INFO - 签出 弹窗关闭按钮已点击。
2025-05-27 12:01:16,610 - INFO - 检查签入按钮状态
2025-05-27 12:01:16,642 - INFO - 检查签出按钮状态以决定是否点击签入按钮
2025-05-27 12:01:16,704 - INFO - 签入 按钮已点击。
2025-05-27 12:01:21,778 - INFO - 签入 弹窗关闭按钮已点击。
2025-05-27 12:01:31,779 - INFO - 关闭浏览器
2025-05-28 07:30:22,905 - INFO - 打开网址: https://myoa.omenow.com/Schedule/MySchedule/
2025-05-28 07:30:23,279 - ERROR - 发生异常: Message: unknown error: net::ERR_CONNECTION_CLOSED
  (Session info: chrome=136.0.7103.116)
Stacktrace:
0   chromedriver                        0x0000000100a8adec cxxbridge1$str$ptr + 2817040
1   chromedriver                        0x0000000100a83088 cxxbridge1$str$ptr + 2784940
2   chromedriver                        0x00000001005ca8d8 cxxbridge1$string$len + 93028
3   chromedriver                        0x00000001005c2e38 cxxbridge1$string$len + 61636
4   chromedriver                        0x00000001005b4fec cxxbridge1$string$len + 4728
5   chromedriver                        0x00000001005b69cc cxxbridge1$string$len + 11352
6   chromedriver                        0x00000001005b5454 cxxbridge1$string$len + 5856
7   chromedriver                        0x00000001005b4dc8 cxxbridge1$string$len + 4180
8   chromedriver                        0x00000001005b4b14 cxxbridge1$string$len + 3488
9   chromedriver                        0x00000001005b28f8 chromedriver + 190712
10  chromedriver                        0x00000001005b3354 chromedriver + 193364
11  chromedriver                        0x00000001005cd888 cxxbridge1$string$len + 105236
12  chromedriver                        0x0000000100653224 cxxbridge1$string$len + 652464
13  chromedriver                        0x00000001006527b8 cxxbridge1$string$len + 649796
14  chromedriver                        0x0000000100605a80 cxxbridge1$string$len + 335116
15  chromedriver                        0x0000000100a4fc74 cxxbridge1$str$ptr + 2575000
16  chromedriver                        0x0000000100a52f40 cxxbridge1$str$ptr + 2588004
17  chromedriver                        0x0000000100a2f9fc cxxbridge1$str$ptr + 2443296
18  chromedriver                        0x0000000100a537bc cxxbridge1$str$ptr + 2590176
19  chromedriver                        0x0000000100a20af0 cxxbridge1$str$ptr + 2382100
20  chromedriver                        0x0000000100a739a0 cxxbridge1$str$ptr + 2721732
21  chromedriver                        0x0000000100a73b2c cxxbridge1$str$ptr + 2722128
22  chromedriver                        0x0000000100a82cd4 cxxbridge1$str$ptr + 2783992
23  libsystem_pthread.dylib             0x00000001a7e6bfa8 _pthread_start + 148
24  libsystem_pthread.dylib             0x00000001a7e66da0 thread_start + 8

2025-05-28 07:30:23,279 - INFO - 关闭浏览器
2025-05-28 12:00:19,621 - INFO - 打开网址: https://myoa.omenow.com/Schedule/MySchedule/
2025-05-28 12:00:22,727 - INFO - 输入用户名和密码
2025-05-28 12:00:22,829 - INFO - 点击登录按钮
2025-05-28 12:00:48,126 - INFO - 未找到弹窗或弹窗已经关闭
2025-05-28 12:00:48,126 - INFO - ---------------------------------------------------
2025-05-28 12:00:48,126 - INFO - 今天是工作日，执行签出签入流程。
2025-05-28 12:00:48,126 - INFO - 今天是星期2
2025-05-28 12:00:48,126 - INFO - 检查签出按钮状态
2025-05-28 12:00:48,219 - INFO - 签出 按钮已点击。
2025-05-28 12:00:53,304 - INFO - 签出 弹窗关闭按钮已点击。
2025-05-28 12:01:18,317 - INFO - 检查签入按钮状态
2025-05-28 12:01:18,349 - INFO - 检查签出按钮状态以决定是否点击签入按钮
2025-05-28 12:01:18,420 - INFO - 签入 按钮已点击。
2025-05-28 12:01:23,518 - INFO - 签入 弹窗关闭按钮已点击。
2025-05-28 12:01:33,524 - INFO - 关闭浏览器
2025-05-28 12:02:46,992 - ERROR - Service process refused to terminate gracefully with SIGTERM, escalating to SIGKILL.
Traceback (most recent call last):
  File "/opt/anaconda3/envs/oa/lib/python3.10/site-packages/selenium/webdriver/common/service.py", line 172, in _terminate_process
    self.process.wait(60)
  File "/opt/anaconda3/envs/oa/lib/python3.10/subprocess.py", line 1209, in wait
    return self._wait(timeout=timeout)
  File "/opt/anaconda3/envs/oa/lib/python3.10/subprocess.py", line 1951, in _wait
    raise TimeoutExpired(self.args, timeout)
subprocess.TimeoutExpired: Command '['/usr/local/bin/chromedriver', '--port=50424']' timed out after 60 seconds
2025-05-29 07:30:20,013 - INFO - 打开网址: https://myoa.omenow.com/Schedule/MySchedule/
2025-05-29 07:30:21,177 - INFO - 输入用户名和密码
2025-05-29 07:30:21,347 - INFO - 点击登录按钮
2025-05-29 07:30:46,683 - INFO - 未找到弹窗或弹窗已经关闭
2025-05-29 07:30:46,684 - INFO - ---------------------------------------------------
2025-05-29 07:30:46,685 - INFO - 今天是工作日，执行签出签入流程。
2025-05-29 07:30:46,685 - INFO - 今天是星期3
2025-05-29 07:30:46,685 - INFO - 检查签出按钮状态
2025-05-29 07:30:46,779 - INFO - 签出 按钮已点击。
2025-05-29 07:30:51,864 - INFO - 签出 弹窗关闭按钮已点击。
2025-05-29 07:31:16,875 - INFO - 检查签入按钮状态
2025-05-29 07:31:16,908 - INFO - 检查签出按钮状态以决定是否点击签入按钮
2025-05-29 07:31:16,976 - INFO - 签入 按钮已点击。
2025-05-29 07:31:22,066 - INFO - 签入 弹窗关闭按钮已点击。
2025-05-29 07:31:32,016 - INFO - 关闭浏览器
2025-05-29 12:00:19,298 - INFO - 打开网址: https://myoa.omenow.com/Schedule/MySchedule/
2025-05-29 12:00:20,547 - INFO - 输入用户名和密码
2025-05-29 12:00:20,648 - INFO - 点击登录按钮
2025-05-29 12:00:45,955 - INFO - 未找到弹窗或弹窗已经关闭
2025-05-29 12:00:45,958 - INFO - ---------------------------------------------------
2025-05-29 12:00:45,958 - INFO - 今天是工作日，执行签出签入流程。
2025-05-29 12:00:45,958 - INFO - 今天是星期3
2025-05-29 12:00:45,959 - INFO - 检查签出按钮状态
2025-05-29 12:00:46,050 - INFO - 签出 按钮已点击。
2025-05-29 12:00:51,128 - INFO - 签出 弹窗关闭按钮已点击。
2025-05-29 12:01:16,144 - INFO - 检查签入按钮状态
2025-05-29 12:01:16,190 - INFO - 检查签出按钮状态以决定是否点击签入按钮
2025-05-29 12:01:16,259 - INFO - 签入 按钮已点击。
2025-05-29 12:01:21,352 - INFO - 签入 弹窗关闭按钮已点击。
2025-05-29 12:01:31,358 - INFO - 关闭浏览器
2025-05-30 07:30:19,409 - INFO - 打开网址: https://myoa.omenow.com/Schedule/MySchedule/
2025-05-30 07:30:20,664 - INFO - 输入用户名和密码
2025-05-30 07:30:20,760 - INFO - 点击登录按钮
2025-05-30 07:30:46,217 - INFO - 未找到弹窗或弹窗已经关闭
2025-05-30 07:30:46,219 - INFO - ---------------------------------------------------
2025-05-30 07:30:46,219 - INFO - 今天是工作日，执行签出签入流程。
2025-05-30 07:30:46,219 - INFO - 今天是星期4
2025-05-30 07:30:46,219 - INFO - 检查签出按钮状态
2025-05-30 07:30:46,312 - INFO - 签出 按钮已点击。
2025-05-30 07:30:51,412 - INFO - 签出 弹窗关闭按钮已点击。
2025-05-30 07:31:16,431 - INFO - 检查签入按钮状态
2025-05-30 07:31:16,467 - INFO - 检查签出按钮状态以决定是否点击签入按钮
2025-05-30 07:31:16,538 - INFO - 签入 按钮已点击。
2025-05-30 07:31:21,620 - INFO - 签入 弹窗关闭按钮已点击。
2025-05-30 07:31:31,631 - INFO - 关闭浏览器
2025-05-30 12:00:19,130 - INFO - 打开网址: https://myoa.omenow.com/Schedule/MySchedule/
2025-05-30 12:00:20,352 - INFO - 输入用户名和密码
2025-05-30 12:00:20,459 - INFO - 点击登录按钮
2025-05-30 12:00:45,962 - INFO - 未找到弹窗或弹窗已经关闭
2025-05-30 12:00:45,964 - INFO - ---------------------------------------------------
2025-05-30 12:00:45,964 - INFO - 今天是工作日，执行签出签入流程。
2025-05-30 12:00:45,964 - INFO - 今天是星期4
2025-05-30 12:00:45,964 - INFO - 检查签出按钮状态
2025-05-30 12:00:46,059 - INFO - 签出 按钮已点击。
2025-05-30 12:00:51,149 - INFO - 签出 弹窗关闭按钮已点击。
2025-05-30 12:01:16,159 - INFO - 检查签入按钮状态
2025-05-30 12:01:16,201 - INFO - 检查签出按钮状态以决定是否点击签入按钮
2025-05-30 12:01:16,272 - INFO - 签入 按钮已点击。
2025-05-30 12:01:21,376 - INFO - 签入 弹窗关闭按钮已点击。
2025-05-30 12:01:31,382 - INFO - 关闭浏览器
2025-05-31 13:31:03,579 - INFO - Current time: 2025-05-31 13:31:03
2025-05-31 13:31:04,273 - INFO - 打开网址: https://myoa.omenow.com/Schedule/MySchedule/
2025-05-31 13:31:05,563 - INFO - 输入用户名和密码
2025-05-31 13:31:05,637 - INFO - 点击登录按钮
2025-05-31 13:31:25,684 - INFO - ---------------------------------------------------
2025-05-31 13:31:25,684 - INFO - 周六移动办公签出
2025-05-31 13:31:25,835 - INFO - 周六移动办公签出 按钮已点击。
2025-05-31 13:31:30,934 - INFO - 周六移动办公签出 弹窗关闭按钮已点击。
2025-05-31 13:31:35,945 - INFO - 关闭浏览器
2025-06-02 07:30:19,126 - INFO - 打开网址: https://myoa.omenow.com/Schedule/MySchedule/
2025-06-02 07:30:20,298 - INFO - 输入用户名和密码
2025-06-02 07:30:20,376 - INFO - 点击登录按钮
2025-06-02 07:30:45,747 - INFO - 未找到弹窗或弹窗已经关闭
2025-06-02 07:30:45,749 - INFO - ---------------------------------------------------
2025-06-02 07:30:45,749 - INFO - 今天是工作日，执行签出签入流程。
2025-06-02 07:30:45,749 - INFO - 今天是星期0
2025-06-02 07:30:45,749 - INFO - 检查签出按钮状态
2025-06-02 07:30:45,849 - INFO - 签出 按钮已点击。
2025-06-02 07:30:50,997 - INFO - 签出 弹窗关闭按钮已点击。
2025-06-02 07:31:16,009 - INFO - 检查签入按钮状态
2025-06-02 07:31:16,052 - INFO - 检查签出按钮状态以决定是否点击签入按钮
2025-06-02 07:31:16,124 - INFO - 签入 按钮已点击。
2025-06-02 07:31:21,279 - INFO - 签入 弹窗关闭按钮已点击。
2025-06-02 07:31:31,281 - INFO - 关闭浏览器
2025-06-02 12:00:18,876 - INFO - 打开网址: https://myoa.omenow.com/Schedule/MySchedule/
2025-06-02 12:00:20,465 - INFO - 输入用户名和密码
2025-06-02 12:00:20,598 - INFO - 点击登录按钮
2025-06-02 12:00:46,124 - INFO - 未找到弹窗或弹窗已经关闭
2025-06-02 12:00:46,126 - INFO - ---------------------------------------------------
2025-06-02 12:00:46,126 - INFO - 今天是工作日，执行签出签入流程。
2025-06-02 12:00:46,126 - INFO - 今天是星期0
2025-06-02 12:00:46,126 - INFO - 检查签出按钮状态
2025-06-02 12:00:46,227 - INFO - 签出 按钮已点击。
2025-06-02 12:00:51,361 - INFO - 签出 弹窗关闭按钮已点击。
2025-06-02 12:01:16,387 - INFO - 检查签入按钮状态
2025-06-02 12:01:16,432 - INFO - 检查签出按钮状态以决定是否点击签入按钮
2025-06-02 12:01:16,501 - INFO - 签入 按钮已点击。
2025-06-02 12:01:21,652 - INFO - 签入 弹窗关闭按钮已点击。
2025-06-02 12:01:31,663 - INFO - 关闭浏览器
2025-06-03 07:30:19,141 - INFO - 打开网址: https://myoa.omenow.com/Schedule/MySchedule/
2025-06-03 07:30:21,261 - INFO - 输入用户名和密码
2025-06-03 07:30:21,390 - INFO - 点击登录按钮
2025-06-03 07:30:47,023 - INFO - 未找到弹窗或弹窗已经关闭
2025-06-03 07:30:47,025 - INFO - ---------------------------------------------------
2025-06-03 07:30:47,025 - INFO - 今天是工作日，执行签出签入流程。
2025-06-03 07:30:47,025 - INFO - 今天是星期1
2025-06-03 07:30:47,025 - INFO - 检查签出按钮状态
2025-06-03 07:30:47,124 - INFO - 签出 按钮已点击。
2025-06-03 07:30:52,258 - INFO - 签出 弹窗关闭按钮已点击。
2025-06-03 07:31:17,269 - INFO - 检查签入按钮状态
2025-06-03 07:31:17,291 - INFO - 检查签出按钮状态以决定是否点击签入按钮
2025-06-03 07:31:17,369 - INFO - 签入 按钮已点击。
2025-06-03 07:31:22,511 - INFO - 签入 弹窗关闭按钮已点击。
2025-06-03 07:31:32,516 - INFO - 关闭浏览器
2025-06-03 12:00:19,612 - INFO - 打开网址: https://myoa.omenow.com/Schedule/MySchedule/
2025-06-03 12:00:20,817 - INFO - 输入用户名和密码
2025-06-03 12:00:20,929 - INFO - 点击登录按钮
2025-06-03 12:00:47,608 - INFO - 未找到弹窗或弹窗已经关闭
2025-06-03 12:00:47,609 - INFO - ---------------------------------------------------
2025-06-03 12:00:47,609 - INFO - 今天是工作日，执行签出签入流程。
2025-06-03 12:00:47,609 - INFO - 今天是星期1
2025-06-03 12:00:47,609 - INFO - 检查签出按钮状态
2025-06-03 12:00:47,697 - INFO - 签出 按钮已点击。
2025-06-03 12:00:52,837 - INFO - 签出 弹窗关闭按钮已点击。
2025-06-03 12:01:17,855 - INFO - 检查签入按钮状态
2025-06-03 12:01:17,901 - INFO - 检查签出按钮状态以决定是否点击签入按钮
2025-06-03 12:01:17,980 - INFO - 签入 按钮已点击。
2025-06-03 12:01:23,107 - INFO - 签入 弹窗关闭按钮已点击。
2025-06-03 12:01:33,111 - INFO - 关闭浏览器
2025-06-04 07:30:16,938 - INFO - 打开网址: https://myoa.omenow.com/Schedule/MySchedule/
2025-06-04 07:30:17,278 - INFO - 输入用户名和密码
2025-06-04 07:30:17,391 - INFO - 点击登录按钮
2025-06-04 07:30:42,701 - INFO - 未找到弹窗或弹窗已经关闭
2025-06-04 07:30:42,704 - INFO - ---------------------------------------------------
2025-06-04 07:30:42,704 - INFO - 今天是工作日，执行签出签入流程。
2025-06-04 07:30:42,704 - INFO - 今天是星期2
2025-06-04 07:30:42,705 - INFO - 检查签出按钮状态
2025-06-04 07:30:42,796 - INFO - 签出 按钮已点击。
2025-06-04 07:30:47,936 - INFO - 签出 弹窗关闭按钮已点击。
2025-06-04 07:31:12,945 - INFO - 检查签入按钮状态
2025-06-04 07:31:12,981 - INFO - 检查签出按钮状态以决定是否点击签入按钮
2025-06-04 07:31:13,055 - INFO - 签入 按钮已点击。
2025-06-04 07:31:18,198 - INFO - 签入 弹窗关闭按钮已点击。
2025-06-04 07:31:28,203 - INFO - 关闭浏览器
2025-06-04 12:00:18,960 - INFO - 打开网址: https://myoa.omenow.com/Schedule/MySchedule/
2025-06-04 12:00:20,204 - INFO - 输入用户名和密码
2025-06-04 12:00:20,322 - INFO - 点击登录按钮
2025-06-04 12:00:45,804 - INFO - 未找到弹窗或弹窗已经关闭
2025-06-04 12:00:45,807 - INFO - ---------------------------------------------------
2025-06-04 12:00:45,810 - INFO - 今天是工作日，执行签出签入流程。
2025-06-04 12:00:45,810 - INFO - 今天是星期2
2025-06-04 12:00:45,810 - INFO - 检查签出按钮状态
2025-06-04 12:00:45,906 - INFO - 签出 按钮已点击。
2025-06-04 12:00:51,043 - INFO - 签出 弹窗关闭按钮已点击。
2025-06-04 12:01:16,057 - INFO - 检查签入按钮状态
2025-06-04 12:01:16,098 - INFO - 检查签出按钮状态以决定是否点击签入按钮
2025-06-04 12:01:16,167 - INFO - 签入 按钮已点击。
2025-06-04 12:01:21,310 - INFO - 签入 弹窗关闭按钮已点击。
2025-06-04 12:01:31,322 - INFO - 关闭浏览器
2025-06-05 07:31:23,728 - ERROR - Service process refused to terminate gracefully with SIGTERM, escalating to SIGKILL.
Traceback (most recent call last):
  File "/opt/anaconda3/envs/oa/lib/python3.10/site-packages/selenium/webdriver/chromium/webdriver.py", line 66, in __init__
    super().__init__(command_executor=executor, options=options)
  File "/opt/anaconda3/envs/oa/lib/python3.10/site-packages/selenium/webdriver/remote/webdriver.py", line 212, in __init__
    self.start_session(capabilities)
  File "/opt/anaconda3/envs/oa/lib/python3.10/site-packages/selenium/webdriver/remote/webdriver.py", line 299, in start_session
    response = self.execute(Command.NEW_SESSION, caps)["value"]
  File "/opt/anaconda3/envs/oa/lib/python3.10/site-packages/selenium/webdriver/remote/webdriver.py", line 354, in execute
    self.error_handler.check_response(response)
  File "/opt/anaconda3/envs/oa/lib/python3.10/site-packages/selenium/webdriver/remote/errorhandler.py", line 229, in check_response
    raise exception_class(message, screen, stacktrace)
selenium.common.exceptions.SessionNotCreatedException: Message: session not created: This version of ChromeDriver only supports Chrome version 135
Current browser version is 137.0.7151.68 with binary path /Applications/Google Chrome.app/Contents/MacOS/Google Chrome
Stacktrace:
0   chromedriver                        0x0000000102ab2dec cxxbridge1$str$ptr + 2817040
1   chromedriver                        0x0000000102aab088 cxxbridge1$str$ptr + 2784940
2   chromedriver                        0x00000001025f28d8 cxxbridge1$string$len + 93028
3   chromedriver                        0x000000010262abac cxxbridge1$string$len + 323128
4   chromedriver                        0x0000000102629d7c cxxbridge1$string$len + 319496
5   chromedriver                        0x0000000102625d4c cxxbridge1$string$len + 303064
6   chromedriver                        0x0000000102621f54 cxxbridge1$string$len + 287200
7   chromedriver                        0x0000000102666b50 cxxbridge1$string$len + 568796
8   chromedriver                        0x00000001026663c0 cxxbridge1$string$len + 566860
9   chromedriver                        0x000000010262da80 cxxbridge1$string$len + 335116
10  chromedriver                        0x0000000102a77c74 cxxbridge1$str$ptr + 2575000
11  chromedriver                        0x0000000102a7af40 cxxbridge1$str$ptr + 2588004
12  chromedriver                        0x0000000102a579fc cxxbridge1$str$ptr + 2443296
13  chromedriver                        0x0000000102a7b7bc cxxbridge1$str$ptr + 2590176
14  chromedriver                        0x0000000102a48af0 cxxbridge1$str$ptr + 2382100
15  chromedriver                        0x0000000102a9b9a0 cxxbridge1$str$ptr + 2721732
16  chromedriver                        0x0000000102a9bb2c cxxbridge1$str$ptr + 2722128
17  chromedriver                        0x0000000102aaacd4 cxxbridge1$str$ptr + 2783992
18  libsystem_pthread.dylib             0x00000001a7e6bfa8 _pthread_start + 148
19  libsystem_pthread.dylib             0x00000001a7e66da0 thread_start + 8


During handling of the above exception, another exception occurred:

Traceback (most recent call last):
  File "/opt/anaconda3/envs/oa/lib/python3.10/site-packages/selenium/webdriver/common/service.py", line 172, in _terminate_process
    self.process.wait(60)
  File "/opt/anaconda3/envs/oa/lib/python3.10/subprocess.py", line 1209, in wait
    return self._wait(timeout=timeout)
  File "/opt/anaconda3/envs/oa/lib/python3.10/subprocess.py", line 1951, in _wait
    raise TimeoutExpired(self.args, timeout)
subprocess.TimeoutExpired: Command '['/usr/local/bin/chromedriver', '--port=60880']' timed out after 60 seconds
2025-06-05 12:01:23,717 - ERROR - Service process refused to terminate gracefully with SIGTERM, escalating to SIGKILL.
Traceback (most recent call last):
  File "/opt/anaconda3/envs/oa/lib/python3.10/site-packages/selenium/webdriver/chromium/webdriver.py", line 66, in __init__
    super().__init__(command_executor=executor, options=options)
  File "/opt/anaconda3/envs/oa/lib/python3.10/site-packages/selenium/webdriver/remote/webdriver.py", line 212, in __init__
    self.start_session(capabilities)
  File "/opt/anaconda3/envs/oa/lib/python3.10/site-packages/selenium/webdriver/remote/webdriver.py", line 299, in start_session
    response = self.execute(Command.NEW_SESSION, caps)["value"]
  File "/opt/anaconda3/envs/oa/lib/python3.10/site-packages/selenium/webdriver/remote/webdriver.py", line 354, in execute
    self.error_handler.check_response(response)
  File "/opt/anaconda3/envs/oa/lib/python3.10/site-packages/selenium/webdriver/remote/errorhandler.py", line 229, in check_response
    raise exception_class(message, screen, stacktrace)
selenium.common.exceptions.SessionNotCreatedException: Message: session not created: This version of ChromeDriver only supports Chrome version 135
Current browser version is 137.0.7151.68 with binary path /Applications/Google Chrome.app/Contents/MacOS/Google Chrome
Stacktrace:
0   chromedriver                        0x000000010520adec cxxbridge1$str$ptr + 2817040
1   chromedriver                        0x0000000105203088 cxxbridge1$str$ptr + 2784940
2   chromedriver                        0x0000000104d4a8d8 cxxbridge1$string$len + 93028
3   chromedriver                        0x0000000104d82bac cxxbridge1$string$len + 323128
4   chromedriver                        0x0000000104d81d7c cxxbridge1$string$len + 319496
5   chromedriver                        0x0000000104d7dd4c cxxbridge1$string$len + 303064
6   chromedriver                        0x0000000104d79f54 cxxbridge1$string$len + 287200
7   chromedriver                        0x0000000104dbeb50 cxxbridge1$string$len + 568796
8   chromedriver                        0x0000000104dbe3c0 cxxbridge1$string$len + 566860
9   chromedriver                        0x0000000104d85a80 cxxbridge1$string$len + 335116
10  chromedriver                        0x00000001051cfc74 cxxbridge1$str$ptr + 2575000
11  chromedriver                        0x00000001051d2f40 cxxbridge1$str$ptr + 2588004
12  chromedriver                        0x00000001051af9fc cxxbridge1$str$ptr + 2443296
13  chromedriver                        0x00000001051d37bc cxxbridge1$str$ptr + 2590176
14  chromedriver                        0x00000001051a0af0 cxxbridge1$str$ptr + 2382100
15  chromedriver                        0x00000001051f39a0 cxxbridge1$str$ptr + 2721732
16  chromedriver                        0x00000001051f3b2c cxxbridge1$str$ptr + 2722128
17  chromedriver                        0x0000000105202cd4 cxxbridge1$str$ptr + 2783992
18  libsystem_pthread.dylib             0x00000001a7e6bfa8 _pthread_start + 148
19  libsystem_pthread.dylib             0x00000001a7e66da0 thread_start + 8


During handling of the above exception, another exception occurred:

Traceback (most recent call last):
  File "/opt/anaconda3/envs/oa/lib/python3.10/site-packages/selenium/webdriver/common/service.py", line 172, in _terminate_process
    self.process.wait(60)
  File "/opt/anaconda3/envs/oa/lib/python3.10/subprocess.py", line 1209, in wait
    return self._wait(timeout=timeout)
  File "/opt/anaconda3/envs/oa/lib/python3.10/subprocess.py", line 1951, in _wait
    raise TimeoutExpired(self.args, timeout)
subprocess.TimeoutExpired: Command '['/usr/local/bin/chromedriver', '--port=54864']' timed out after 60 seconds
2025-06-06 08:24:11,034 - INFO - 打开网址: https://myoa.omenow.com/Schedule/MySchedule/
2025-06-06 08:24:12,318 - INFO - 输入用户名和密码
2025-06-06 08:24:12,420 - INFO - 点击登录按钮
2025-06-06 08:24:37,653 - INFO - 未找到弹窗或弹窗已经关闭
2025-06-06 08:24:37,655 - INFO - ---------------------------------------------------
2025-06-06 08:24:37,656 - INFO - 今天是工作日，执行签出签入流程。
2025-06-06 08:24:37,656 - INFO - 今天是星期4
2025-06-06 08:24:37,656 - INFO - 检查签出按钮状态
2025-06-06 08:24:37,687 - INFO - 签出按钮当前处于禁用状态，无法点击。
2025-06-06 08:24:57,689 - INFO - 检查签入按钮状态
2025-06-06 08:24:57,722 - INFO - 签入按钮当前处于禁用状态，无法点击。
2025-06-06 08:25:12,954 - INFO - 关闭浏览器
2025-06-06 12:00:22,623 - INFO - 打开网址: https://myoa.omenow.com/Schedule/MySchedule/
2025-06-06 12:00:23,856 - INFO - 输入用户名和密码
2025-06-06 12:00:23,962 - INFO - 点击登录按钮
2025-06-06 12:00:51,354 - INFO - 未找到弹窗或弹窗已经关闭
2025-06-06 12:00:51,363 - INFO - ---------------------------------------------------
2025-06-06 12:00:51,363 - INFO - 今天是工作日，执行签出签入流程。
2025-06-06 12:00:51,363 - INFO - 今天是星期4
2025-06-06 12:00:51,363 - INFO - 检查签出按钮状态
2025-06-06 12:00:51,466 - INFO - 签出 按钮已点击。
2025-06-06 12:00:56,601 - INFO - 签出 弹窗关闭按钮已点击。
2025-06-06 12:01:21,623 - INFO - 检查签入按钮状态
2025-06-06 12:01:21,668 - INFO - 检查签出按钮状态以决定是否点击签入按钮
2025-06-06 12:01:21,742 - INFO - 签入 按钮已点击。
2025-06-06 12:01:26,847 - INFO - 签入 弹窗关闭按钮已点击。
2025-06-06 12:01:36,851 - INFO - 关闭浏览器
2025-06-07 13:31:02,758 - INFO - Current time: 2025-06-07 13:31:02
2025-06-07 13:31:04,134 - INFO - 打开网址: https://myoa.omenow.com/Schedule/MySchedule/
2025-06-07 13:31:05,897 - INFO - 输入用户名和密码
2025-06-07 13:31:05,989 - INFO - 点击登录按钮
2025-06-07 13:31:26,038 - INFO - ---------------------------------------------------
2025-06-07 13:31:26,040 - INFO - 周六移动办公签出
2025-06-07 13:31:26,138 - INFO - 周六移动办公签出 按钮已点击。
2025-06-07 13:31:31,282 - INFO - 周六移动办公签出 弹窗关闭按钮已点击。
2025-06-07 13:31:36,292 - INFO - 关闭浏览器
2025-06-09 07:30:18,687 - INFO - 打开网址: https://myoa.omenow.com/Schedule/MySchedule/
2025-06-09 07:30:19,280 - INFO - 输入用户名和密码
2025-06-09 07:30:19,435 - INFO - 点击登录按钮
2025-06-09 07:30:45,098 - INFO - 未找到弹窗或弹窗已经关闭
2025-06-09 07:30:45,101 - INFO - ---------------------------------------------------
2025-06-09 07:30:45,101 - INFO - 今天是工作日，执行签出签入流程。
2025-06-09 07:30:45,101 - INFO - 今天是星期0
2025-06-09 07:30:45,101 - INFO - 检查签出按钮状态
2025-06-09 07:30:45,209 - INFO - 签出 按钮已点击。
2025-06-09 07:30:50,345 - INFO - 签出 弹窗关闭按钮已点击。
2025-06-09 07:31:15,365 - INFO - 检查签入按钮状态
2025-06-09 07:31:15,409 - INFO - 检查签出按钮状态以决定是否点击签入按钮
2025-06-09 07:31:15,480 - INFO - 签入 按钮已点击。
2025-06-09 07:31:20,546 - INFO - 签入 弹窗关闭按钮已点击。
2025-06-09 07:31:30,546 - INFO - 关闭浏览器
2025-06-09 12:00:18,489 - INFO - 打开网址: https://myoa.omenow.com/Schedule/MySchedule/
2025-06-09 12:00:20,456 - INFO - 输入用户名和密码
2025-06-09 12:00:20,586 - INFO - 点击登录按钮
2025-06-09 12:00:46,109 - INFO - 未找到弹窗或弹窗已经关闭
2025-06-09 12:00:46,111 - INFO - ---------------------------------------------------
2025-06-09 12:00:46,111 - INFO - 今天是工作日，执行签出签入流程。
2025-06-09 12:00:46,111 - INFO - 今天是星期0
2025-06-09 12:00:46,112 - INFO - 检查签出按钮状态
2025-06-09 12:00:46,211 - INFO - 签出 按钮已点击。
2025-06-09 12:00:51,355 - INFO - 签出 弹窗关闭按钮已点击。
2025-06-09 12:01:16,360 - INFO - 检查签入按钮状态
2025-06-09 12:01:16,395 - INFO - 检查签出按钮状态以决定是否点击签入按钮
2025-06-09 12:01:16,460 - INFO - 签入 按钮已点击。
2025-06-09 12:01:21,601 - INFO - 签入 弹窗关闭按钮已点击。
2025-06-09 12:01:31,612 - INFO - 关闭浏览器
2025-06-10 07:30:21,129 - INFO - 打开网址: https://myoa.omenow.com/Schedule/MySchedule/
2025-06-10 07:30:24,200 - INFO - 输入用户名和密码
2025-06-10 07:30:24,320 - INFO - 点击登录按钮
2025-06-10 07:30:49,715 - INFO - 未找到弹窗或弹窗已经关闭
2025-06-10 07:30:49,722 - INFO - ---------------------------------------------------
2025-06-10 07:30:49,723 - INFO - 今天是工作日，执行签出签入流程。
2025-06-10 07:30:49,723 - INFO - 今天是星期1
2025-06-10 07:30:49,723 - INFO - 检查签出按钮状态
2025-06-10 07:30:49,803 - INFO - 签出 按钮已点击。
2025-06-10 07:30:54,949 - INFO - 签出 弹窗关闭按钮已点击。
2025-06-10 07:31:19,970 - INFO - 检查签入按钮状态
2025-06-10 07:31:20,001 - INFO - 检查签出按钮状态以决定是否点击签入按钮
2025-06-10 07:31:20,068 - INFO - 签入 按钮已点击。
2025-06-10 07:31:25,209 - INFO - 签入 弹窗关闭按钮已点击。
2025-06-10 07:31:35,220 - INFO - 关闭浏览器
2025-06-10 12:00:19,786 - INFO - 打开网址: https://myoa.omenow.com/Schedule/MySchedule/
2025-06-10 12:00:21,101 - INFO - 输入用户名和密码
2025-06-10 12:00:21,216 - INFO - 点击登录按钮
2025-06-10 12:00:46,883 - INFO - 未找到弹窗或弹窗已经关闭
2025-06-10 12:00:46,885 - INFO - ---------------------------------------------------
2025-06-10 12:00:46,885 - INFO - 今天是工作日，执行签出签入流程。
2025-06-10 12:00:46,886 - INFO - 今天是星期1
2025-06-10 12:00:46,886 - INFO - 检查签出按钮状态
2025-06-10 12:00:46,962 - INFO - 签出 按钮已点击。
2025-06-10 12:00:52,099 - INFO - 签出 弹窗关闭按钮已点击。
2025-06-10 12:01:17,105 - INFO - 检查签入按钮状态
2025-06-10 12:01:17,132 - INFO - 检查签出按钮状态以决定是否点击签入按钮
2025-06-10 12:01:17,200 - INFO - 签入 按钮已点击。
2025-06-10 12:01:22,330 - INFO - 签入 弹窗关闭按钮已点击。
2025-06-10 12:01:32,341 - INFO - 关闭浏览器
2025-06-11 07:30:21,074 - INFO - 打开网址: https://myoa.omenow.com/Schedule/MySchedule/
2025-06-11 07:30:21,289 - INFO - 输入用户名和密码
2025-06-11 07:30:22,511 - INFO - 点击登录按钮
2025-06-11 07:30:47,874 - INFO - 未找到弹窗或弹窗已经关闭
2025-06-11 07:30:47,876 - INFO - ---------------------------------------------------
2025-06-11 07:30:47,876 - INFO - 今天是工作日，执行签出签入流程。
2025-06-11 07:30:47,876 - INFO - 今天是星期2
2025-06-11 07:30:47,876 - INFO - 检查签出按钮状态
2025-06-11 07:30:47,964 - INFO - 签出 按钮已点击。
2025-06-11 07:30:53,109 - INFO - 签出 弹窗关闭按钮已点击。
2025-06-11 07:31:18,127 - INFO - 检查签入按钮状态
2025-06-11 07:31:18,171 - INFO - 检查签出按钮状态以决定是否点击签入按钮
2025-06-11 07:31:18,240 - INFO - 签入 按钮已点击。
2025-06-11 07:31:23,357 - INFO - 签入 弹窗关闭按钮已点击。
2025-06-11 07:31:33,364 - INFO - 关闭浏览器
2025-06-11 12:00:22,338 - INFO - 打开网址: https://myoa.omenow.com/Schedule/MySchedule/
2025-06-11 12:00:23,705 - INFO - 输入用户名和密码
2025-06-11 12:00:23,784 - INFO - 点击登录按钮
2025-06-11 12:00:50,503 - INFO - 未找到弹窗或弹窗已经关闭
2025-06-11 12:00:50,505 - INFO - ---------------------------------------------------
2025-06-11 12:00:50,505 - INFO - 今天是工作日，执行签出签入流程。
2025-06-11 12:00:50,505 - INFO - 今天是星期2
2025-06-11 12:00:50,505 - INFO - 检查签出按钮状态
2025-06-11 12:00:50,599 - INFO - 签出 按钮已点击。
2025-06-11 12:00:55,731 - INFO - 签出 弹窗关闭按钮已点击。
2025-06-11 12:01:20,738 - INFO - 检查签入按钮状态
2025-06-11 12:01:20,782 - INFO - 检查签出按钮状态以决定是否点击签入按钮
2025-06-11 12:01:20,851 - INFO - 签入 按钮已点击。
2025-06-11 12:01:25,985 - INFO - 签入 弹窗关闭按钮已点击。
2025-06-11 12:01:35,989 - INFO - 关闭浏览器
2025-06-12 07:30:28,468 - INFO - 打开网址: https://myoa.omenow.com/Schedule/MySchedule/
2025-06-12 07:30:29,112 - INFO - 输入用户名和密码
2025-06-12 07:30:29,252 - INFO - 点击登录按钮
2025-06-12 07:30:54,716 - INFO - 未找到弹窗或弹窗已经关闭
2025-06-12 07:30:54,725 - INFO - ---------------------------------------------------
2025-06-12 07:30:54,725 - INFO - 今天是工作日，执行签出签入流程。
2025-06-12 07:30:54,725 - INFO - 今天是星期3
2025-06-12 07:30:54,725 - INFO - 检查签出按钮状态
2025-06-12 07:30:54,817 - INFO - 签出 按钮已点击。
2025-06-12 07:30:59,961 - INFO - 签出 弹窗关闭按钮已点击。
2025-06-12 07:31:24,979 - INFO - 检查签入按钮状态
2025-06-12 07:31:25,011 - INFO - 检查签出按钮状态以决定是否点击签入按钮
2025-06-12 07:31:25,087 - INFO - 签入 按钮已点击。
2025-06-12 07:31:30,217 - INFO - 签入 弹窗关闭按钮已点击。
2025-06-12 07:31:40,229 - INFO - 关闭浏览器
2025-06-13 07:30:22,570 - INFO - 打开网址: https://myoa.omenow.com/Schedule/MySchedule/
2025-06-13 07:30:24,559 - INFO - 输入用户名和密码
2025-06-13 07:30:24,689 - INFO - 点击登录按钮
2025-06-13 07:30:50,070 - INFO - 未找到弹窗或弹窗已经关闭
2025-06-13 07:30:50,071 - INFO - ---------------------------------------------------
2025-06-13 07:30:50,071 - INFO - 今天是工作日，执行签出签入流程。
2025-06-13 07:30:50,071 - INFO - 今天是星期4
2025-06-13 07:30:50,072 - INFO - 检查签出按钮状态
2025-06-13 07:30:50,168 - INFO - 签出 按钮已点击。
2025-06-13 07:30:55,307 - INFO - 签出 弹窗关闭按钮已点击。
2025-06-13 07:31:20,322 - INFO - 检查签入按钮状态
2025-06-13 07:31:20,356 - INFO - 检查签出按钮状态以决定是否点击签入按钮
2025-06-13 07:31:20,415 - INFO - 签入 按钮已点击。
2025-06-13 07:31:25,538 - INFO - 签入 弹窗关闭按钮已点击。
2025-06-13 07:31:35,549 - INFO - 关闭浏览器
2025-06-14 13:31:06,245 - INFO - Current time: 2025-06-14 13:31:06
2025-06-14 13:31:11,200 - INFO - 打开网址: https://myoa.omenow.com/Schedule/MySchedule/
2025-06-14 13:31:12,536 - INFO - 输入用户名和密码
2025-06-14 13:31:12,619 - INFO - 点击登录按钮
2025-06-14 13:31:32,666 - INFO - ---------------------------------------------------
2025-06-14 13:31:32,666 - INFO - 周六移动办公签出
2025-06-14 13:31:32,765 - INFO - 周六移动办公签出 按钮已点击。
2025-06-14 13:31:37,903 - INFO - 周六移动办公签出 弹窗关闭按钮已点击。
2025-06-14 13:31:42,913 - INFO - 关闭浏览器
2025-06-16 07:30:20,949 - INFO - 打开网址: https://myoa.omenow.com/Schedule/MySchedule/
2025-06-16 07:30:21,399 - INFO - 输入用户名和密码
2025-06-16 07:30:21,516 - INFO - 点击登录按钮
2025-06-16 07:30:46,946 - INFO - 未找到弹窗或弹窗已经关闭
2025-06-16 07:30:46,946 - INFO - ---------------------------------------------------
2025-06-16 07:30:46,946 - INFO - 今天是工作日，执行签出签入流程。
2025-06-16 07:30:46,946 - INFO - 今天是星期0
2025-06-16 07:30:46,946 - INFO - 检查签出按钮状态
2025-06-16 07:30:47,029 - INFO - 签出 按钮已点击。
2025-06-16 07:30:52,158 - INFO - 签出 弹窗关闭按钮已点击。
2025-06-16 07:31:17,169 - INFO - 检查签入按钮状态
2025-06-16 07:31:17,207 - INFO - 检查签出按钮状态以决定是否点击签入按钮
2025-06-16 07:31:17,280 - INFO - 签入 按钮已点击。
2025-06-16 07:31:22,420 - INFO - 签入 弹窗关闭按钮已点击。
2025-06-16 07:31:32,426 - INFO - 关闭浏览器
2025-06-16 12:00:19,944 - INFO - 打开网址: https://myoa.omenow.com/Schedule/MySchedule/
2025-06-16 12:00:21,253 - INFO - 输入用户名和密码
2025-06-16 12:00:21,383 - INFO - 点击登录按钮
2025-06-16 12:00:46,841 - INFO - 未找到弹窗或弹窗已经关闭
2025-06-16 12:00:46,843 - INFO - ---------------------------------------------------
2025-06-16 12:00:46,843 - INFO - 今天是工作日，执行签出签入流程。
2025-06-16 12:00:46,843 - INFO - 今天是星期0
2025-06-16 12:00:46,843 - INFO - 检查签出按钮状态
2025-06-16 12:00:46,938 - INFO - 签出 按钮已点击。
2025-06-16 12:00:52,061 - INFO - 签出 弹窗关闭按钮已点击。
2025-06-16 12:01:17,079 - INFO - 检查签入按钮状态
2025-06-16 12:01:17,119 - INFO - 检查签出按钮状态以决定是否点击签入按钮
2025-06-16 12:01:17,184 - INFO - 签入 按钮已点击。
2025-06-16 12:01:22,309 - INFO - 签入 弹窗关闭按钮已点击。
2025-06-16 12:01:32,314 - INFO - 关闭浏览器
2025-06-17 07:30:18,837 - INFO - 打开网址: https://myoa.omenow.com/Schedule/MySchedule/
2025-06-17 07:30:26,711 - INFO - 输入用户名和密码
2025-06-17 07:30:26,818 - INFO - 点击登录按钮
2025-06-17 07:30:52,083 - INFO - 未找到弹窗或弹窗已经关闭
2025-06-17 07:30:52,084 - INFO - ---------------------------------------------------
2025-06-17 07:30:52,084 - INFO - 今天是工作日，执行签出签入流程。
2025-06-17 07:30:52,084 - INFO - 今天是星期1
2025-06-17 07:30:52,084 - INFO - 检查签出按钮状态
2025-06-17 07:30:52,218 - INFO - 签出 按钮已点击。
2025-06-17 07:30:57,292 - INFO - 签出 弹窗关闭按钮已点击。
2025-06-17 07:31:22,295 - INFO - 检查签入按钮状态
2025-06-17 07:31:22,344 - INFO - 检查签出按钮状态以决定是否点击签入按钮
2025-06-17 07:31:22,415 - INFO - 签入 按钮已点击。
2025-06-17 07:31:27,510 - INFO - 签入 弹窗关闭按钮已点击。
2025-06-17 07:31:37,515 - INFO - 关闭浏览器
2025-06-17 12:00:21,264 - INFO - 打开网址: https://myoa.omenow.com/Schedule/MySchedule/
2025-06-17 12:00:24,206 - INFO - 输入用户名和密码
2025-06-17 12:00:24,355 - INFO - 点击登录按钮
2025-06-17 12:00:50,146 - INFO - 未找到弹窗或弹窗已经关闭
2025-06-17 12:00:50,150 - INFO - ---------------------------------------------------
2025-06-17 12:00:50,151 - INFO - 今天是工作日，执行签出签入流程。
2025-06-17 12:00:50,152 - INFO - 今天是星期1
2025-06-17 12:00:50,152 - INFO - 检查签出按钮状态
2025-06-17 12:00:50,241 - INFO - 签出 按钮已点击。
2025-06-17 12:00:55,368 - INFO - 签出 弹窗关闭按钮已点击。
2025-06-17 12:01:20,383 - INFO - 检查签入按钮状态
2025-06-17 12:01:20,414 - INFO - 检查签出按钮状态以决定是否点击签入按钮
2025-06-17 12:01:20,483 - INFO - 签入 按钮已点击。
2025-06-17 12:01:25,622 - INFO - 签入 弹窗关闭按钮已点击。
2025-06-17 12:01:35,638 - INFO - 关闭浏览器
2025-06-18 07:30:24,518 - INFO - 打开网址: https://myoa.omenow.com/Schedule/MySchedule/
2025-06-18 07:30:24,901 - INFO - 输入用户名和密码
2025-06-18 07:30:24,999 - INFO - 点击登录按钮
2025-06-18 07:30:50,252 - INFO - 未找到弹窗或弹窗已经关闭
2025-06-18 07:30:50,253 - INFO - ---------------------------------------------------
2025-06-18 07:30:50,253 - INFO - 今天是工作日，执行签出签入流程。
2025-06-18 07:30:50,253 - INFO - 今天是星期2
2025-06-18 07:30:50,253 - INFO - 检查签出按钮状态
2025-06-18 07:30:50,337 - INFO - 签出 按钮已点击。
2025-06-18 07:30:55,470 - INFO - 签出 弹窗关闭按钮已点击。
2025-06-18 07:31:20,482 - INFO - 检查签入按钮状态
2025-06-18 07:31:20,507 - INFO - 检查签出按钮状态以决定是否点击签入按钮
2025-06-18 07:31:20,579 - INFO - 签入 按钮已点击。
2025-06-18 07:31:25,709 - INFO - 签入 弹窗关闭按钮已点击。
2025-06-18 07:31:35,713 - INFO - 关闭浏览器
2025-06-18 12:00:23,323 - INFO - 打开网址: https://myoa.omenow.com/Schedule/MySchedule/
2025-06-18 12:00:26,648 - INFO - 输入用户名和密码
2025-06-18 12:00:29,894 - INFO - 点击登录按钮
2025-06-18 12:00:57,579 - INFO - 未找到弹窗或弹窗已经关闭
2025-06-18 12:00:57,580 - INFO - ---------------------------------------------------
2025-06-18 12:00:57,580 - INFO - 今天是工作日，执行签出签入流程。
2025-06-18 12:00:57,580 - INFO - 今天是星期2
2025-06-18 12:00:57,580 - INFO - 检查签出按钮状态
2025-06-18 12:00:57,676 - INFO - 签出 按钮已点击。
2025-06-18 12:01:02,822 - INFO - 签出 弹窗关闭按钮已点击。
2025-06-18 12:01:27,839 - INFO - 检查签入按钮状态
2025-06-18 12:01:27,873 - INFO - 检查签出按钮状态以决定是否点击签入按钮
2025-06-18 12:01:27,946 - INFO - 签入 按钮已点击。
2025-06-18 12:01:33,095 - INFO - 签入 弹窗关闭按钮已点击。
2025-06-18 12:01:43,097 - INFO - 关闭浏览器
2025-06-18 12:02:58,647 - ERROR - Service process refused to terminate gracefully with SIGTERM, escalating to SIGKILL.
Traceback (most recent call last):
  File "/opt/anaconda3/envs/oa/lib/python3.10/site-packages/selenium/webdriver/common/service.py", line 172, in _terminate_process
    self.process.wait(60)
  File "/opt/anaconda3/envs/oa/lib/python3.10/subprocess.py", line 1209, in wait
    return self._wait(timeout=timeout)
  File "/opt/anaconda3/envs/oa/lib/python3.10/subprocess.py", line 1951, in _wait
    raise TimeoutExpired(self.args, timeout)
subprocess.TimeoutExpired: Command '['/usr/local/bin/chromedriver', '--port=58171']' timed out after 60 seconds
2025-06-19 07:30:24,815 - INFO - 打开网址: https://myoa.omenow.com/Schedule/MySchedule/
2025-06-19 07:30:25,104 - INFO - 输入用户名和密码
2025-06-19 07:30:25,230 - INFO - 点击登录按钮
2025-06-19 07:30:50,613 - INFO - 未找到弹窗或弹窗已经关闭
2025-06-19 07:30:50,617 - INFO - ---------------------------------------------------
2025-06-19 07:30:50,617 - INFO - 今天是工作日，执行签出签入流程。
2025-06-19 07:30:50,617 - INFO - 今天是星期3
2025-06-19 07:30:50,617 - INFO - 检查签出按钮状态
2025-06-19 07:30:50,721 - INFO - 签出 按钮已点击。
2025-06-19 07:30:55,858 - INFO - 签出 弹窗关闭按钮已点击。
2025-06-19 07:31:20,867 - INFO - 检查签入按钮状态
2025-06-19 07:31:20,898 - INFO - 检查签出按钮状态以决定是否点击签入按钮
2025-06-19 07:31:20,967 - INFO - 签入 按钮已点击。
2025-06-19 07:31:26,122 - INFO - 签入 弹窗关闭按钮已点击。
2025-06-19 07:31:36,123 - INFO - 关闭浏览器
2025-06-19 12:00:24,077 - INFO - 打开网址: https://myoa.omenow.com/Schedule/MySchedule/
2025-06-19 12:00:25,439 - INFO - 输入用户名和密码
2025-06-19 12:00:25,557 - INFO - 点击登录按钮
2025-06-19 12:00:51,061 - INFO - 未找到弹窗或弹窗已经关闭
2025-06-19 12:00:51,064 - INFO - ---------------------------------------------------
2025-06-19 12:00:51,064 - INFO - 今天是工作日，执行签出签入流程。
2025-06-19 12:00:51,064 - INFO - 今天是星期3
2025-06-19 12:00:51,068 - INFO - 检查签出按钮状态
2025-06-19 12:00:51,167 - INFO - 签出 按钮已点击。
2025-06-19 12:00:56,304 - INFO - 签出 弹窗关闭按钮已点击。
2025-06-19 12:01:21,317 - INFO - 检查签入按钮状态
2025-06-19 12:01:21,364 - INFO - 检查签出按钮状态以决定是否点击签入按钮
2025-06-19 12:01:21,435 - INFO - 签入 按钮已点击。
2025-06-19 12:01:26,570 - INFO - 签入 弹窗关闭按钮已点击。
2025-06-19 12:01:36,581 - INFO - 关闭浏览器
2025-06-20 07:30:24,594 - INFO - 打开网址: https://myoa.omenow.com/Schedule/MySchedule/
2025-06-20 07:30:27,884 - INFO - 输入用户名和密码
2025-06-20 07:30:27,978 - INFO - 点击登录按钮
2025-06-20 07:30:53,235 - INFO - 未找到弹窗或弹窗已经关闭
2025-06-20 07:30:53,235 - INFO - ---------------------------------------------------
2025-06-20 07:30:53,235 - INFO - 今天是工作日，执行签出签入流程。
2025-06-20 07:30:53,235 - INFO - 今天是星期4
2025-06-20 07:30:53,235 - INFO - 检查签出按钮状态
2025-06-20 07:30:53,329 - INFO - 签出 按钮已点击。
2025-06-20 07:30:58,466 - INFO - 签出 弹窗关闭按钮已点击。
2025-06-20 07:31:23,474 - INFO - 检查签入按钮状态
2025-06-20 07:31:23,509 - INFO - 检查签出按钮状态以决定是否点击签入按钮
2025-06-20 07:31:23,578 - INFO - 签入 按钮已点击。
2025-06-20 07:31:28,691 - INFO - 签入 弹窗关闭按钮已点击。
2025-06-20 07:31:38,696 - INFO - 关闭浏览器
2025-06-20 12:00:24,772 - INFO - 打开网址: https://myoa.omenow.com/Schedule/MySchedule/
2025-06-20 12:00:30,380 - INFO - 输入用户名和密码
2025-06-20 12:00:30,492 - INFO - 点击登录按钮
2025-06-20 12:00:58,934 - INFO - 未找到弹窗或弹窗已经关闭
2025-06-20 12:00:58,935 - INFO - ---------------------------------------------------
2025-06-20 12:00:58,938 - INFO - 今天是工作日，执行签出签入流程。
2025-06-20 12:00:58,939 - INFO - 今天是星期4
2025-06-20 12:00:58,939 - INFO - 检查签出按钮状态
2025-06-20 12:00:59,024 - INFO - 签出 按钮已点击。
2025-06-20 12:01:04,135 - INFO - 签出 弹窗关闭按钮已点击。
2025-06-20 12:01:29,155 - INFO - 检查签入按钮状态
2025-06-20 12:01:29,183 - INFO - 检查签出按钮状态以决定是否点击签入按钮
2025-06-20 12:01:29,263 - INFO - 签入 按钮已点击。
2025-06-20 12:01:34,408 - INFO - 签入 弹窗关闭按钮已点击。
2025-06-20 12:01:44,413 - INFO - 关闭浏览器
2025-06-21 13:31:06,822 - INFO - Current time: 2025-06-21 13:31:06
2025-06-21 13:31:11,948 - INFO - 打开网址: https://myoa.omenow.com/Schedule/MySchedule/
2025-06-21 13:31:13,252 - INFO - 输入用户名和密码
2025-06-21 13:31:13,356 - INFO - 点击登录按钮
2025-06-21 13:31:33,404 - INFO - ---------------------------------------------------
2025-06-21 13:31:33,405 - INFO - 周六移动办公签出
2025-06-21 13:31:33,498 - INFO - 周六移动办公签出 按钮已点击。
2025-06-21 13:31:38,638 - INFO - 周六移动办公签出 弹窗关闭按钮已点击。
2025-06-21 13:31:43,650 - INFO - 关闭浏览器
2025-06-23 07:30:24,007 - INFO - 打开网址: https://myoa.omenow.com/Schedule/MySchedule/
2025-06-23 07:30:24,428 - INFO - 输入用户名和密码
2025-06-23 07:30:32,310 - INFO - 点击登录按钮
2025-06-23 07:30:57,745 - INFO - 未找到弹窗或弹窗已经关闭
2025-06-23 07:30:57,747 - INFO - ---------------------------------------------------
2025-06-23 07:30:57,748 - INFO - 今天是工作日，执行签出签入流程。
2025-06-23 07:30:57,748 - INFO - 今天是星期0
2025-06-23 07:30:57,748 - INFO - 检查签出按钮状态
2025-06-23 07:30:57,839 - INFO - 签出 按钮已点击。
2025-06-23 07:31:02,970 - INFO - 签出 弹窗关闭按钮已点击。
2025-06-23 07:31:27,980 - INFO - 检查签入按钮状态
2025-06-23 07:31:28,018 - INFO - 检查签出按钮状态以决定是否点击签入按钮
2025-06-23 07:31:28,084 - INFO - 签入 按钮已点击。
2025-06-23 07:31:33,217 - INFO - 签入 弹窗关闭按钮已点击。
2025-06-23 07:31:43,223 - INFO - 关闭浏览器
2025-06-23 12:00:24,075 - INFO - 打开网址: https://myoa.omenow.com/Schedule/MySchedule/
2025-06-23 12:00:26,289 - INFO - 输入用户名和密码
2025-06-23 12:00:31,115 - INFO - 点击登录按钮
2025-06-23 12:01:09,075 - INFO - 未找到弹窗或弹窗已经关闭
2025-06-23 12:01:09,077 - INFO - ---------------------------------------------------
2025-06-23 12:01:09,077 - INFO - 今天是工作日，执行签出签入流程。
2025-06-23 12:01:09,077 - INFO - 今天是星期0
2025-06-23 12:01:09,077 - INFO - 检查签出按钮状态
2025-06-23 12:01:09,183 - INFO - 签出 按钮已点击。
2025-06-23 12:01:14,316 - INFO - 签出 弹窗关闭按钮已点击。
2025-06-23 12:01:39,336 - INFO - 检查签入按钮状态
2025-06-23 12:01:39,373 - INFO - 检查签出按钮状态以决定是否点击签入按钮
2025-06-23 12:01:39,439 - INFO - 签入 按钮已点击。
2025-06-23 12:01:44,570 - INFO - 签入 弹窗关闭按钮已点击。
2025-06-23 12:01:54,581 - INFO - 关闭浏览器
2025-06-24 07:30:22,470 - INFO - 打开网址: https://myoa.omenow.com/Schedule/MySchedule/
2025-06-24 07:30:34,341 - INFO - 输入用户名和密码
2025-06-24 07:30:34,454 - INFO - 点击登录按钮
2025-06-24 07:31:00,260 - INFO - 未找到弹窗或弹窗已经关闭
2025-06-24 07:31:00,262 - INFO - ---------------------------------------------------
2025-06-24 07:31:00,262 - INFO - 今天是工作日，执行签出签入流程。
2025-06-24 07:31:00,262 - INFO - 今天是星期1
2025-06-24 07:31:00,262 - INFO - 检查签出按钮状态
2025-06-24 07:31:00,348 - INFO - 签出 按钮已点击。
2025-06-24 07:31:05,482 - INFO - 签出 弹窗关闭按钮已点击。
2025-06-24 07:31:30,491 - INFO - 检查签入按钮状态
2025-06-24 07:31:30,529 - INFO - 检查签出按钮状态以决定是否点击签入按钮
2025-06-24 07:31:30,601 - INFO - 签入 按钮已点击。
2025-06-24 07:31:35,706 - INFO - 签入 弹窗关闭按钮已点击。
2025-06-24 07:31:45,712 - INFO - 关闭浏览器
2025-06-24 12:00:21,669 - INFO - 打开网址: https://myoa.omenow.com/Schedule/MySchedule/
2025-06-24 12:00:25,640 - INFO - 输入用户名和密码
2025-06-24 12:00:25,768 - INFO - 点击登录按钮
2025-06-24 12:00:53,570 - INFO - 未找到弹窗或弹窗已经关闭
2025-06-24 12:00:53,570 - INFO - ---------------------------------------------------
2025-06-24 12:00:53,571 - INFO - 今天是工作日，执行签出签入流程。
2025-06-24 12:00:53,571 - INFO - 今天是星期1
2025-06-24 12:00:53,571 - INFO - 检查签出按钮状态
2025-06-24 12:00:53,656 - INFO - 签出 按钮已点击。
2025-06-24 12:00:58,790 - INFO - 签出 弹窗关闭按钮已点击。
2025-06-24 12:01:23,811 - INFO - 检查签入按钮状态
2025-06-24 12:01:23,842 - INFO - 检查签出按钮状态以决定是否点击签入按钮
2025-06-24 12:01:23,913 - INFO - 签入 按钮已点击。
2025-06-24 12:01:29,023 - INFO - 签入 弹窗关闭按钮已点击。
2025-06-24 12:01:39,027 - INFO - 关闭浏览器
2025-06-25 07:30:18,067 - INFO - 打开网址: https://myoa.omenow.com/Schedule/MySchedule/
2025-06-25 07:30:23,865 - INFO - 输入用户名和密码
2025-06-25 07:30:23,995 - INFO - 点击登录按钮
2025-06-25 07:30:49,301 - INFO - 未找到弹窗或弹窗已经关闭
2025-06-25 07:30:49,304 - INFO - ---------------------------------------------------
2025-06-25 07:30:49,304 - INFO - 今天是工作日，执行签出签入流程。
2025-06-25 07:30:49,304 - INFO - 今天是星期2
2025-06-25 07:30:49,304 - INFO - 检查签出按钮状态
2025-06-25 07:30:49,379 - INFO - 签出 按钮已点击。
2025-06-25 07:30:54,484 - INFO - 签出 弹窗关闭按钮已点击。
2025-06-25 07:31:19,514 - INFO - 检查签入按钮状态
2025-06-25 07:31:19,559 - INFO - 检查签出按钮状态以决定是否点击签入按钮
2025-06-25 07:31:19,639 - INFO - 签入 按钮已点击。
2025-06-25 07:31:24,758 - INFO - 签入 弹窗关闭按钮已点击。
2025-06-25 07:31:34,768 - INFO - 关闭浏览器
2025-06-25 12:00:23,814 - INFO - 打开网址: https://myoa.omenow.com/Schedule/MySchedule/
2025-06-25 12:00:25,376 - INFO - 输入用户名和密码
2025-06-25 12:00:26,875 - INFO - 点击登录按钮
2025-06-25 12:00:55,673 - INFO - 未找到弹窗或弹窗已经关闭
2025-06-25 12:00:55,675 - INFO - ---------------------------------------------------
2025-06-25 12:00:55,675 - INFO - 今天是工作日，执行签出签入流程。
2025-06-25 12:00:55,675 - INFO - 今天是星期2
2025-06-25 12:00:55,675 - INFO - 检查签出按钮状态
2025-06-25 12:00:55,765 - INFO - 签出 按钮已点击。
2025-06-25 12:01:00,893 - INFO - 签出 弹窗关闭按钮已点击。
2025-06-25 12:01:25,904 - INFO - 检查签入按钮状态
2025-06-25 12:01:25,938 - INFO - 检查签出按钮状态以决定是否点击签入按钮
2025-06-25 12:01:26,006 - INFO - 签入 按钮已点击。
2025-06-25 12:01:31,144 - INFO - 签入 弹窗关闭按钮已点击。
2025-06-25 12:01:41,155 - INFO - 关闭浏览器
2025-06-26 07:30:24,568 - INFO - 打开网址: https://myoa.omenow.com/Schedule/MySchedule/
2025-06-26 07:30:41,588 - INFO - 输入用户名和密码
2025-06-26 07:30:41,714 - INFO - 点击登录按钮
2025-06-26 07:31:10,393 - INFO - 未找到弹窗或弹窗已经关闭
2025-06-26 07:31:10,395 - INFO - ---------------------------------------------------
2025-06-26 07:31:10,401 - INFO - 今天是工作日，执行签出签入流程。
2025-06-26 07:31:10,401 - INFO - 今天是星期3
2025-06-26 07:31:10,401 - INFO - 检查签出按钮状态
2025-06-26 07:31:10,505 - INFO - 签出 按钮已点击。
2025-06-26 07:31:15,646 - INFO - 签出 弹窗关闭按钮已点击。
2025-06-26 07:31:40,657 - INFO - 检查签入按钮状态
2025-06-26 07:31:40,706 - INFO - 检查签出按钮状态以决定是否点击签入按钮
2025-06-26 07:31:40,771 - INFO - 签入 按钮已点击。
2025-06-26 07:31:45,901 - INFO - 签入 弹窗关闭按钮已点击。
2025-06-26 07:31:55,907 - INFO - 关闭浏览器
2025-06-26 12:00:21,331 - INFO - 打开网址: https://myoa.omenow.com/Schedule/MySchedule/
2025-06-26 12:00:26,506 - INFO - 输入用户名和密码
2025-06-26 12:00:26,626 - INFO - 点击登录按钮
2025-06-26 12:00:51,888 - INFO - 未找到弹窗或弹窗已经关闭
2025-06-26 12:00:51,890 - INFO - ---------------------------------------------------
2025-06-26 12:00:51,890 - INFO - 今天是工作日，执行签出签入流程。
2025-06-26 12:00:51,890 - INFO - 今天是星期3
2025-06-26 12:00:51,890 - INFO - 检查签出按钮状态
2025-06-26 12:00:51,971 - INFO - 签出 按钮已点击。
2025-06-26 12:00:57,099 - INFO - 签出 弹窗关闭按钮已点击。
2025-06-26 12:01:22,105 - INFO - 检查签入按钮状态
2025-06-26 12:01:22,141 - INFO - 检查签出按钮状态以决定是否点击签入按钮
2025-06-26 12:01:22,219 - INFO - 签入 按钮已点击。
2025-06-26 12:01:27,305 - INFO - 签入 弹窗关闭按钮已点击。
2025-06-26 12:01:37,315 - INFO - 关闭浏览器
2025-06-27 07:30:23,455 - INFO - 打开网址: https://myoa.omenow.com/Schedule/MySchedule/
2025-06-27 07:30:26,107 - INFO - 输入用户名和密码
2025-06-27 07:30:26,236 - INFO - 点击登录按钮
2025-06-27 07:30:51,792 - INFO - 未找到弹窗或弹窗已经关闭
2025-06-27 07:30:51,799 - INFO - ---------------------------------------------------
2025-06-27 07:30:51,799 - INFO - 今天是工作日，执行签出签入流程。
2025-06-27 07:30:51,799 - INFO - 今天是星期4
2025-06-27 07:30:51,799 - INFO - 检查签出按钮状态
2025-06-27 07:30:51,904 - INFO - 签出 按钮已点击。
2025-06-27 07:30:57,045 - INFO - 签出 弹窗关闭按钮已点击。
2025-06-27 07:31:22,055 - INFO - 检查签入按钮状态
2025-06-27 07:31:22,104 - INFO - 检查签出按钮状态以决定是否点击签入按钮
2025-06-27 07:31:22,173 - INFO - 签入 按钮已点击。
2025-06-27 07:31:27,321 - INFO - 签入 弹窗关闭按钮已点击。
2025-06-27 07:31:37,326 - INFO - 关闭浏览器
2025-06-27 12:00:22,080 - INFO - 打开网址: https://myoa.omenow.com/Schedule/MySchedule/
2025-06-27 12:00:26,198 - INFO - 输入用户名和密码
2025-06-27 12:00:26,280 - INFO - 点击登录按钮
2025-06-27 12:00:51,866 - INFO - 未找到弹窗或弹窗已经关闭
2025-06-27 12:00:51,868 - INFO - ---------------------------------------------------
2025-06-27 12:00:51,868 - INFO - 今天是工作日，执行签出签入流程。
2025-06-27 12:00:51,868 - INFO - 今天是星期4
2025-06-27 12:00:51,868 - INFO - 检查签出按钮状态
2025-06-27 12:00:51,971 - INFO - 签出 按钮已点击。
2025-06-27 12:00:57,101 - INFO - 签出 弹窗关闭按钮已点击。
2025-06-27 12:01:22,123 - INFO - 检查签入按钮状态
2025-06-27 12:01:22,165 - INFO - 检查签出按钮状态以决定是否点击签入按钮
2025-06-27 12:01:22,231 - INFO - 签入 按钮已点击。
2025-06-27 12:01:27,374 - INFO - 签入 弹窗关闭按钮已点击。
2025-06-27 12:01:37,385 - INFO - 关闭浏览器
2025-06-28 13:31:05,301 - INFO - Current time: 2025-06-28 13:31:05
2025-06-28 13:31:07,170 - INFO - 打开网址: https://myoa.omenow.com/Schedule/MySchedule/
2025-06-28 13:31:08,546 - INFO - 输入用户名和密码
2025-06-28 13:31:08,632 - INFO - 点击登录按钮
2025-06-28 13:31:28,681 - INFO - ---------------------------------------------------
2025-06-28 13:31:28,683 - INFO - 周六移动办公签出
2025-06-28 13:31:28,787 - INFO - 周六移动办公签出 按钮已点击。
2025-06-28 13:31:33,930 - INFO - 周六移动办公签出 弹窗关闭按钮已点击。
2025-06-28 13:31:38,940 - INFO - 关闭浏览器
2025-06-30 07:30:20,444 - INFO - 打开网址: https://myoa.omenow.com/Schedule/MySchedule/
2025-06-30 07:30:26,741 - INFO - 输入用户名和密码
2025-06-30 07:30:26,844 - INFO - 点击登录按钮
2025-06-30 07:30:52,291 - INFO - 未找到弹窗或弹窗已经关闭
2025-06-30 07:30:52,295 - INFO - ---------------------------------------------------
2025-06-30 07:30:52,296 - INFO - 今天是工作日，执行签出签入流程。
2025-06-30 07:30:52,297 - INFO - 今天是星期0
2025-06-30 07:30:52,299 - INFO - 检查签出按钮状态
2025-06-30 07:30:52,393 - INFO - 签出 按钮已点击。
2025-06-30 07:30:57,525 - INFO - 签出 弹窗关闭按钮已点击。
2025-06-30 07:31:22,536 - INFO - 检查签入按钮状态
2025-06-30 07:31:22,571 - INFO - 检查签出按钮状态以决定是否点击签入按钮
2025-06-30 07:31:22,633 - INFO - 签入 按钮已点击。
2025-06-30 07:31:27,778 - INFO - 签入 弹窗关闭按钮已点击。
2025-06-30 07:31:37,785 - INFO - 关闭浏览器
2025-06-30 12:00:20,102 - INFO - 打开网址: https://myoa.omenow.com/Schedule/MySchedule/
2025-06-30 12:00:30,140 - INFO - 输入用户名和密码
2025-06-30 12:00:30,309 - INFO - 点击登录按钮
2025-06-30 12:01:05,802 - INFO - 未找到弹窗或弹窗已经关闭
2025-06-30 12:01:05,807 - INFO - ---------------------------------------------------
2025-06-30 12:01:05,807 - INFO - 今天是工作日，执行签出签入流程。
2025-06-30 12:01:05,807 - INFO - 今天是星期0
2025-06-30 12:01:05,807 - INFO - 检查签出按钮状态
2025-06-30 12:01:05,863 - INFO - 签出 按钮已点击。
2025-06-30 12:01:11,003 - INFO - 签出 弹窗关闭按钮已点击。
2025-06-30 12:01:36,024 - INFO - 检查签入按钮状态
2025-06-30 12:01:36,076 - INFO - 检查签出按钮状态以决定是否点击签入按钮
2025-06-30 12:01:36,126 - INFO - 签入 按钮已点击。
2025-06-30 12:01:41,258 - INFO - 签入 弹窗关闭按钮已点击。
2025-06-30 12:01:51,259 - INFO - 关闭浏览器
2025-06-30 12:04:57,060 - ERROR - Service process refused to terminate gracefully with SIGTERM, escalating to SIGKILL.
Traceback (most recent call last):
  File "/opt/anaconda3/envs/oa/lib/python3.10/site-packages/selenium/webdriver/common/service.py", line 172, in _terminate_process
    self.process.wait(60)
  File "/opt/anaconda3/envs/oa/lib/python3.10/subprocess.py", line 1209, in wait
    return self._wait(timeout=timeout)
  File "/opt/anaconda3/envs/oa/lib/python3.10/subprocess.py", line 1951, in _wait
    raise TimeoutExpired(self.args, timeout)
subprocess.TimeoutExpired: Command '['/usr/local/bin/chromedriver', '--port=65155']' timed out after 60 seconds
2025-07-01 12:00:20,763 - INFO - 打开网址: https://myoa.omenow.com/Schedule/MySchedule/
2025-07-01 12:00:23,578 - INFO - 输入用户名和密码
2025-07-01 12:00:23,726 - INFO - 点击登录按钮
2025-07-01 12:00:49,118 - INFO - 未找到弹窗或弹窗已经关闭
2025-07-01 12:00:49,122 - INFO - ---------------------------------------------------
2025-07-01 12:00:49,122 - INFO - 今天是工作日，执行签出签入流程。
2025-07-01 12:00:49,123 - INFO - 今天是星期1
2025-07-01 12:00:49,123 - INFO - 检查签出按钮状态
2025-07-01 12:00:49,207 - INFO - 签出 按钮已点击。
2025-07-01 12:00:54,313 - INFO - 签出 弹窗关闭按钮已点击。
2025-07-01 12:01:19,323 - INFO - 检查签入按钮状态
2025-07-01 12:01:19,365 - INFO - 检查签出按钮状态以决定是否点击签入按钮
2025-07-01 12:01:19,416 - INFO - 签入 按钮已点击。
2025-07-01 12:01:24,539 - INFO - 签入 弹窗关闭按钮已点击。
2025-07-01 12:01:34,545 - INFO - 关闭浏览器
2025-07-02 07:25:18,703 - INFO - 打开网址: https://myoa.omenow.com/Schedule/MySchedule/
2025-07-02 07:25:31,176 - INFO - 输入用户名和密码
2025-07-02 07:25:31,296 - INFO - 点击登录按钮
2025-07-02 07:25:56,543 - INFO - 未找到弹窗或弹窗已经关闭
2025-07-02 07:25:56,553 - INFO - ---------------------------------------------------
2025-07-02 07:25:56,554 - INFO - 今天是工作日，执行签出签入流程。
2025-07-02 07:25:56,554 - INFO - 今天是星期2
2025-07-02 07:25:56,554 - INFO - 检查签出按钮状态
2025-07-02 07:25:56,628 - INFO - 签出 按钮已点击。
2025-07-02 07:26:01,708 - INFO - 签出 弹窗关闭按钮已点击。
2025-07-02 07:26:26,714 - INFO - 检查签入按钮状态
2025-07-02 07:26:26,748 - INFO - 检查签出按钮状态以决定是否点击签入按钮
2025-07-02 07:26:26,793 - INFO - 签入 按钮已点击。
2025-07-02 07:26:31,870 - INFO - 签入 弹窗关闭按钮已点击。
2025-07-02 07:26:41,874 - INFO - 关闭浏览器
2025-07-02 11:30:18,381 - INFO - 打开网址: https://myoa.omenow.com/Schedule/MySchedule/
2025-07-02 11:30:18,634 - INFO - 输入用户名和密码
2025-07-02 11:30:22,340 - INFO - 点击登录按钮
2025-07-02 11:30:47,542 - INFO - 未找到弹窗或弹窗已经关闭
2025-07-02 11:30:47,544 - INFO - ---------------------------------------------------
2025-07-02 11:30:47,545 - INFO - 今天是工作日，执行签出签入流程。
2025-07-02 11:30:47,545 - INFO - 今天是星期2
2025-07-02 11:30:47,545 - INFO - 检查签出按钮状态
2025-07-02 11:30:47,622 - INFO - 签出 按钮已点击。
2025-07-02 11:30:52,704 - INFO - 签出 弹窗关闭按钮已点击。
2025-07-02 11:31:17,710 - INFO - 检查签入按钮状态
2025-07-02 11:31:17,743 - INFO - 检查签出按钮状态以决定是否点击签入按钮
2025-07-02 11:31:17,810 - INFO - 签入 按钮已点击。
2025-07-02 11:31:22,885 - INFO - 签入 弹窗关闭按钮已点击。
2025-07-02 11:31:32,889 - INFO - 关闭浏览器
2025-07-02 15:59:44,271 - INFO - 打开网址: https://myoa.omenow.com/Schedule/MySchedule/
2025-07-02 15:59:46,241 - INFO - 输入用户名和密码
2025-07-02 15:59:46,379 - INFO - 点击登录按钮
2025-07-02 16:00:11,562 - INFO - 未找到弹窗或弹窗已经关闭
2025-07-02 16:00:11,564 - ERROR - 发生异常: type object 'datetime.datetime' has no attribute 'datetime'
2025-07-02 16:00:11,565 - INFO - 关闭浏览器
2025-07-02 16:02:04,873 - INFO - 打开网址: https://myoa.omenow.com/Schedule/MySchedule/
2025-07-02 16:02:18,459 - INFO - 输入用户名和密码
2025-07-02 16:02:18,571 - INFO - 点击登录按钮
2025-07-02 16:02:52,414 - INFO - 未找到弹窗或弹窗已经关闭
2025-07-02 16:02:52,415 - ERROR - 发生异常: type object 'datetime.datetime' has no attribute 'datetime'
2025-07-02 16:02:52,416 - INFO - 关闭浏览器
2025-07-02 16:03:31,169 - INFO - 打开网址: https://myoa.omenow.com/Schedule/MySchedule/
2025-07-02 16:03:42,075 - INFO - 输入用户名和密码
2025-07-02 16:03:42,201 - INFO - 点击登录按钮
2025-07-02 16:04:07,595 - INFO - 未找到弹窗或弹窗已经关闭
2025-07-02 16:04:07,596 - INFO - 关闭浏览器
2025-07-02 16:05:31,618 - INFO - 打开网址: https://myoa.omenow.com/Schedule/MySchedule/
2025-07-02 16:05:34,561 - INFO - 输入用户名和密码
2025-07-02 16:05:34,675 - INFO - 点击登录按钮
2025-07-02 16:05:59,878 - INFO - 未找到弹窗或弹窗已经关闭
2025-07-02 16:05:59,878 - INFO - 关闭浏览器
2025-07-02 16:18:49,506 - INFO - 打开网址: https://myoa.omenow.com/Schedule/MySchedule/
2025-07-02 16:18:51,911 - INFO - 输入用户名和密码
2025-07-02 16:18:51,912 - ERROR - 发生异常: Message: no such window: target window already closed
from unknown error: web view not found
  (Session info: chrome=137.0.7151.122)
Stacktrace:
0   chromedriver                        0x000000010285e654 cxxbridge1$str$ptr + 2723108
1   chromedriver                        0x00000001028568c8 cxxbridge1$str$ptr + 2690968
2   chromedriver                        0x00000001023aa714 cxxbridge1$string$len + 90428
3   chromedriver                        0x0000000102384740 chromedriver + 132928
4   chromedriver                        0x00000001024199e4 cxxbridge1$string$len + 545804
5   chromedriver                        0x0000000102432908 cxxbridge1$string$len + 647984
6   chromedriver                        0x00000001023e59c8 cxxbridge1$string$len + 332784
7   chromedriver                        0x0000000102822278 cxxbridge1$str$ptr + 2476360
8   chromedriver                        0x000000010282550c cxxbridge1$str$ptr + 2489308
9   chromedriver                        0x0000000102803a64 cxxbridge1$str$ptr + 2351412
10  chromedriver                        0x0000000102825d94 cxxbridge1$str$ptr + 2491492
11  chromedriver                        0x00000001027f4d58 cxxbridge1$str$ptr + 2290728
12  chromedriver                        0x0000000102845d60 cxxbridge1$str$ptr + 2622512
13  chromedriver                        0x0000000102845eec cxxbridge1$str$ptr + 2622908
14  chromedriver                        0x0000000102856514 cxxbridge1$str$ptr + 2690020
15  libsystem_pthread.dylib             0x00000001861fffa8 _pthread_start + 148
16  libsystem_pthread.dylib             0x00000001861fada0 thread_start + 8

2025-07-02 16:18:51,912 - INFO - 关闭浏览器
2025-07-02 19:35:23,432 - INFO - 打开网址: https://myoa.omenow.com/Schedule/MySchedule/
2025-07-02 19:35:24,616 - INFO - 输入用户名和密码
2025-07-02 19:35:24,691 - INFO - 点击登录按钮
2025-07-02 19:35:50,096 - INFO - 未找到弹窗或弹窗已经关闭
2025-07-02 19:35:50,097 - INFO - ---------------------------------------------------
2025-07-02 19:35:50,097 - INFO - 今天是工作日，执行签出签入流程。
2025-07-02 19:35:50,097 - INFO - 今天是星期2
2025-07-02 19:35:50,097 - INFO - 检查签出按钮状态
2025-07-02 19:35:50,130 - INFO - 签出按钮当前处于禁用状态，无法点击。
2025-07-02 19:36:10,135 - INFO - 检查签入按钮状态
2025-07-02 19:36:10,168 - INFO - 签入按钮当前处于禁用状态，无法点击。
2025-07-02 19:36:25,344 - INFO - 关闭浏览器
2025-07-02 19:40:18,882 - INFO - 打开网址: https://myoa.omenow.com/Schedule/MySchedule/
2025-07-02 19:40:20,383 - INFO - 输入用户名和密码
2025-07-02 19:40:20,462 - INFO - 点击登录按钮
2025-07-02 19:40:45,856 - INFO - 未找到弹窗或弹窗已经关闭
2025-07-02 19:40:45,857 - INFO - ---------------------------------------------------
2025-07-02 19:40:45,857 - INFO - 今天是工作日，执行签出签入流程。
2025-07-02 19:40:45,857 - INFO - 今天是星期2
2025-07-02 19:40:45,857 - INFO - 检查签出按钮状态
2025-07-02 19:40:45,891 - INFO - 签出按钮当前处于禁用状态，无法点击。
2025-07-02 19:41:05,897 - INFO - 检查签入按钮状态
2025-07-02 19:41:05,930 - INFO - 签入按钮当前处于禁用状态，无法点击。
2025-07-02 19:41:21,120 - INFO - 关闭浏览器
2025-07-03 07:25:20,133 - INFO - 打开网址: https://myoa.omenow.com/Schedule/MySchedule/
2025-07-03 07:25:21,562 - INFO - 输入用户名和密码
2025-07-03 07:25:21,675 - INFO - 点击登录按钮
2025-07-03 07:25:46,916 - INFO - 未找到弹窗或弹窗已经关闭
2025-07-03 07:25:46,919 - INFO - ---------------------------------------------------
2025-07-03 07:25:46,919 - INFO - 今天是工作日，执行签出签入流程。
2025-07-03 07:25:46,919 - INFO - 今天是星期3
2025-07-03 07:25:46,919 - INFO - 检查签出按钮状态
2025-07-03 07:25:47,006 - INFO - 签出 按钮已点击。
2025-07-03 07:25:52,086 - INFO - 签出 弹窗关闭按钮已点击。
2025-07-03 07:26:17,092 - INFO - 检查签入按钮状态
2025-07-03 07:26:17,127 - INFO - 检查签出按钮状态以决定是否点击签入按钮
2025-07-03 07:26:17,192 - INFO - 签入 按钮已点击。
2025-07-03 07:26:22,271 - INFO - 签入 弹窗关闭按钮已点击。
2025-07-03 07:26:32,276 - INFO - 关闭浏览器
2025-07-03 11:30:23,950 - INFO - 打开网址: https://myoa.omenow.com/Schedule/MySchedule/
2025-07-03 11:30:25,133 - INFO - 输入用户名和密码
2025-07-03 11:30:25,216 - INFO - 点击登录按钮
2025-07-03 11:30:50,559 - INFO - 未找到弹窗或弹窗已经关闭
2025-07-03 11:30:50,559 - INFO - ---------------------------------------------------
2025-07-03 11:30:50,559 - INFO - 今天是工作日，执行签出签入流程。
2025-07-03 11:30:50,560 - INFO - 今天是星期3
2025-07-03 11:30:50,560 - INFO - 检查签出按钮状态
2025-07-03 11:30:50,644 - INFO - 签出 按钮已点击。
2025-07-03 11:30:55,719 - INFO - 签出 弹窗关闭按钮已点击。
2025-07-03 11:31:20,728 - INFO - 检查签入按钮状态
2025-07-03 11:31:20,758 - INFO - 检查签出按钮状态以决定是否点击签入按钮
2025-07-03 11:31:20,822 - INFO - 签入 按钮已点击。
2025-07-03 11:31:25,902 - INFO - 签入 弹窗关闭按钮已点击。
2025-07-03 11:31:35,911 - INFO - 关闭浏览器
2025-07-03 11:35:16,638 - INFO - 打开网址: https://myoa.omenow.com/Schedule/MySchedule/
2025-07-03 11:35:23,888 - INFO - 输入用户名和密码
2025-07-03 11:35:23,998 - INFO - 点击登录按钮
2025-07-03 11:35:49,358 - INFO - 未找到弹窗或弹窗已经关闭
2025-07-03 11:35:49,359 - INFO - ---------------------------------------------------
2025-07-03 11:35:49,359 - INFO - 今天是工作日，执行签出签入流程。
2025-07-03 11:35:49,360 - INFO - 今天是星期3
2025-07-03 11:35:49,360 - INFO - 检查签出按钮状态
2025-07-03 11:35:49,388 - INFO - 签出按钮当前处于禁用状态，无法点击。
2025-07-03 11:36:09,398 - INFO - 检查签入按钮状态
2025-07-03 11:36:09,429 - INFO - 签入按钮当前处于禁用状态，无法点击。
2025-07-03 11:36:24,605 - INFO - 关闭浏览器
2025-07-04 07:25:20,817 - INFO - 打开网址: https://myoa.omenow.com/Schedule/MySchedule/
2025-07-04 07:25:24,565 - INFO - 输入用户名和密码
2025-07-04 07:25:24,673 - INFO - 点击登录按钮
2025-07-04 07:25:50,018 - INFO - 未找到弹窗或弹窗已经关闭
2025-07-04 07:25:50,018 - INFO - ---------------------------------------------------
2025-07-04 07:25:50,018 - INFO - 今天是工作日，执行签出签入流程。
2025-07-04 07:25:50,018 - INFO - 今天是星期4
2025-07-04 07:25:50,018 - INFO - 检查签出按钮状态
2025-07-04 07:25:50,096 - INFO - 签出 按钮已点击。
2025-07-04 07:25:55,179 - INFO - 签出 弹窗关闭按钮已点击。
2025-07-04 07:26:20,199 - INFO - 检查签入按钮状态
2025-07-04 07:26:20,233 - INFO - 检查签出按钮状态以决定是否点击签入按钮
2025-07-04 07:26:20,296 - INFO - 签入 按钮已点击。
2025-07-04 07:26:25,356 - INFO - 签入 弹窗关闭按钮已点击。
2025-07-04 07:26:35,367 - INFO - 关闭浏览器
2025-07-04 11:30:20,429 - INFO - 打开网址: https://myoa.omenow.com/Schedule/MySchedule/
2025-07-04 11:30:22,347 - INFO - 输入用户名和密码
2025-07-04 11:30:22,470 - INFO - 点击登录按钮
2025-07-04 11:30:47,816 - INFO - 未找到弹窗或弹窗已经关闭
2025-07-04 11:30:47,817 - INFO - ---------------------------------------------------
2025-07-04 11:30:47,817 - INFO - 今天是工作日，执行签出签入流程。
2025-07-04 11:30:47,817 - INFO - 今天是星期4
2025-07-04 11:30:47,817 - INFO - 检查签出按钮状态
2025-07-04 11:30:47,882 - INFO - 签出 按钮已点击。
2025-07-04 11:30:52,964 - INFO - 签出 弹窗关闭按钮已点击。
2025-07-04 11:31:17,975 - INFO - 检查签入按钮状态
2025-07-04 11:31:18,020 - INFO - 检查签出按钮状态以决定是否点击签入按钮
2025-07-04 11:31:18,067 - INFO - 签入 按钮已点击。
2025-07-04 11:31:23,131 - INFO - 签入 弹窗关闭按钮已点击。
2025-07-04 11:31:33,136 - INFO - 关闭浏览器
2025-07-07 07:25:18,012 - INFO - 打开网址: https://myoa.omenow.com/Schedule/MySchedule/
2025-07-07 07:25:19,661 - INFO - 输入用户名和密码
2025-07-07 07:25:19,774 - INFO - 点击登录按钮
2025-07-07 07:25:44,998 - INFO - 未找到弹窗或弹窗已经关闭
2025-07-07 07:25:45,001 - INFO - ---------------------------------------------------
2025-07-07 07:25:45,001 - INFO - 今天是工作日，执行签出签入流程。
2025-07-07 07:25:45,001 - INFO - 今天是星期0
2025-07-07 07:25:45,001 - INFO - 检查签出按钮状态
2025-07-07 07:25:45,085 - INFO - 签出 按钮已点击。
2025-07-07 07:25:50,159 - INFO - 签出 弹窗关闭按钮已点击。
2025-07-07 07:26:15,169 - INFO - 检查签入按钮状态
2025-07-07 07:26:15,197 - INFO - 检查签出按钮状态以决定是否点击签入按钮
2025-07-07 07:26:15,259 - INFO - 签入 按钮已点击。
2025-07-07 07:26:20,336 - INFO - 签入 弹窗关闭按钮已点击。
2025-07-07 07:26:30,341 - INFO - 关闭浏览器
2025-07-07 07:27:09,673 - INFO - 打开网址: https://myoa.omenow.com/Schedule/MySchedule/
2025-07-07 07:27:12,561 - INFO - 输入用户名和密码
2025-07-07 07:27:12,691 - INFO - 点击登录按钮
2025-07-07 07:27:18,440 - INFO - 关闭浏览器
2025-07-07 07:30:17,416 - INFO - 打开网址: https://myoa.omenow.com/Schedule/MySchedule/
2025-07-07 07:30:23,478 - INFO - 输入用户名和密码
2025-07-07 07:30:23,565 - INFO - 点击登录按钮
2025-07-07 07:30:48,755 - INFO - 未找到弹窗或弹窗已经关闭
2025-07-07 07:30:48,755 - INFO - ---------------------------------------------------
2025-07-07 07:30:48,756 - INFO - 今天是工作日，执行签出签入流程。
2025-07-07 07:30:48,756 - INFO - 今天是星期0
2025-07-07 07:30:48,756 - INFO - 检查签出按钮状态
2025-07-07 07:30:48,789 - INFO - 签出按钮当前处于禁用状态，无法点击。
2025-07-07 07:31:08,794 - INFO - 检查签入按钮状态
2025-07-07 07:31:08,824 - INFO - 签入按钮当前处于禁用状态，无法点击。
2025-07-07 07:31:13,903 - ERROR - 发生异常: Message: unknown error: net::ERR_NAME_NOT_RESOLVED
  (Session info: chrome=137.0.7151.122)
Stacktrace:
0   chromedriver                        0x0000000100e5a654 cxxbridge1$str$ptr + 2723108
1   chromedriver                        0x0000000100e528c8 cxxbridge1$str$ptr + 2690968
2   chromedriver                        0x00000001009a6714 cxxbridge1$string$len + 90428
3   chromedriver                        0x000000010099e900 cxxbridge1$string$len + 58152
4   chromedriver                        0x0000000100991888 cxxbridge1$string$len + 4784
5   chromedriver                        0x000000010099328c cxxbridge1$string$len + 11444
6   chromedriver                        0x0000000100991cdc cxxbridge1$string$len + 5892
7   chromedriver                        0x0000000100991630 cxxbridge1$string$len + 4184
8   chromedriver                        0x000000010099137c cxxbridge1$string$len + 3492
9   chromedriver                        0x000000010098f134 chromedriver + 192820
10  chromedriver                        0x000000010098fb90 chromedriver + 195472
11  chromedriver                        0x00000001009a9778 cxxbridge1$string$len + 102816
12  chromedriver                        0x0000000100a2f870 cxxbridge1$string$len + 651928
13  chromedriver                        0x0000000100a2ede8 cxxbridge1$string$len + 649232
14  chromedriver                        0x00000001009e19c8 cxxbridge1$string$len + 332784
15  chromedriver                        0x0000000100e1e278 cxxbridge1$str$ptr + 2476360
16  chromedriver                        0x0000000100e2150c cxxbridge1$str$ptr + 2489308
17  chromedriver                        0x0000000100dffa64 cxxbridge1$str$ptr + 2351412
18  chromedriver                        0x0000000100e21d94 cxxbridge1$str$ptr + 2491492
19  chromedriver                        0x0000000100df0d58 cxxbridge1$str$ptr + 2290728
20  chromedriver                        0x0000000100e41d60 cxxbridge1$str$ptr + 2622512
21  chromedriver                        0x0000000100e41eec cxxbridge1$str$ptr + 2622908
22  chromedriver                        0x0000000100e52514 cxxbridge1$str$ptr + 2690020
23  libsystem_pthread.dylib             0x00000001861fffa8 _pthread_start + 148
24  libsystem_pthread.dylib             0x00000001861fada0 thread_start + 8

2025-07-07 07:31:13,903 - INFO - 关闭浏览器
2025-07-07 11:30:19,410 - INFO - 打开网址: https://myoa.omenow.com/Schedule/MySchedule/
2025-07-07 11:30:22,557 - INFO - 输入用户名和密码
2025-07-07 11:30:22,641 - INFO - 点击登录按钮
2025-07-07 11:30:48,006 - INFO - 未找到弹窗或弹窗已经关闭
2025-07-07 11:30:48,009 - INFO - ---------------------------------------------------
2025-07-07 11:30:48,010 - INFO - 今天是工作日，执行签出签入流程。
2025-07-07 11:30:48,010 - INFO - 今天是星期0
2025-07-07 11:30:48,010 - INFO - 检查签出按钮状态
2025-07-07 11:30:48,085 - INFO - 签出 按钮已点击。
2025-07-07 11:30:53,165 - INFO - 签出 弹窗关闭按钮已点击。
2025-07-07 11:31:18,176 - INFO - 检查签入按钮状态
2025-07-07 11:31:18,206 - INFO - 检查签出按钮状态以决定是否点击签入按钮
2025-07-07 11:31:18,270 - INFO - 签入 按钮已点击。
2025-07-07 11:31:23,344 - INFO - 签入 弹窗关闭按钮已点击。
2025-07-07 11:31:33,345 - INFO - 关闭浏览器
2025-07-08 07:25:17,224 - INFO - 打开网址: https://myoa.omenow.com/Schedule/MySchedule/
2025-07-08 07:25:34,275 - INFO - 输入用户名和密码
2025-07-08 07:25:34,400 - INFO - 点击登录按钮
2025-07-08 07:25:59,608 - INFO - 未找到弹窗或弹窗已经关闭
2025-07-08 07:25:59,609 - INFO - ---------------------------------------------------
2025-07-08 07:25:59,609 - INFO - 今天是工作日，执行签出签入流程。
2025-07-08 07:25:59,609 - INFO - 今天是星期1
2025-07-08 07:25:59,609 - INFO - 检查签出按钮状态
2025-07-08 07:25:59,688 - INFO - 签出 按钮已点击。
2025-07-08 07:26:04,771 - INFO - 签出 弹窗关闭按钮已点击。
2025-07-08 07:26:29,787 - INFO - 检查签入按钮状态
2025-07-08 07:26:29,806 - INFO - 检查签出按钮状态以决定是否点击签入按钮
2025-07-08 07:26:29,870 - INFO - 签入 按钮已点击。
2025-07-08 07:26:36,001 - INFO - 签入 弹窗关闭按钮已点击。
2025-07-08 07:26:46,007 - INFO - 关闭浏览器
2025-07-08 11:30:19,567 - INFO - 打开网址: https://myoa.omenow.com/Schedule/MySchedule/
2025-07-08 11:30:36,515 - INFO - 输入用户名和密码
2025-07-08 11:30:36,606 - INFO - 点击登录按钮
2025-07-08 11:31:17,190 - INFO - 未找到弹窗或弹窗已经关闭
2025-07-08 11:31:17,190 - INFO - ---------------------------------------------------
2025-07-08 11:31:17,190 - INFO - 今天是工作日，执行签出签入流程。
2025-07-08 11:31:17,190 - INFO - 今天是星期1
2025-07-08 11:31:17,190 - INFO - 检查签出按钮状态
2025-07-08 11:31:17,245 - INFO - 签出 按钮已点击。
2025-07-08 11:31:22,486 - INFO - 签出 弹窗关闭按钮已点击。
2025-07-08 11:31:47,497 - INFO - 检查签入按钮状态
2025-07-08 11:31:47,533 - INFO - 检查签出按钮状态以决定是否点击签入按钮
2025-07-08 11:31:47,608 - INFO - 签入 按钮已点击。
2025-07-08 11:31:52,682 - INFO - 签入 弹窗关闭按钮已点击。
2025-07-08 11:32:02,687 - INFO - 关闭浏览器
2025-07-09 07:25:18,962 - INFO - 打开网址: https://myoa.omenow.com/Schedule/MySchedule/
2025-07-09 07:25:27,481 - INFO - 输入用户名和密码
2025-07-09 07:25:27,587 - INFO - 点击登录按钮
2025-07-09 07:25:52,799 - INFO - 未找到弹窗或弹窗已经关闭
2025-07-09 07:25:52,800 - INFO - ---------------------------------------------------
2025-07-09 07:25:52,800 - INFO - 今天是工作日，执行签出签入流程。
2025-07-09 07:25:52,800 - INFO - 今天是星期2
2025-07-09 07:25:52,800 - INFO - 检查签出按钮状态
2025-07-09 07:25:52,877 - INFO - 签出 按钮已点击。
2025-07-09 07:25:57,954 - INFO - 签出 弹窗关闭按钮已点击。
2025-07-09 07:26:22,961 - INFO - 检查签入按钮状态
2025-07-09 07:26:22,983 - INFO - 检查签出按钮状态以决定是否点击签入按钮
2025-07-09 07:26:23,050 - INFO - 签入 按钮已点击。
2025-07-09 07:26:28,119 - INFO - 签入 弹窗关闭按钮已点击。
2025-07-09 07:26:38,120 - INFO - 关闭浏览器
2025-07-09 11:30:19,142 - INFO - 打开网址: https://myoa.omenow.com/Schedule/MySchedule/
2025-07-09 11:30:20,430 - INFO - 输入用户名和密码
2025-07-09 11:30:24,577 - INFO - 点击登录按钮
2025-07-09 11:30:49,784 - INFO - 未找到弹窗或弹窗已经关闭
2025-07-09 11:30:49,789 - INFO - ---------------------------------------------------
2025-07-09 11:30:49,790 - INFO - 今天是工作日，执行签出签入流程。
2025-07-09 11:30:49,790 - INFO - 今天是星期2
2025-07-09 11:30:49,790 - INFO - 检查签出按钮状态
2025-07-09 11:30:49,880 - INFO - 签出 按钮已点击。
2025-07-09 11:30:54,949 - INFO - 签出 弹窗关闭按钮已点击。
2025-07-09 11:31:19,962 - INFO - 检查签入按钮状态
2025-07-09 11:31:19,988 - INFO - 检查签出按钮状态以决定是否点击签入按钮
2025-07-09 11:31:20,053 - INFO - 签入 按钮已点击。
2025-07-09 11:31:25,136 - INFO - 签入 弹窗关闭按钮已点击。
2025-07-09 11:31:35,141 - INFO - 关闭浏览器
2025-07-10 07:25:25,022 - INFO - 打开网址: https://myoa.omenow.com/Schedule/MySchedule/
2025-07-10 07:25:29,188 - INFO - 输入用户名和密码
2025-07-10 07:25:29,343 - INFO - 点击登录按钮
2025-07-10 07:25:54,585 - INFO - 未找到弹窗或弹窗已经关闭
2025-07-10 07:25:54,602 - INFO - ---------------------------------------------------
2025-07-10 07:25:54,603 - INFO - 今天是工作日，执行签出签入流程。
2025-07-10 07:25:54,605 - INFO - 今天是星期3
2025-07-10 07:25:54,605 - INFO - 检查签出按钮状态
2025-07-10 07:25:54,695 - INFO - 签出 按钮已点击。
2025-07-10 07:25:59,833 - INFO - 签出 弹窗关闭按钮已点击。
2025-07-10 07:26:24,843 - INFO - 检查签入按钮状态
2025-07-10 07:26:24,882 - INFO - 检查签出按钮状态以决定是否点击签入按钮
2025-07-10 07:26:24,944 - INFO - 签入 按钮已点击。
2025-07-10 07:26:30,075 - INFO - 签入 弹窗关闭按钮已点击。
2025-07-10 07:26:40,074 - INFO - 关闭浏览器
2025-07-10 11:30:23,514 - INFO - 打开网址: https://myoa.omenow.com/Schedule/MySchedule/
2025-07-10 11:30:26,007 - INFO - 输入用户名和密码
2025-07-10 11:30:26,084 - INFO - 点击登录按钮
2025-07-10 11:30:51,295 - INFO - 未找到弹窗或弹窗已经关闭
2025-07-10 11:30:51,297 - INFO - ---------------------------------------------------
2025-07-10 11:30:51,297 - INFO - 今天是工作日，执行签出签入流程。
2025-07-10 11:30:51,298 - INFO - 今天是星期3
2025-07-10 11:30:51,298 - INFO - 检查签出按钮状态
2025-07-10 11:30:51,379 - INFO - 签出 按钮已点击。
2025-07-10 11:30:56,458 - INFO - 签出 弹窗关闭按钮已点击。
2025-07-10 11:31:21,468 - INFO - 检查签入按钮状态
2025-07-10 11:31:21,499 - INFO - 检查签出按钮状态以决定是否点击签入按钮
2025-07-10 11:31:21,564 - INFO - 签入 按钮已点击。
2025-07-10 11:31:26,630 - INFO - 签入 弹窗关闭按钮已点击。
2025-07-10 11:31:36,633 - INFO - 关闭浏览器
2025-07-11 07:25:24,578 - INFO - 打开网址: https://myoa.omenow.com/Schedule/MySchedule/
2025-07-11 07:25:26,374 - INFO - 输入用户名和密码
2025-07-11 07:25:26,480 - INFO - 点击登录按钮
2025-07-11 07:25:51,741 - INFO - 未找到弹窗或弹窗已经关闭
2025-07-11 07:25:51,743 - INFO - ---------------------------------------------------
2025-07-11 07:25:51,743 - INFO - 今天是工作日，执行签出签入流程。
2025-07-11 07:25:51,743 - INFO - 今天是星期4
2025-07-11 07:25:51,743 - INFO - 检查签出按钮状态
2025-07-11 07:25:51,815 - INFO - 签出 按钮已点击。
2025-07-11 07:25:56,897 - INFO - 签出 弹窗关闭按钮已点击。
2025-07-11 07:26:21,920 - INFO - 检查签入按钮状态
2025-07-11 07:26:21,942 - INFO - 检查签出按钮状态以决定是否点击签入按钮
2025-07-11 07:26:22,004 - INFO - 签入 按钮已点击。
2025-07-11 07:26:27,071 - INFO - 签入 弹窗关闭按钮已点击。
2025-07-11 07:26:37,083 - INFO - 关闭浏览器
2025-07-11 11:30:23,657 - INFO - 打开网址: https://myoa.omenow.com/Schedule/MySchedule/
2025-07-11 11:35:23,677 - ERROR - 发生异常: Message: timeout: Timed out receiving message from renderer: 299.701
  (Session info: chrome=138.0.7204.93)
Stacktrace:
0   chromedriver                        0x00000001006fe654 cxxbridge1$str$ptr + 2723108
1   chromedriver                        0x00000001006f68c8 cxxbridge1$str$ptr + 2690968
2   chromedriver                        0x000000010024a714 cxxbridge1$string$len + 90428
3   chromedriver                        0x0000000100235604 cxxbridge1$string$len + 4140
4   chromedriver                        0x000000010023537c cxxbridge1$string$len + 3492
5   chromedriver                        0x0000000100233134 chromedriver + 192820
6   chromedriver                        0x0000000100233cc4 chromedriver + 195780
7   chromedriver                        0x0000000100240fc0 cxxbridge1$string$len + 51688
8   chromedriver                        0x0000000100256d34 cxxbridge1$string$len + 141148
9   chromedriver                        0x0000000100234320 chromedriver + 197408
10  chromedriver                        0x0000000100256b3c cxxbridge1$string$len + 140644
11  chromedriver                        0x00000001002d30d8 cxxbridge1$string$len + 649984
12  chromedriver                        0x00000001002859c8 cxxbridge1$string$len + 332784
13  chromedriver                        0x00000001006c2278 cxxbridge1$str$ptr + 2476360
14  chromedriver                        0x00000001006c550c cxxbridge1$str$ptr + 2489308
15  chromedriver                        0x00000001006a3a64 cxxbridge1$str$ptr + 2351412
16  chromedriver                        0x00000001006c5d94 cxxbridge1$str$ptr + 2491492
17  chromedriver                        0x0000000100694d58 cxxbridge1$str$ptr + 2290728
18  chromedriver                        0x00000001006e5d60 cxxbridge1$str$ptr + 2622512
19  chromedriver                        0x00000001006e5eec cxxbridge1$str$ptr + 2622908
20  chromedriver                        0x00000001006f6514 cxxbridge1$str$ptr + 2690020
21  libsystem_pthread.dylib             0x00000001942ebfa8 _pthread_start + 148
22  libsystem_pthread.dylib             0x00000001942e6da0 thread_start + 8

2025-07-11 11:35:23,678 - INFO - 关闭浏览器
2025-07-12 13:44:44,155 - INFO - 打开网址: https://myoa.omenow.com/Schedule/MySchedule/
2025-07-12 13:44:46,289 - INFO - 输入用户名和密码
2025-07-12 13:44:46,418 - INFO - 点击登录按钮
2025-07-12 13:45:11,838 - INFO - 未找到弹窗或弹窗已经关闭
2025-07-12 13:45:11,839 - INFO - ---------------周六移动办公签出---------------------
2025-07-12 13:45:11,931 - INFO - 周六移动办公签出 按钮已点击。
2025-07-12 13:45:16,996 - INFO - 周六移动办公签出 弹窗关闭按钮已点击。
2025-07-12 13:45:22,001 - INFO - 关闭浏览器
2025-07-14 07:25:19,696 - INFO - 打开网址: https://myoa.omenow.com/Schedule/MySchedule/
2025-07-14 07:25:24,270 - INFO - 输入用户名和密码
2025-07-14 07:25:24,376 - INFO - 点击登录按钮
2025-07-14 07:25:49,750 - INFO - 未找到弹窗或弹窗已经关闭
2025-07-14 07:25:49,751 - INFO - ---------------------------------------------------
2025-07-14 07:25:49,752 - INFO - 今天是工作日，执行签出签入流程。
2025-07-14 07:25:49,752 - INFO - 今天是星期0
2025-07-14 07:25:49,752 - INFO - 检查签出按钮状态
2025-07-14 07:25:49,838 - INFO - 签出 按钮已点击。
2025-07-14 07:25:54,923 - INFO - 签出 弹窗关闭按钮已点击。
2025-07-14 07:26:19,944 - INFO - 检查签入按钮状态
2025-07-14 07:26:19,980 - INFO - 检查签出按钮状态以决定是否点击签入按钮
2025-07-14 07:26:20,041 - INFO - 签入 按钮已点击。
2025-07-14 07:26:25,122 - INFO - 签入 弹窗关闭按钮已点击。
2025-07-14 07:26:35,133 - INFO - 关闭浏览器
2025-07-14 11:30:18,469 - INFO - 打开网址: https://myoa.omenow.com/Schedule/MySchedule/
2025-07-14 11:30:18,838 - INFO - 输入用户名和密码
2025-07-14 11:30:25,838 - INFO - 点击登录按钮
2025-07-14 11:30:51,189 - INFO - 未找到弹窗或弹窗已经关闭
2025-07-14 11:30:51,189 - INFO - ---------------------------------------------------
2025-07-14 11:30:51,189 - INFO - 今天是工作日，执行签出签入流程。
2025-07-14 11:30:51,189 - INFO - 今天是星期0
2025-07-14 11:30:51,189 - INFO - 检查签出按钮状态
2025-07-14 11:30:51,265 - INFO - 签出 按钮已点击。
2025-07-14 11:30:56,331 - INFO - 签出 弹窗关闭按钮已点击。
2025-07-14 11:31:21,336 - INFO - 检查签入按钮状态
2025-07-14 11:31:21,363 - INFO - 检查签出按钮状态以决定是否点击签入按钮
2025-07-14 11:31:21,421 - INFO - 签入 按钮已点击。
2025-07-14 11:31:26,482 - INFO - 签入 弹窗关闭按钮已点击。
2025-07-14 11:31:36,497 - INFO - 关闭浏览器
2025-07-15 07:25:19,654 - INFO - 打开网址: https://myoa.omenow.com/Schedule/MySchedule/
2025-07-15 07:25:21,018 - INFO - 输入用户名和密码
2025-07-15 07:25:21,118 - INFO - 点击登录按钮
2025-07-15 07:25:46,317 - INFO - 未找到弹窗或弹窗已经关闭
2025-07-15 07:25:46,317 - INFO - ---------------------------------------------------
2025-07-15 07:25:46,317 - INFO - 今天是工作日，执行签出签入流程。
2025-07-15 07:25:46,317 - INFO - 今天是星期1
2025-07-15 07:25:46,317 - INFO - 检查签出按钮状态
2025-07-15 07:25:46,391 - INFO - 签出 按钮已点击。
2025-07-15 07:25:51,450 - INFO - 签出 弹窗关闭按钮已点击。
2025-07-15 07:26:16,460 - INFO - 检查签入按钮状态
2025-07-15 07:26:16,483 - INFO - 检查签出按钮状态以决定是否点击签入按钮
2025-07-15 07:26:16,548 - INFO - 签入 按钮已点击。
2025-07-15 07:26:21,628 - INFO - 签入 弹窗关闭按钮已点击。
2025-07-15 07:26:31,633 - INFO - 关闭浏览器
2025-07-15 11:30:19,344 - INFO - 打开网址: https://myoa.omenow.com/Schedule/MySchedule/
2025-07-15 11:30:21,995 - INFO - 输入用户名和密码
2025-07-15 11:30:22,101 - INFO - 点击登录按钮
2025-07-15 11:30:47,359 - INFO - 未找到弹窗或弹窗已经关闭
2025-07-15 11:30:47,361 - INFO - ---------------------------------------------------
2025-07-15 11:30:47,361 - INFO - 今天是工作日，执行签出签入流程。
2025-07-15 11:30:47,361 - INFO - 今天是星期1
2025-07-15 11:30:47,361 - INFO - 检查签出按钮状态
2025-07-15 11:30:47,430 - INFO - 签出 按钮已点击。
2025-07-15 11:30:52,510 - INFO - 签出 弹窗关闭按钮已点击。
2025-07-15 11:31:17,529 - INFO - 检查签入按钮状态
2025-07-15 11:31:17,562 - INFO - 检查签出按钮状态以决定是否点击签入按钮
2025-07-15 11:31:17,625 - INFO - 签入 按钮已点击。
2025-07-15 11:31:22,707 - INFO - 签入 弹窗关闭按钮已点击。
2025-07-15 11:31:32,718 - INFO - 关闭浏览器
2025-07-16 07:25:19,622 - INFO - 打开网址: https://myoa.omenow.com/Schedule/MySchedule/
2025-07-16 07:25:23,704 - INFO - 输入用户名和密码
2025-07-16 07:25:23,877 - INFO - 点击登录按钮
2025-07-16 07:25:49,164 - INFO - 未找到弹窗或弹窗已经关闭
2025-07-16 07:25:49,166 - INFO - ---------------------------------------------------
2025-07-16 07:25:49,166 - INFO - 今天是工作日，执行签出签入流程。
2025-07-16 07:25:49,166 - INFO - 今天是星期2
2025-07-16 07:25:49,166 - INFO - 检查签出按钮状态
2025-07-16 07:25:49,267 - INFO - 签出 按钮已点击。
2025-07-16 07:25:54,407 - INFO - 签出 弹窗关闭按钮已点击。
2025-07-16 07:26:19,417 - INFO - 检查签入按钮状态
2025-07-16 07:26:19,455 - INFO - 检查签出按钮状态以决定是否点击签入按钮
2025-07-16 07:26:19,516 - INFO - 签入 按钮已点击。
2025-07-16 07:26:24,651 - INFO - 签入 弹窗关闭按钮已点击。
2025-07-16 07:26:34,661 - INFO - 关闭浏览器
2025-07-16 11:30:19,087 - INFO - 打开网址: https://myoa.omenow.com/Schedule/MySchedule/
2025-07-16 11:30:28,851 - INFO - 输入用户名和密码
2025-07-16 11:30:28,986 - INFO - 点击登录按钮
2025-07-16 11:30:54,163 - INFO - 未找到弹窗或弹窗已经关闭
2025-07-16 11:30:54,164 - INFO - ---------------------------------------------------
2025-07-16 11:30:54,164 - INFO - 今天是工作日，执行签出签入流程。
2025-07-16 11:30:54,164 - INFO - 今天是星期2
2025-07-16 11:30:54,164 - INFO - 检查签出按钮状态
2025-07-16 11:30:54,241 - INFO - 签出 按钮已点击。
2025-07-16 11:30:59,308 - INFO - 签出 弹窗关闭按钮已点击。
2025-07-16 11:31:24,317 - INFO - 检查签入按钮状态
2025-07-16 11:31:24,334 - INFO - 检查签出按钮状态以决定是否点击签入按钮
2025-07-16 11:31:24,393 - INFO - 签入 按钮已点击。
2025-07-16 11:31:29,452 - INFO - 签入 弹窗关闭按钮已点击。
2025-07-16 11:31:39,461 - INFO - 关闭浏览器
2025-07-17 07:25:20,891 - INFO - 打开网址: https://myoa.omenow.com/Schedule/MySchedule/
2025-07-17 07:25:26,935 - INFO - 输入用户名和密码
2025-07-17 07:25:27,047 - INFO - 点击登录按钮
2025-07-17 07:25:52,269 - INFO - 未找到弹窗或弹窗已经关闭
2025-07-17 07:25:52,271 - INFO - ---------------------------------------------------
2025-07-17 07:25:52,271 - INFO - 今天是工作日，执行签出签入流程。
2025-07-17 07:25:52,271 - INFO - 今天是星期3
2025-07-17 07:25:52,271 - INFO - 检查签出按钮状态
2025-07-17 07:25:52,289 - INFO - 签出按钮当前处于禁用状态，无法点击。
2025-07-17 07:26:12,295 - INFO - 检查签入按钮状态
2025-07-17 07:26:12,318 - INFO - 签入按钮当前处于禁用状态，无法点击。
2025-07-17 07:27:08,319 - INFO - 关闭浏览器
2025-07-17 07:27:34,326 - INFO - 打开网址: https://myoa.omenow.com/Schedule/MySchedule/
2025-07-17 07:27:35,507 - INFO - 输入用户名和密码
2025-07-17 07:27:35,607 - INFO - 点击登录按钮
2025-07-17 07:28:00,820 - INFO - 未找到弹窗或弹窗已经关闭
2025-07-17 07:28:00,820 - INFO - ---------------------------------------------------
2025-07-17 07:28:00,820 - INFO - 今天是工作日，执行签出签入流程。
2025-07-17 07:28:00,820 - INFO - 今天是星期3
2025-07-17 07:28:00,820 - INFO - 检查签出按钮状态
2025-07-17 07:28:00,908 - INFO - 签出 按钮已点击。
2025-07-17 07:28:05,966 - INFO - 签出 弹窗关闭按钮已点击。
2025-07-17 07:28:30,976 - INFO - 检查签入按钮状态
2025-07-17 07:28:31,005 - INFO - 检查签出按钮状态以决定是否点击签入按钮
2025-07-17 07:28:31,069 - INFO - 签入 按钮已点击。
2025-07-17 07:28:36,135 - INFO - 签入 弹窗关闭按钮已点击。
2025-07-17 07:28:46,140 - INFO - 关闭浏览器
2025-07-17 11:30:20,264 - INFO - 打开网址: https://myoa.omenow.com/Schedule/MySchedule/
2025-07-17 11:30:21,505 - INFO - 输入用户名和密码
2025-07-17 11:30:21,615 - INFO - 点击登录按钮
2025-07-17 11:30:46,813 - INFO - 未找到弹窗或弹窗已经关闭
2025-07-17 11:30:46,813 - INFO - ---------------------------------------------------
2025-07-17 11:30:46,814 - INFO - 今天是工作日，执行签出签入流程。
2025-07-17 11:30:46,814 - INFO - 今天是星期3
2025-07-17 11:30:46,814 - INFO - 检查签出按钮状态
2025-07-17 11:30:46,907 - INFO - 签出 按钮已点击。
2025-07-17 11:30:51,967 - INFO - 签出 弹窗关闭按钮已点击。
2025-07-17 11:31:16,975 - INFO - 检查签入按钮状态
2025-07-17 11:31:17,011 - INFO - 检查签出按钮状态以决定是否点击签入按钮
2025-07-17 11:31:17,073 - INFO - 签入 按钮已点击。
2025-07-17 11:31:22,152 - INFO - 签入 弹窗关闭按钮已点击。
2025-07-17 11:31:32,157 - INFO - 关闭浏览器
2025-07-18 07:25:24,423 - INFO - 打开网址: https://myoa.omenow.com/Schedule/MySchedule/
2025-07-18 07:25:26,657 - INFO - 输入用户名和密码
2025-07-18 07:25:33,991 - INFO - 点击登录按钮
2025-07-18 07:26:03,956 - INFO - 未找到弹窗或弹窗已经关闭
2025-07-18 07:26:03,956 - INFO - ---------------------------------------------------
2025-07-18 07:26:03,956 - INFO - 今天是工作日，执行签出签入流程。
2025-07-18 07:26:03,956 - INFO - 今天是星期4
2025-07-18 07:26:03,956 - INFO - 检查签出按钮状态
2025-07-18 07:26:04,064 - INFO - 签出 按钮已点击。
2025-07-18 07:26:09,168 - INFO - 签出 弹窗关闭按钮已点击。
2025-07-18 07:26:34,177 - INFO - 检查签入按钮状态
2025-07-18 07:26:34,205 - INFO - 检查签出按钮状态以决定是否点击签入按钮
2025-07-18 07:26:34,321 - INFO - 签入 按钮已点击。
2025-07-18 07:26:39,540 - INFO - 签入 弹窗关闭按钮已点击。
2025-07-18 07:26:49,545 - INFO - 关闭浏览器
2025-07-18 11:30:23,682 - INFO - 打开网址: https://myoa.omenow.com/Schedule/MySchedule/
2025-07-18 11:30:42,822 - INFO - 输入用户名和密码
2025-07-18 11:30:42,897 - INFO - 点击登录按钮
2025-07-18 11:31:12,913 - INFO - 未找到弹窗或弹窗已经关闭
2025-07-18 11:31:12,913 - INFO - ---------------------------------------------------
2025-07-18 11:31:12,913 - INFO - 今天是工作日，执行签出签入流程。
2025-07-18 11:31:12,913 - INFO - 今天是星期4
2025-07-18 11:31:12,913 - INFO - 检查签出按钮状态
2025-07-18 11:31:13,045 - INFO - 签出 按钮已点击。
2025-07-18 11:31:18,110 - INFO - 签出 弹窗关闭按钮已点击。
2025-07-18 11:31:43,114 - INFO - 检查签入按钮状态
2025-07-18 11:31:43,136 - INFO - 检查签出按钮状态以决定是否点击签入按钮
2025-07-18 11:31:43,198 - INFO - 签入 按钮已点击。
2025-07-18 11:31:49,859 - INFO - 签入 弹窗关闭按钮已点击。
2025-07-18 11:31:59,862 - INFO - 关闭浏览器
2025-07-19 12:29:43,614 - INFO - 打开网址: https://myoa.omenow.com/Schedule/MySchedule/
2025-07-19 12:29:45,932 - INFO - 输入用户名和密码
2025-07-19 12:29:46,072 - INFO - 点击登录按钮
2025-07-19 12:30:11,365 - INFO - 未找到弹窗或弹窗已经关闭
2025-07-19 12:30:11,366 - INFO - 关闭浏览器
2025-07-19 13:31:20,073 - INFO - 打开网址: https://myoa.omenow.com/Schedule/MySchedule/
2025-07-19 13:31:21,587 - INFO - 输入用户名和密码
2025-07-19 13:31:21,711 - INFO - 点击登录按钮
2025-07-19 13:31:46,920 - INFO - 未找到弹窗或弹窗已经关闭
2025-07-19 13:31:46,921 - INFO - ---------------周六移动办公签出---------------------
2025-07-19 13:31:46,995 - INFO - 周六移动办公签出 按钮已点击。
2025-07-19 13:31:52,071 - INFO - 周六移动办公签出 弹窗关闭按钮已点击。
2025-07-19 13:31:57,074 - INFO - 关闭浏览器
2025-07-19 19:20:12,992 - INFO - 打开网址: https://myoa.omenow.com/Schedule/MySchedule/
2025-07-19 19:20:14,189 - INFO - 输入用户名和密码
2025-07-19 19:20:14,306 - INFO - 点击登录按钮
2025-07-19 19:20:34,240 - INFO - 打开网址: https://myoa.omenow.com/Schedule/MySchedule/
2025-07-19 19:21:04,376 - ERROR - 网页加载失败: Message: unknown error: net::ERR_CONNECTION_RESET
  (Session info: chrome=138.0.7204.158)
Stacktrace:
0   chromedriver                        0x00000001033c6654 cxxbridge1$str$ptr + 2723108
1   chromedriver                        0x00000001033be8c8 cxxbridge1$str$ptr + 2690968
2   chromedriver                        0x0000000102f12714 cxxbridge1$string$len + 90428
3   chromedriver                        0x0000000102f0a900 cxxbridge1$string$len + 58152
4   chromedriver                        0x0000000102efd888 cxxbridge1$string$len + 4784
5   chromedriver                        0x0000000102eff28c cxxbridge1$string$len + 11444
6   chromedriver                        0x0000000102efdcdc cxxbridge1$string$len + 5892
7   chromedriver                        0x0000000102efd630 cxxbridge1$string$len + 4184
8   chromedriver                        0x0000000102efd37c cxxbridge1$string$len + 3492
9   chromedriver                        0x0000000102efb134 chromedriver + 192820
10  chromedriver                        0x0000000102efbb90 chromedriver + 195472
11  chromedriver                        0x0000000102f15778 cxxbridge1$string$len + 102816
12  chromedriver                        0x0000000102f9b870 cxxbridge1$string$len + 651928
13  chromedriver                        0x0000000102f9ade8 cxxbridge1$string$len + 649232
14  chromedriver                        0x0000000102f4d9c8 cxxbridge1$string$len + 332784
15  chromedriver                        0x000000010338a278 cxxbridge1$str$ptr + 2476360
16  chromedriver                        0x000000010338d50c cxxbridge1$str$ptr + 2489308
17  chromedriver                        0x000000010336ba64 cxxbridge1$str$ptr + 2351412
18  chromedriver                        0x000000010338dd94 cxxbridge1$str$ptr + 2491492
19  chromedriver                        0x000000010335cd58 cxxbridge1$str$ptr + 2290728
20  chromedriver                        0x00000001033add60 cxxbridge1$str$ptr + 2622512
21  chromedriver                        0x00000001033adeec cxxbridge1$str$ptr + 2622908
22  chromedriver                        0x00000001033be514 cxxbridge1$str$ptr + 2690020
23  libsystem_pthread.dylib             0x00000001a8133fa8 _pthread_start + 148
24  libsystem_pthread.dylib             0x00000001a812eda0 thread_start + 8

2025-07-19 19:21:21,579 - INFO - 打开网址: https://myoa.omenow.com/Schedule/MySchedule/
2025-07-19 19:21:27,046 - INFO - 输入用户名和密码
2025-07-19 19:21:27,185 - INFO - 点击登录按钮
2025-07-19 19:21:52,362 - INFO - 未找到弹窗或弹窗已经关闭
2025-07-19 19:21:52,362 - INFO - ---------------周六移动办公签出---------------------
2025-07-19 19:22:11,984 - WARNING - Retrying (Retry(total=2, connect=None, read=None, redirect=None, status=None)) after connection broken by 'NewConnectionError('<urllib3.connection.HTTPConnection object at 0x103d62020>: Failed to establish a new connection: [Errno 61] Connection refused')': /session/aa47c3f6359dc750c91eac872c9c0a2b/url
2025-07-19 19:22:11,985 - WARNING - Retrying (Retry(total=1, connect=None, read=None, redirect=None, status=None)) after connection broken by 'NewConnectionError('<urllib3.connection.HTTPConnection object at 0x103d61f30>: Failed to establish a new connection: [Errno 61] Connection refused')': /session/aa47c3f6359dc750c91eac872c9c0a2b/url
2025-07-19 19:22:11,985 - WARNING - Retrying (Retry(total=0, connect=None, read=None, redirect=None, status=None)) after connection broken by 'NewConnectionError('<urllib3.connection.HTTPConnection object at 0x103d626e0>: Failed to establish a new connection: [Errno 61] Connection refused')': /session/aa47c3f6359dc750c91eac872c9c0a2b/url
2025-07-19 19:22:27,765 - INFO - 打开网址: https://myoa.omenow.com/Schedule/MySchedule/
2025-07-19 19:22:57,882 - ERROR - 网页加载失败: Message: unknown error: net::ERR_CONNECTION_RESET
  (Session info: chrome=138.0.7204.158)
Stacktrace:
0   chromedriver                        0x0000000105336654 cxxbridge1$str$ptr + 2723108
1   chromedriver                        0x000000010532e8c8 cxxbridge1$str$ptr + 2690968
2   chromedriver                        0x0000000104e82714 cxxbridge1$string$len + 90428
3   chromedriver                        0x0000000104e7a900 cxxbridge1$string$len + 58152
4   chromedriver                        0x0000000104e6d888 cxxbridge1$string$len + 4784
5   chromedriver                        0x0000000104e6f28c cxxbridge1$string$len + 11444
6   chromedriver                        0x0000000104e6dcdc cxxbridge1$string$len + 5892
7   chromedriver                        0x0000000104e6d630 cxxbridge1$string$len + 4184
8   chromedriver                        0x0000000104e6d37c cxxbridge1$string$len + 3492
9   chromedriver                        0x0000000104e6b134 chromedriver + 192820
10  chromedriver                        0x0000000104e6bb90 chromedriver + 195472
11  chromedriver                        0x0000000104e85778 cxxbridge1$string$len + 102816
12  chromedriver                        0x0000000104f0b870 cxxbridge1$string$len + 651928
13  chromedriver                        0x0000000104f0ade8 cxxbridge1$string$len + 649232
14  chromedriver                        0x0000000104ebd9c8 cxxbridge1$string$len + 332784
15  chromedriver                        0x00000001052fa278 cxxbridge1$str$ptr + 2476360
16  chromedriver                        0x00000001052fd50c cxxbridge1$str$ptr + 2489308
17  chromedriver                        0x00000001052dba64 cxxbridge1$str$ptr + 2351412
18  chromedriver                        0x00000001052fdd94 cxxbridge1$str$ptr + 2491492
19  chromedriver                        0x00000001052ccd58 cxxbridge1$str$ptr + 2290728
20  chromedriver                        0x000000010531dd60 cxxbridge1$str$ptr + 2622512
21  chromedriver                        0x000000010531deec cxxbridge1$str$ptr + 2622908
22  chromedriver                        0x000000010532e514 cxxbridge1$str$ptr + 2690020
23  libsystem_pthread.dylib             0x00000001a8133fa8 _pthread_start + 148
24  libsystem_pthread.dylib             0x00000001a812eda0 thread_start + 8

2025-07-19 19:23:00,119 - INFO - 用户选择取消，程序退出
2025-07-19 19:23:00,200 - WARNING - Retrying (Retry(total=2, connect=None, read=None, redirect=None, status=None)) after connection broken by 'NewConnectionError('<urllib3.connection.HTTPConnection object at 0x107821f00>: Failed to establish a new connection: [Errno 61] Connection refused')': /session/14f8f642d13ef3335d97101ff698d831/url
2025-07-19 19:23:00,201 - WARNING - Retrying (Retry(total=1, connect=None, read=None, redirect=None, status=None)) after connection broken by 'NewConnectionError('<urllib3.connection.HTTPConnection object at 0x107820ac0>: Failed to establish a new connection: [Errno 61] Connection refused')': /session/14f8f642d13ef3335d97101ff698d831/url
2025-07-19 19:23:00,202 - WARNING - Retrying (Retry(total=0, connect=None, read=None, redirect=None, status=None)) after connection broken by 'NewConnectionError('<urllib3.connection.HTTPConnection object at 0x1078221d0>: Failed to establish a new connection: [Errno 61] Connection refused')': /session/14f8f642d13ef3335d97101ff698d831/url
2025-07-21 07:25:17,763 - INFO - 打开网址: https://myoa.omenow.com/Schedule/MySchedule/
2025-07-21 07:25:21,714 - INFO - 输入用户名和密码
2025-07-21 07:25:21,814 - INFO - 点击登录按钮
2025-07-21 07:25:47,181 - INFO - 未找到弹窗或弹窗已经关闭
2025-07-21 07:25:47,182 - INFO - ---------------------------------------------------
2025-07-21 07:25:47,182 - INFO - 今天是工作日，执行签出签入流程。
2025-07-21 07:25:47,182 - INFO - 今天是星期0
2025-07-21 07:25:47,182 - INFO - 检查签出按钮状态
2025-07-21 07:25:47,262 - INFO - 签出 按钮已点击。
2025-07-21 07:25:52,349 - INFO - 签出 弹窗关闭按钮已点击。
2025-07-21 07:26:17,363 - INFO - 检查签入按钮状态
2025-07-21 07:26:17,385 - INFO - 检查签出按钮状态以决定是否点击签入按钮
2025-07-21 07:26:17,447 - INFO - 签入 按钮已点击。
2025-07-21 07:26:23,558 - ERROR - 处理 签入 弹出窗口时出现异常: Message: element click intercepted: Element <input type="button" class="dialog_button confirm_no k-button" value="关闭" style="width: 70px"> is not clickable at point (752, 498). Other element would receive the click: <div class="layim-chat-text">...</div>
  (Session info: chrome=138.0.7204.158)
Stacktrace:
0   chromedriver                        0x000000010542a654 cxxbridge1$str$ptr + 2723108
1   chromedriver                        0x00000001054228c8 cxxbridge1$str$ptr + 2690968
2   chromedriver                        0x0000000104f76714 cxxbridge1$string$len + 90428
3   chromedriver                        0x0000000104fc3324 cxxbridge1$string$len + 404812
4   chromedriver                        0x0000000104fc1890 cxxbridge1$string$len + 398008
5   chromedriver                        0x0000000104fbf6a4 cxxbridge1$string$len + 389324
6   chromedriver                        0x0000000104fbeaa0 cxxbridge1$string$len + 386248
7   chromedriver                        0x0000000104fb3508 cxxbridge1$string$len + 339760
8   chromedriver                        0x0000000104fb2f94 cxxbridge1$string$len + 338364
9   chromedriver                        0x0000000104ffede8 cxxbridge1$string$len + 649232
10  chromedriver                        0x0000000104fb19c8 cxxbridge1$string$len + 332784
11  chromedriver                        0x00000001053ee278 cxxbridge1$str$ptr + 2476360
12  chromedriver                        0x00000001053f150c cxxbridge1$str$ptr + 2489308
13  chromedriver                        0x00000001053cfa64 cxxbridge1$str$ptr + 2351412
14  chromedriver                        0x00000001053f1d94 cxxbridge1$str$ptr + 2491492
15  chromedriver                        0x00000001053c0d58 cxxbridge1$str$ptr + 2290728
16  chromedriver                        0x0000000105411d60 cxxbridge1$str$ptr + 2622512
17  chromedriver                        0x0000000105411eec cxxbridge1$str$ptr + 2622908
18  chromedriver                        0x0000000105422514 cxxbridge1$str$ptr + 2690020
19  libsystem_pthread.dylib             0x00000001a8133fa8 _pthread_start + 148
20  libsystem_pthread.dylib             0x00000001a812eda0 thread_start + 8

2025-07-21 11:30:19,207 - INFO - 打开网址: https://myoa.omenow.com/Schedule/MySchedule/
2025-07-21 11:30:20,773 - INFO - 输入用户名和密码
2025-07-21 11:30:20,876 - INFO - 点击登录按钮
2025-07-21 11:30:46,223 - INFO - 未找到弹窗或弹窗已经关闭
2025-07-21 11:30:46,224 - INFO - ---------------------------------------------------
2025-07-21 11:30:46,224 - INFO - 今天是工作日，执行签出签入流程。
2025-07-21 11:30:46,224 - INFO - 今天是星期0
2025-07-21 11:30:46,225 - INFO - 检查签出按钮状态
2025-07-21 11:30:46,303 - INFO - 签出 按钮已点击。
2025-07-21 11:30:51,370 - INFO - 签出 弹窗关闭按钮已点击。
2025-07-21 11:31:16,381 - INFO - 检查签入按钮状态
2025-07-21 11:31:16,406 - INFO - 检查签出按钮状态以决定是否点击签入按钮
2025-07-21 11:31:16,469 - INFO - 签入 按钮已点击。
2025-07-21 11:31:21,535 - INFO - 签入 弹窗关闭按钮已点击。
2025-07-22 07:25:19,342 - INFO - 打开网址: https://myoa.omenow.com/Schedule/MySchedule/
2025-07-22 07:25:23,394 - INFO - 输入用户名和密码
2025-07-22 07:25:23,528 - INFO - 点击登录按钮
2025-07-22 07:25:48,767 - INFO - 未找到弹窗或弹窗已经关闭
2025-07-22 07:25:48,768 - INFO - ---------------------------------------------------
2025-07-22 07:25:48,768 - INFO - 今天是工作日，执行签出签入流程。
2025-07-22 07:25:48,768 - INFO - 今天是星期1
2025-07-22 07:25:48,768 - INFO - 检查签出按钮状态
2025-07-22 07:25:48,832 - INFO - 签出 按钮已点击。
2025-07-22 07:25:53,907 - INFO - 签出 弹窗关闭按钮已点击。
2025-07-22 07:26:18,914 - INFO - 检查签入按钮状态
2025-07-22 07:26:18,950 - INFO - 检查签出按钮状态以决定是否点击签入按钮
2025-07-22 07:26:18,997 - INFO - 签入 按钮已点击。
2025-07-22 07:26:24,070 - INFO - 签入 弹窗关闭按钮已点击。
2025-07-22 11:30:20,605 - INFO - 打开网址: https://myoa.omenow.com/Schedule/MySchedule/
2025-07-22 11:30:22,369 - INFO - 输入用户名和密码
2025-07-22 11:30:22,462 - INFO - 点击登录按钮
2025-07-22 11:30:47,801 - INFO - 未找到弹窗或弹窗已经关闭
2025-07-22 11:30:47,805 - INFO - ---------------------------------------------------
2025-07-22 11:30:47,805 - INFO - 今天是工作日，执行签出签入流程。
2025-07-22 11:30:47,805 - INFO - 今天是星期1
2025-07-22 11:30:47,805 - INFO - 检查签出按钮状态
2025-07-22 11:30:47,878 - INFO - 签出 按钮已点击。
2025-07-22 11:30:52,964 - INFO - 签出 弹窗关闭按钮已点击。
2025-07-22 11:31:17,968 - INFO - 检查签入按钮状态
2025-07-22 11:31:17,987 - INFO - 检查签出按钮状态以决定是否点击签入按钮
2025-07-22 11:31:18,049 - INFO - 签入 按钮已点击。
2025-07-22 11:31:23,119 - INFO - 签入 弹窗关闭按钮已点击。
2025-07-23 07:25:19,414 - INFO - 打开网址: https://myoa.omenow.com/Schedule/MySchedule/
2025-07-23 07:25:20,685 - INFO - 输入用户名和密码
2025-07-23 07:25:20,789 - INFO - 点击登录按钮
2025-07-23 07:25:46,034 - INFO - 未找到弹窗或弹窗已经关闭
2025-07-23 07:25:46,037 - INFO - ---------------------------------------------------
2025-07-23 07:25:46,037 - INFO - 今天是工作日，执行签出签入流程。
2025-07-23 07:25:46,037 - INFO - 今天是星期2
2025-07-23 07:25:46,037 - INFO - 检查签出按钮状态
2025-07-23 07:25:46,112 - INFO - 签出 按钮已点击。
2025-07-23 07:25:51,200 - INFO - 签出 弹窗关闭按钮已点击。
2025-07-23 07:26:16,210 - INFO - 检查签入按钮状态
2025-07-23 07:26:16,244 - INFO - 检查签出按钮状态以决定是否点击签入按钮
2025-07-23 07:26:16,309 - INFO - 签入 按钮已点击。
2025-07-23 07:26:21,383 - INFO - 签入 弹窗关闭按钮已点击。
2025-07-23 11:30:19,122 - INFO - 打开网址: https://myoa.omenow.com/Schedule/MySchedule/
2025-07-23 11:30:34,709 - INFO - 输入用户名和密码
2025-07-23 11:30:34,791 - INFO - 点击登录按钮
2025-07-23 11:31:00,262 - INFO - 未找到弹窗或弹窗已经关闭
2025-07-23 11:31:00,264 - INFO - ---------------------------------------------------
2025-07-23 11:31:00,264 - INFO - 今天是工作日，执行签出签入流程。
2025-07-23 11:31:00,264 - INFO - 今天是星期2
2025-07-23 11:31:00,264 - INFO - 检查签出按钮状态
2025-07-23 11:31:00,332 - INFO - 签出 按钮已点击。
2025-07-23 11:31:05,408 - INFO - 签出 弹窗关闭按钮已点击。
2025-07-23 11:31:30,418 - INFO - 检查签入按钮状态
2025-07-23 11:31:30,452 - INFO - 检查签出按钮状态以决定是否点击签入按钮
2025-07-23 11:31:30,519 - INFO - 签入 按钮已点击。
2025-07-23 11:31:36,608 - INFO - 签入 弹窗关闭按钮已点击。
2025-07-24 07:25:20,622 - INFO - 打开网址: https://myoa.omenow.com/Schedule/MySchedule/
2025-07-24 07:25:26,377 - INFO - 输入用户名和密码
2025-07-24 07:25:26,495 - INFO - 点击登录按钮
2025-07-24 07:25:51,691 - INFO - 未找到弹窗或弹窗已经关闭
2025-07-24 07:25:51,692 - INFO - ---------------------------------------------------
2025-07-24 07:25:51,692 - INFO - 今天是工作日，执行签出签入流程。
2025-07-24 07:25:51,692 - INFO - 今天是星期3
2025-07-24 07:25:51,693 - INFO - 检查签出按钮状态
2025-07-24 07:25:51,760 - INFO - 签出 按钮已点击。
2025-07-24 07:25:56,850 - INFO - 签出 弹窗关闭按钮已点击。
2025-07-24 07:26:21,860 - INFO - 检查签入按钮状态
2025-07-24 07:26:21,896 - INFO - 检查签出按钮状态以决定是否点击签入按钮
2025-07-24 07:26:21,956 - INFO - 签入 按钮已点击。
2025-07-24 07:26:27,037 - INFO - 签入 弹窗关闭按钮已点击。
2025-07-24 11:30:20,578 - INFO - 打开网址: https://myoa.omenow.com/Schedule/MySchedule/
2025-07-24 11:30:27,873 - INFO - 输入用户名和密码
2025-07-24 11:30:27,972 - INFO - 点击登录按钮
2025-07-24 11:30:53,375 - INFO - 未找到弹窗或弹窗已经关闭
2025-07-24 11:30:53,376 - INFO - ---------------------------------------------------
2025-07-24 11:30:53,376 - INFO - 今天是工作日，执行签出签入流程。
2025-07-24 11:30:53,376 - INFO - 今天是星期3
2025-07-24 11:30:53,376 - INFO - 检查签出按钮状态
2025-07-24 11:30:53,454 - INFO - 签出 按钮已点击。
2025-07-24 11:30:58,530 - INFO - 签出 弹窗关闭按钮已点击。
2025-07-24 11:31:23,541 - INFO - 检查签入按钮状态
2025-07-24 11:31:23,574 - INFO - 检查签出按钮状态以决定是否点击签入按钮
2025-07-24 11:31:23,636 - INFO - 签入 按钮已点击。
2025-07-24 11:31:28,710 - INFO - 签入 弹窗关闭按钮已点击。
2025-07-25 07:25:24,323 - INFO - 打开网址: https://myoa.omenow.com/Schedule/MySchedule/
2025-07-25 07:25:39,615 - INFO - 输入用户名和密码
2025-07-25 07:25:39,716 - INFO - 点击登录按钮
2025-07-25 07:26:10,228 - INFO - 未找到弹窗或弹窗已经关闭
2025-07-25 07:26:10,230 - INFO - ---------------------------------------------------
2025-07-25 07:26:10,230 - INFO - 今天是工作日，执行签出签入流程。
2025-07-25 07:26:10,230 - INFO - 今天是星期4
2025-07-25 07:26:10,230 - INFO - 检查签出按钮状态
2025-07-25 07:26:10,314 - INFO - 签出 按钮已点击。
2025-07-25 07:26:15,401 - INFO - 签出 弹窗关闭按钮已点击。
2025-07-25 07:26:40,423 - INFO - 检查签入按钮状态
2025-07-25 07:26:40,453 - INFO - 检查签出按钮状态以决定是否点击签入按钮
2025-07-25 07:26:40,518 - INFO - 签入 按钮已点击。
2025-07-25 07:26:45,598 - INFO - 签入 弹窗关闭按钮已点击。
2025-07-25 11:30:21,949 - INFO - 打开网址: https://myoa.omenow.com/Schedule/MySchedule/
2025-07-25 11:30:24,989 - INFO - 输入用户名和密码
2025-07-25 11:30:25,093 - INFO - 点击登录按钮
2025-07-25 11:30:50,273 - INFO - 未找到弹窗或弹窗已经关闭
2025-07-25 11:30:50,273 - INFO - ---------------------------------------------------
2025-07-25 11:30:50,273 - INFO - 今天是工作日，执行签出签入流程。
2025-07-25 11:30:50,273 - INFO - 今天是星期4
2025-07-25 11:30:50,273 - INFO - 检查签出按钮状态
2025-07-25 11:30:50,359 - INFO - 签出 按钮已点击。
2025-07-25 11:30:55,439 - INFO - 签出 弹窗关闭按钮已点击。
2025-07-25 11:31:20,446 - INFO - 检查签入按钮状态
2025-07-25 11:31:20,479 - INFO - 检查签出按钮状态以决定是否点击签入按钮
2025-07-25 11:31:20,543 - INFO - 签入 按钮已点击。
2025-07-25 11:31:25,612 - INFO - 签入 弹窗关闭按钮已点击。
2025-07-26 05:50:24,695 - INFO - 打开网址: https://myoa.omenow.com/Schedule/MySchedule/
2025-07-26 05:50:25,902 - INFO - 输入用户名和密码
2025-07-26 05:50:26,040 - INFO - 点击登录按钮
2025-07-26 05:50:51,350 - INFO - 未找到弹窗或弹窗已经关闭
2025-07-26 05:50:51,353 - INFO - ---------------周六移动办公签入---------------------
2025-07-26 05:50:51,450 - INFO - 周六移动办公签入 按钮已点击。
2025-07-26 05:50:56,531 - INFO - 周六移动办公签入 弹窗关闭按钮已点击。
2025-07-28 07:25:19,043 - INFO - 打开网址: https://myoa.omenow.com/Schedule/MySchedule/
2025-07-28 07:25:27,892 - INFO - 输入用户名和密码
2025-07-28 07:25:28,009 - INFO - 点击登录按钮
2025-07-28 07:25:53,172 - INFO - 未找到弹窗或弹窗已经关闭
2025-07-28 07:25:53,175 - INFO - ---------------------------------------------------
2025-07-28 07:25:53,175 - INFO - 今天是工作日，执行签出签入流程。
2025-07-28 07:25:53,175 - INFO - 今天是星期0
2025-07-28 07:25:53,175 - INFO - 检查签出按钮状态
2025-07-28 07:25:53,251 - INFO - 签出 按钮已点击。
2025-07-28 07:25:58,331 - INFO - 签出 弹窗关闭按钮已点击。
2025-07-28 07:26:23,341 - INFO - 检查签入按钮状态
2025-07-28 07:26:23,385 - INFO - 检查签出按钮状态以决定是否点击签入按钮
2025-07-28 07:26:23,436 - INFO - 签入 按钮已点击。
2025-07-28 07:26:28,513 - INFO - 签入 弹窗关闭按钮已点击。
2025-07-28 11:30:20,290 - INFO - 打开网址: https://myoa.omenow.com/Schedule/MySchedule/
2025-07-28 11:30:27,135 - INFO - 输入用户名和密码
2025-07-28 11:30:27,250 - INFO - 点击登录按钮
2025-07-28 11:30:52,698 - INFO - 未找到弹窗或弹窗已经关闭
2025-07-28 11:30:52,698 - INFO - ---------------------------------------------------
2025-07-28 11:30:52,698 - INFO - 今天是工作日，执行签出签入流程。
2025-07-28 11:30:52,698 - INFO - 今天是星期0
2025-07-28 11:30:52,698 - INFO - 检查签出按钮状态
2025-07-28 11:30:52,775 - INFO - 签出 按钮已点击。
2025-07-28 11:30:57,854 - INFO - 签出 弹窗关闭按钮已点击。
2025-07-28 11:31:22,863 - INFO - 检查签入按钮状态
2025-07-28 11:31:22,880 - INFO - 检查签出按钮状态以决定是否点击签入按钮
2025-07-28 11:31:22,947 - INFO - 签入 按钮已点击。
2025-07-28 11:31:28,013 - INFO - 签入 弹窗关闭按钮已点击。
2025-07-29 07:25:20,526 - INFO - 打开网址: https://myoa.omenow.com/Schedule/MySchedule/
2025-07-29 07:25:21,957 - INFO - 输入用户名和密码
2025-07-29 07:25:22,078 - INFO - 点击登录按钮
2025-07-29 07:25:47,302 - INFO - 未找到弹窗或弹窗已经关闭
2025-07-29 07:25:47,306 - INFO - ---------------------------------------------------
2025-07-29 07:25:47,306 - INFO - 今天是工作日，执行签出签入流程。
2025-07-29 07:25:47,306 - INFO - 今天是星期1
2025-07-29 07:25:47,306 - INFO - 检查签出按钮状态
2025-07-29 07:25:47,386 - INFO - 签出 按钮已点击。
2025-07-29 07:25:52,471 - INFO - 签出 弹窗关闭按钮已点击。
2025-07-29 07:26:17,478 - INFO - 检查签入按钮状态
2025-07-29 07:26:17,503 - INFO - 检查签出按钮状态以决定是否点击签入按钮
2025-07-29 07:26:17,563 - INFO - 签入 按钮已点击。
2025-07-29 07:26:22,634 - INFO - 签入 弹窗关闭按钮已点击。
2025-07-29 11:30:20,184 - INFO - 打开网址: https://myoa.omenow.com/Schedule/MySchedule/
2025-07-29 11:30:29,343 - INFO - 输入用户名和密码
2025-07-29 11:30:29,482 - INFO - 点击登录按钮
2025-07-29 11:30:54,973 - INFO - 未找到弹窗或弹窗已经关闭
2025-07-29 11:30:54,975 - INFO - ---------------------------------------------------
2025-07-29 11:30:54,975 - INFO - 今天是工作日，执行签出签入流程。
2025-07-29 11:30:54,975 - INFO - 今天是星期1
2025-07-29 11:30:54,975 - INFO - 检查签出按钮状态
2025-07-29 11:30:55,053 - INFO - 签出 按钮已点击。
2025-07-29 11:31:00,135 - INFO - 签出 弹窗关闭按钮已点击。
2025-07-29 11:31:25,145 - INFO - 检查签入按钮状态
2025-07-29 11:31:25,178 - INFO - 检查签出按钮状态以决定是否点击签入按钮
2025-07-29 11:31:25,233 - INFO - 签入 按钮已点击。
2025-07-29 11:31:30,309 - INFO - 签入 弹窗关闭按钮已点击。
2025-07-30 07:25:20,409 - INFO - 打开网址: https://myoa.omenow.com/Schedule/MySchedule/
2025-07-30 07:25:36,055 - INFO - 输入用户名和密码
2025-07-30 07:25:36,193 - INFO - 点击登录按钮
2025-07-30 07:26:01,869 - INFO - 未找到弹窗或弹窗已经关闭
2025-07-30 07:26:01,873 - INFO - ---------------------------------------------------
2025-07-30 07:26:01,873 - INFO - 今天是工作日，执行签出签入流程。
2025-07-30 07:26:01,873 - INFO - 今天是星期2
2025-07-30 07:26:01,873 - INFO - 检查签出按钮状态
2025-07-30 07:26:01,948 - INFO - 签出 按钮已点击。
2025-07-30 07:26:07,035 - INFO - 签出 弹窗关闭按钮已点击。
2025-07-30 07:26:32,055 - INFO - 检查签入按钮状态
2025-07-30 07:26:32,093 - INFO - 检查签出按钮状态以决定是否点击签入按钮
2025-07-30 07:26:32,156 - INFO - 签入 按钮已点击。
2025-07-30 07:26:37,242 - INFO - 签入 弹窗关闭按钮已点击。
2025-07-30 11:30:21,767 - INFO - 打开网址: https://myoa.omenow.com/Schedule/MySchedule/
2025-07-30 11:30:44,709 - INFO - 输入用户名和密码
2025-07-30 11:30:44,845 - INFO - 点击登录按钮
2025-07-30 11:31:10,804 - INFO - 未找到弹窗或弹窗已经关闭
2025-07-30 11:31:10,806 - INFO - ---------------------------------------------------
2025-07-30 11:31:10,807 - INFO - 今天是工作日，执行签出签入流程。
2025-07-30 11:31:10,807 - INFO - 今天是星期2
2025-07-30 11:31:10,807 - INFO - 检查签出按钮状态
2025-07-30 11:31:10,884 - INFO - 签出 按钮已点击。
2025-07-30 11:31:15,968 - INFO - 签出 弹窗关闭按钮已点击。
2025-07-30 11:31:40,974 - INFO - 检查签入按钮状态
2025-07-30 11:31:40,997 - INFO - 检查签出按钮状态以决定是否点击签入按钮
2025-07-30 11:31:41,052 - INFO - 签入 按钮已点击。
2025-07-30 11:31:46,111 - INFO - 签入 弹窗关闭按钮已点击。
2025-07-31 07:25:20,308 - INFO - 打开网址: https://myoa.omenow.com/Schedule/MySchedule/
2025-07-31 07:25:37,560 - INFO - 输入用户名和密码
2025-07-31 07:25:37,689 - INFO - 点击登录按钮
2025-07-31 07:26:02,879 - INFO - 未找到弹窗或弹窗已经关闭
2025-07-31 07:26:02,880 - INFO - ---------------------------------------------------
2025-07-31 07:26:02,880 - INFO - 今天是工作日，执行签出签入流程。
2025-07-31 07:26:02,880 - INFO - 今天是星期3
2025-07-31 07:26:02,880 - INFO - 检查签出按钮状态
2025-07-31 07:26:02,955 - INFO - 签出 按钮已点击。
2025-07-31 07:26:08,034 - INFO - 签出 弹窗关闭按钮已点击。
2025-07-31 07:26:33,044 - INFO - 检查签入按钮状态
2025-07-31 07:26:33,076 - INFO - 检查签出按钮状态以决定是否点击签入按钮
2025-07-31 07:26:33,140 - INFO - 签入 按钮已点击。
2025-07-31 07:26:38,216 - INFO - 签入 弹窗关闭按钮已点击。
2025-07-31 11:30:19,650 - INFO - 打开网址: https://myoa.omenow.com/Schedule/MySchedule/
2025-07-31 11:30:25,465 - INFO - 输入用户名和密码
2025-07-31 11:30:25,587 - INFO - 点击登录按钮
2025-07-31 11:30:50,960 - INFO - 未找到弹窗或弹窗已经关闭
2025-07-31 11:30:50,962 - INFO - ---------------------------------------------------
2025-07-31 11:30:50,962 - INFO - 今天是工作日，执行签出签入流程。
2025-07-31 11:30:50,962 - INFO - 今天是星期3
2025-07-31 11:30:50,962 - INFO - 检查签出按钮状态
2025-07-31 11:30:51,042 - INFO - 签出 按钮已点击。
2025-07-31 11:30:56,120 - INFO - 签出 弹窗关闭按钮已点击。
2025-07-31 11:31:21,127 - INFO - 检查签入按钮状态
2025-07-31 11:31:21,142 - INFO - 检查签出按钮状态以决定是否点击签入按钮
2025-07-31 11:31:21,202 - INFO - 签入 按钮已点击。
2025-07-31 11:31:26,273 - INFO - 签入 弹窗关闭按钮已点击。
2025-08-01 07:25:24,729 - INFO - 打开网址: https://myoa.omenow.com/Schedule/MySchedule/
2025-08-01 07:25:30,057 - INFO - 输入用户名和密码
2025-08-01 07:25:30,156 - INFO - 点击登录按钮
2025-08-01 07:25:55,844 - INFO - 未找到弹窗或弹窗已经关闭
2025-08-01 07:25:55,845 - INFO - ---------------------------------------------------
2025-08-01 07:25:55,845 - INFO - 今天是工作日，执行签出签入流程。
2025-08-01 07:25:55,845 - INFO - 今天是星期4
2025-08-01 07:25:55,845 - INFO - 检查签出按钮状态
2025-08-01 07:25:55,910 - INFO - 签出 按钮已点击。
2025-08-01 07:26:00,993 - INFO - 签出 弹窗关闭按钮已点击。
2025-08-01 07:26:26,002 - INFO - 检查签入按钮状态
2025-08-01 07:26:26,027 - INFO - 检查签出按钮状态以决定是否点击签入按钮
2025-08-01 07:26:26,091 - INFO - 签入 按钮已点击。
2025-08-01 07:26:31,156 - INFO - 签入 弹窗关闭按钮已点击。
2025-08-01 11:30:23,376 - INFO - 打开网址: https://myoa.omenow.com/Schedule/MySchedule/
2025-08-01 11:30:35,517 - INFO - 输入用户名和密码
2025-08-01 11:30:41,726 - INFO - 点击登录按钮
2025-08-01 11:31:07,185 - INFO - 未找到弹窗或弹窗已经关闭
2025-08-01 11:31:07,186 - INFO - ---------------------------------------------------
2025-08-01 11:31:07,186 - INFO - 今天是工作日，执行签出签入流程。
2025-08-01 11:31:07,186 - INFO - 今天是星期4
2025-08-01 11:31:07,186 - INFO - 检查签出按钮状态
2025-08-01 11:31:07,281 - INFO - 签出 按钮已点击。
2025-08-01 11:31:12,370 - INFO - 签出 弹窗关闭按钮已点击。
2025-08-01 11:31:37,378 - INFO - 检查签入按钮状态
2025-08-01 11:31:37,411 - INFO - 检查签出按钮状态以决定是否点击签入按钮
2025-08-01 11:31:37,483 - INFO - 签入 按钮已点击。
2025-08-01 11:31:42,616 - INFO - 签入 弹窗关闭按钮已点击。
2025-08-01 11:33:17,518 - ERROR - Service process refused to terminate gracefully with SIGTERM, escalating to SIGKILL.
Traceback (most recent call last):
  File "/opt/anaconda3/envs/oa/lib/python3.10/site-packages/selenium/webdriver/common/service.py", line 172, in _terminate_process
    self.process.wait(60)
  File "/opt/anaconda3/envs/oa/lib/python3.10/subprocess.py", line 1209, in wait
    return self._wait(timeout=timeout)
  File "/opt/anaconda3/envs/oa/lib/python3.10/subprocess.py", line 1951, in _wait
    raise TimeoutExpired(self.args, timeout)
subprocess.TimeoutExpired: Command '['/usr/local/bin/chromedriver', '--port=51759']' timed out after 60 seconds
2025-08-02 05:50:22,150 - INFO - 打开网址: https://myoa.omenow.com/Schedule/MySchedule/
2025-08-02 05:50:23,654 - INFO - 输入用户名和密码
2025-08-02 05:50:23,810 - INFO - 点击登录按钮
2025-08-02 05:50:49,147 - INFO - 未找到弹窗或弹窗已经关闭
2025-08-02 05:50:49,150 - INFO - ---------------周六移动办公签入---------------------
2025-08-02 05:50:49,253 - INFO - 周六移动办公签入 按钮已点击。
2025-08-02 05:50:54,393 - INFO - 周六移动办公签入 弹窗关闭按钮已点击。
2025-08-04 07:25:19,466 - INFO - 打开网址: https://myoa.omenow.com/Schedule/MySchedule/
2025-08-04 07:25:34,706 - INFO - 输入用户名和密码
2025-08-04 07:25:34,813 - INFO - 点击登录按钮
2025-08-04 07:26:00,042 - INFO - 未找到弹窗或弹窗已经关闭
2025-08-04 07:26:00,044 - INFO - ---------------------------------------------------
2025-08-04 07:26:00,044 - INFO - 今天是工作日，执行签出签入流程。
2025-08-04 07:26:00,044 - INFO - 今天是星期0
2025-08-04 07:26:00,044 - INFO - 检查签出按钮状态
2025-08-04 07:26:00,133 - INFO - 签出 按钮已点击。
2025-08-04 07:26:05,206 - INFO - 签出 弹窗关闭按钮已点击。
2025-08-04 07:26:30,214 - INFO - 检查签入按钮状态
2025-08-04 07:26:30,254 - INFO - 检查签出按钮状态以决定是否点击签入按钮
2025-08-04 07:26:30,317 - INFO - 签入 按钮已点击。
2025-08-04 07:26:35,387 - INFO - 签入 弹窗关闭按钮已点击。
2025-08-04 11:30:19,681 - INFO - 打开网址: https://myoa.omenow.com/Schedule/MySchedule/
2025-08-04 11:30:19,911 - INFO - 输入用户名和密码
2025-08-04 11:30:23,032 - INFO - 点击登录按钮
2025-08-04 11:30:48,427 - INFO - 未找到弹窗或弹窗已经关闭
2025-08-04 11:30:48,429 - INFO - ---------------------------------------------------
2025-08-04 11:30:48,429 - INFO - 今天是工作日，执行签出签入流程。
2025-08-04 11:30:48,429 - INFO - 今天是星期0
2025-08-04 11:30:48,429 - INFO - 检查签出按钮状态
2025-08-04 11:30:48,505 - INFO - 签出 按钮已点击。
2025-08-04 11:30:53,596 - INFO - 签出 弹窗关闭按钮已点击。
2025-08-04 11:31:18,611 - INFO - 检查签入按钮状态
2025-08-04 11:31:18,635 - INFO - 检查签出按钮状态以决定是否点击签入按钮
2025-08-04 11:31:18,704 - INFO - 签入 按钮已点击。
2025-08-04 11:31:23,787 - INFO - 签入 弹窗关闭按钮已点击。
2025-08-05 07:25:19,060 - INFO - 打开网址: https://myoa.omenow.com/Schedule/MySchedule/
2025-08-05 07:25:22,161 - INFO - 输入用户名和密码
2025-08-05 07:25:25,282 - INFO - 点击登录按钮
2025-08-05 07:25:50,521 - INFO - 未找到弹窗或弹窗已经关闭
2025-08-05 07:25:50,523 - INFO - ---------------------------------------------------
2025-08-05 07:25:50,523 - INFO - 今天是工作日，执行签出签入流程。
2025-08-05 07:25:50,523 - INFO - 今天是星期1
2025-08-05 07:25:50,523 - INFO - 检查签出按钮状态
2025-08-05 07:25:50,602 - INFO - 签出 按钮已点击。
2025-08-05 07:25:55,685 - INFO - 签出 弹窗关闭按钮已点击。
2025-08-05 07:26:20,693 - INFO - 检查签入按钮状态
2025-08-05 07:26:20,724 - INFO - 检查签出按钮状态以决定是否点击签入按钮
2025-08-05 07:26:20,793 - INFO - 签入 按钮已点击。
2025-08-05 07:26:25,866 - INFO - 签入 弹窗关闭按钮已点击。
2025-08-05 07:28:26,946 - ERROR - Service process refused to terminate gracefully with SIGTERM, escalating to SIGKILL.
Traceback (most recent call last):
  File "/opt/anaconda3/envs/oa/lib/python3.10/site-packages/selenium/webdriver/common/service.py", line 172, in _terminate_process
    self.process.wait(60)
  File "/opt/anaconda3/envs/oa/lib/python3.10/subprocess.py", line 1209, in wait
    return self._wait(timeout=timeout)
  File "/opt/anaconda3/envs/oa/lib/python3.10/subprocess.py", line 1951, in _wait
    raise TimeoutExpired(self.args, timeout)
subprocess.TimeoutExpired: Command '['/usr/local/bin/chromedriver', '--port=58773']' timed out after 60 seconds
2025-08-05 11:30:19,571 - INFO - 打开网址: https://myoa.omenow.com/Schedule/MySchedule/
2025-08-05 11:30:31,323 - INFO - 输入用户名和密码
2025-08-05 11:30:31,443 - INFO - 点击登录按钮
2025-08-05 11:30:56,656 - INFO - 未找到弹窗或弹窗已经关闭
2025-08-05 11:30:56,659 - INFO - ---------------------------------------------------
2025-08-05 11:30:56,659 - INFO - 今天是工作日，执行签出签入流程。
2025-08-05 11:30:56,659 - INFO - 今天是星期1
2025-08-05 11:30:56,659 - INFO - 检查签出按钮状态
2025-08-05 11:30:56,732 - INFO - 签出 按钮已点击。
2025-08-05 11:31:01,803 - INFO - 签出 弹窗关闭按钮已点击。
2025-08-05 11:31:26,813 - INFO - 检查签入按钮状态
2025-08-05 11:31:26,851 - INFO - 检查签出按钮状态以决定是否点击签入按钮
2025-08-05 11:31:26,907 - INFO - 签入 按钮已点击。
2025-08-05 11:31:31,976 - INFO - 签入 弹窗关闭按钮已点击。
2025-08-06 07:25:19,144 - INFO - 打开网址: https://myoa.omenow.com/Schedule/MySchedule/
2025-08-06 07:25:39,131 - INFO - 输入用户名和密码
2025-08-06 07:25:39,232 - INFO - 点击登录按钮
2025-08-06 07:26:04,739 - INFO - 未找到弹窗或弹窗已经关闭
2025-08-06 07:26:04,739 - INFO - ---------------------------------------------------
2025-08-06 07:26:04,740 - INFO - 今天是工作日，执行签出签入流程。
2025-08-06 07:26:04,740 - INFO - 今天是星期2
2025-08-06 07:26:04,742 - INFO - 检查签出按钮状态
2025-08-06 07:26:04,812 - INFO - 签出 按钮已点击。
2025-08-06 07:26:09,878 - INFO - 签出 弹窗关闭按钮已点击。
2025-08-06 07:26:34,888 - INFO - 检查签入按钮状态
2025-08-06 07:26:34,919 - INFO - 检查签出按钮状态以决定是否点击签入按钮
2025-08-06 07:26:34,983 - INFO - 签入 按钮已点击。
2025-08-06 07:26:40,062 - INFO - 签入 弹窗关闭按钮已点击。
2025-08-06 11:30:19,122 - INFO - 打开网址: https://myoa.omenow.com/Schedule/MySchedule/
2025-08-06 11:32:16,959 - INFO - 输入用户名和密码
2025-08-06 11:32:17,059 - INFO - 点击登录按钮
2025-08-06 11:33:48,441 - INFO - 未找到弹窗或弹窗已经关闭
2025-08-06 11:33:48,444 - INFO - ---------------------------------------------------
2025-08-06 11:33:48,445 - INFO - 今天是工作日，执行签出签入流程。
2025-08-06 11:33:48,446 - INFO - 今天是星期2
2025-08-06 11:33:48,446 - INFO - 检查签出按钮状态
2025-08-06 11:33:48,515 - INFO - 签出 按钮已点击。
2025-08-06 11:33:58,752 - INFO - 签出 弹窗关闭按钮已点击。
2025-08-06 11:34:23,762 - INFO - 检查签入按钮状态
2025-08-06 11:34:23,795 - INFO - 检查签出按钮状态以决定是否点击签入按钮
2025-08-06 11:34:23,852 - INFO - 签入 按钮已点击。
2025-08-06 11:34:28,926 - INFO - 签入 弹窗关闭按钮已点击。
2025-08-07 07:25:20,848 - INFO - 打开网址: https://myoa.omenow.com/Schedule/MySchedule/
2025-08-07 07:25:37,431 - INFO - 输入用户名和密码
2025-08-07 07:25:37,548 - INFO - 点击登录按钮
2025-08-07 07:26:02,830 - INFO - 未找到弹窗或弹窗已经关闭
2025-08-07 07:26:02,832 - INFO - ---------------------------------------------------
2025-08-07 07:26:02,832 - INFO - 今天是工作日，执行签出签入流程。
2025-08-07 07:26:02,832 - INFO - 今天是星期3
2025-08-07 07:26:02,832 - INFO - 检查签出按钮状态
2025-08-07 07:26:02,906 - INFO - 签出 按钮已点击。
2025-08-07 07:26:07,989 - INFO - 签出 弹窗关闭按钮已点击。
2025-08-07 07:26:33,007 - INFO - 检查签入按钮状态
2025-08-07 07:26:33,058 - INFO - 检查签出按钮状态以决定是否点击签入按钮
2025-08-07 07:26:33,107 - INFO - 签入 按钮已点击。
2025-08-07 07:26:38,179 - INFO - 签入 弹窗关闭按钮已点击。
2025-08-07 11:30:20,080 - INFO - 打开网址: https://myoa.omenow.com/Schedule/MySchedule/
2025-08-07 11:30:32,056 - INFO - 输入用户名和密码
2025-08-07 11:30:33,467 - INFO - 点击登录按钮
2025-08-07 11:31:01,017 - INFO - 未找到弹窗或弹窗已经关闭
2025-08-07 11:31:01,026 - INFO - ---------------------------------------------------
2025-08-07 11:31:01,029 - INFO - 今天是工作日，执行签出签入流程。
2025-08-07 11:31:01,029 - INFO - 今天是星期3
2025-08-07 11:31:01,029 - INFO - 检查签出按钮状态
2025-08-07 11:31:01,100 - INFO - 签出 按钮已点击。
2025-08-07 11:31:06,181 - INFO - 签出 弹窗关闭按钮已点击。
2025-08-07 11:31:31,208 - INFO - 检查签入按钮状态
2025-08-07 11:31:31,226 - INFO - 检查签出按钮状态以决定是否点击签入按钮
2025-08-07 11:31:31,289 - INFO - 签入 按钮已点击。
2025-08-07 11:31:37,421 - INFO - 签入 弹窗关闭按钮已点击。
2025-08-08 07:25:20,073 - INFO - 打开网址: https://myoa.omenow.com/Schedule/MySchedule/
2025-08-08 07:25:24,032 - INFO - 输入用户名和密码
2025-08-08 07:25:24,163 - INFO - 点击登录按钮
2025-08-08 07:25:49,591 - INFO - 未找到弹窗或弹窗已经关闭
2025-08-08 07:25:49,592 - INFO - ---------------------------------------------------
2025-08-08 07:25:49,592 - INFO - 今天是工作日，执行签出签入流程。
2025-08-08 07:25:49,592 - INFO - 今天是星期4
2025-08-08 07:25:49,592 - INFO - 检查签出按钮状态
2025-08-08 07:25:49,663 - INFO - 签出 按钮已点击。
2025-08-08 07:25:54,756 - INFO - 签出 弹窗关闭按钮已点击。
2025-08-08 07:26:19,766 - INFO - 检查签入按钮状态
2025-08-08 07:26:19,808 - INFO - 检查签出按钮状态以决定是否点击签入按钮
2025-08-08 07:26:19,855 - INFO - 签入 按钮已点击。
2025-08-08 07:26:24,932 - INFO - 签入 弹窗关闭按钮已点击。
2025-08-08 11:30:21,091 - INFO - 打开网址: https://myoa.omenow.com/Schedule/MySchedule/
2025-08-08 11:30:24,825 - INFO - 输入用户名和密码
2025-08-08 11:30:24,905 - INFO - 点击登录按钮
2025-08-08 11:30:52,576 - INFO - 未找到弹窗或弹窗已经关闭
2025-08-08 11:30:52,579 - INFO - ---------------------------------------------------
2025-08-08 11:30:52,586 - INFO - 今天是工作日，执行签出签入流程。
2025-08-08 11:30:52,586 - INFO - 今天是星期4
2025-08-08 11:30:52,586 - INFO - 检查签出按钮状态
2025-08-08 11:30:52,652 - INFO - 签出 按钮已点击。
2025-08-08 11:30:57,725 - INFO - 签出 弹窗关闭按钮已点击。
2025-08-08 11:31:22,727 - INFO - 检查签入按钮状态
2025-08-08 11:31:22,761 - INFO - 检查签出按钮状态以决定是否点击签入按钮
2025-08-08 11:31:22,828 - INFO - 签入 按钮已点击。
2025-08-08 11:31:27,905 - INFO - 签入 弹窗关闭按钮已点击。
2025-08-08 11:32:55,334 - ERROR - Service process refused to terminate gracefully with SIGTERM, escalating to SIGKILL.
Traceback (most recent call last):
  File "/opt/anaconda3/envs/oa/lib/python3.10/site-packages/selenium/webdriver/common/service.py", line 172, in _terminate_process
    self.process.wait(60)
  File "/opt/anaconda3/envs/oa/lib/python3.10/subprocess.py", line 1209, in wait
    return self._wait(timeout=timeout)
  File "/opt/anaconda3/envs/oa/lib/python3.10/subprocess.py", line 1951, in _wait
    raise TimeoutExpired(self.args, timeout)
subprocess.TimeoutExpired: Command '['/usr/local/bin/chromedriver', '--port=51244']' timed out after 60 seconds
2025-08-09 05:50:19,477 - INFO - 打开网址: https://myoa.omenow.com/Schedule/MySchedule/
2025-08-09 05:50:20,677 - INFO - 输入用户名和密码
2025-08-09 05:50:20,780 - INFO - 点击登录按钮
2025-08-09 05:50:46,074 - INFO - 未找到弹窗或弹窗已经关闭
2025-08-09 05:50:46,076 - INFO - ---------------周六移动办公签入---------------------
2025-08-09 05:50:46,186 - INFO - 周六移动办公签入 按钮已点击。
2025-08-09 05:50:51,272 - INFO - 周六移动办公签入 弹窗关闭按钮已点击。
2025-08-09 13:31:19,641 - INFO - 打开网址: https://myoa.omenow.com/Schedule/MySchedule/
2025-08-09 13:31:20,968 - INFO - 输入用户名和密码
2025-08-09 13:31:21,082 - INFO - 点击登录按钮
2025-08-09 13:31:46,403 - INFO - 未找到弹窗或弹窗已经关闭
2025-08-09 13:31:46,405 - INFO - ---------------周六移动办公签出---------------------
2025-08-09 13:31:46,516 - INFO - 周六移动办公签出 按钮已点击。
2025-08-09 13:31:51,600 - INFO - 周六移动办公签出 弹窗关闭按钮已点击。
2025-08-11 07:25:18,522 - INFO - 打开网址: https://myoa.omenow.com/Schedule/MySchedule/
2025-08-11 07:26:06,682 - INFO - 输入用户名和密码
2025-08-11 07:26:06,776 - INFO - 点击登录按钮
2025-08-11 07:27:17,994 - INFO - 未找到弹窗或弹窗已经关闭
2025-08-11 07:27:17,997 - INFO - ---------------------------------------------------
2025-08-11 07:27:17,998 - INFO - 今天是工作日，执行签出签入流程。
2025-08-11 07:27:17,998 - INFO - 今天是星期0
2025-08-11 07:27:17,998 - INFO - 检查签出按钮状态
2025-08-11 07:27:18,087 - INFO - 签出 按钮已点击。
2025-08-11 07:27:23,169 - INFO - 签出 弹窗关闭按钮已点击。
2025-08-11 07:27:48,183 - INFO - 检查签入按钮状态
2025-08-11 07:27:48,211 - INFO - 检查签出按钮状态以决定是否点击签入按钮
2025-08-11 07:27:48,277 - INFO - 签入 按钮已点击。
2025-08-11 07:27:53,352 - INFO - 签入 弹窗关闭按钮已点击。
2025-08-11 11:30:18,546 - INFO - 打开网址: https://myoa.omenow.com/Schedule/MySchedule/
2025-08-11 11:30:57,307 - INFO - 输入用户名和密码
2025-08-11 11:30:57,400 - INFO - 点击登录按钮
2025-08-11 11:31:40,164 - INFO - 未找到弹窗或弹窗已经关闭
2025-08-11 11:31:40,166 - INFO - ---------------------------------------------------
2025-08-11 11:31:40,166 - INFO - 今天是工作日，执行签出签入流程。
2025-08-11 11:31:40,166 - INFO - 今天是星期0
2025-08-11 11:31:40,166 - INFO - 检查签出按钮状态
2025-08-11 11:31:40,233 - INFO - 签出 按钮已点击。
2025-08-11 11:31:45,298 - INFO - 签出 弹窗关闭按钮已点击。
2025-08-11 11:32:10,309 - INFO - 检查签入按钮状态
2025-08-11 11:32:10,337 - INFO - 检查签出按钮状态以决定是否点击签入按钮
2025-08-11 11:32:10,402 - INFO - 签入 按钮已点击。
2025-08-11 11:32:15,479 - INFO - 签入 弹窗关闭按钮已点击。
